"../../../Engine/Plugins/2D/Paper2D/Content/PlaceholderTextures/DummySpriteTexture.ubulk" 0
"../../../Engine/Plugins/2D/Paper2D/Content/PlaceholderTextures/DummySpriteTexture.uasset" 1
"../../../Engine/Plugins/2D/Paper2D/Content/PlaceholderTextures/DummySpriteTexture.uexp" 2
"../../../Engine/Plugins/2D/Paper2D/Content/DummySprite.uasset" 3
"../../../Engine/Plugins/2D/Paper2D/Content/DummySprite.uexp" 4
"../../../Engine/Plugins/2D/Paper2D/Content/DefaultPaperTerrainMaterial.uasset" 5
"../../../Engine/Plugins/2D/Paper2D/Content/DefaultPaperTerrainMaterial.uexp" 6
"../../../Engine/Content/Animation/DefaultRecorderBoneCompression.uasset" 7
"../../../Engine/Content/Animation/DefaultRecorderBoneCompression.uexp" 8
"../../../Engine/Plugins/Animation/ControlRig/Content/Controls/DefaultGizmoLibraryNormalized.uasset" 9
"../../../Engine/Plugins/Animation/ControlRig/Content/Controls/DefaultGizmoLibraryNormalized.uexp" 10
"../../../Engine/Content/EngineSounds/Master.uasset" 11
"../../../Engine/Content/EngineSounds/Master.uexp" 12
"../../../Engine/Content/EngineMaterials/DefaultPhysicalMaterial.uasset" 13
"../../../Engine/Content/EngineMaterials/DefaultPhysicalMaterial.uexp" 14
"../../../Engine/Content/EngineMaterials/DefaultDestructiblePhysicalMaterial.uasset" 15
"../../../Engine/Content/EngineMaterials/DefaultDestructiblePhysicalMaterial.uexp" 16
"../../../Engine/Content/EngineFonts/Faces/DroidSansFallback.uexp" 17
"../../../Engine/Content/EngineFonts/Faces/DroidSansFallback.uasset" 18
"../../../Engine/Content/EngineFonts/Faces/DroidSansFallback.ufont" 19
"../../../Engine/Content/EngineFonts/Faces/RobotoRegular.uexp" 20
"../../../Engine/Content/EngineFonts/Faces/RobotoRegular.uasset" 21
"../../../Engine/Content/EngineFonts/Faces/RobotoRegular.ufont" 22
"../../../Engine/Content/EngineFonts/Faces/RobotoLight.uexp" 23
"../../../Engine/Content/EngineFonts/Faces/RobotoLight.uasset" 24
"../../../Engine/Content/EngineFonts/Faces/RobotoLight.ufont" 25
"../../../Engine/Content/EngineFonts/Faces/RobotoItalic.uexp" 26
"../../../Engine/Content/EngineFonts/Faces/RobotoItalic.uasset" 27
"../../../Engine/Content/EngineFonts/Faces/RobotoItalic.ufont" 28
"../../../Engine/Content/EngineFonts/Faces/RobotoBoldItalic.uexp" 29
"../../../Engine/Content/EngineFonts/Faces/RobotoBoldItalic.uasset" 30
"../../../Engine/Content/EngineFonts/Faces/RobotoBoldItalic.ufont" 31
"../../../Engine/Content/EngineFonts/Faces/RobotoBold.uexp" 32
"../../../Engine/Content/EngineFonts/Faces/RobotoBold.uasset" 33
"../../../Engine/Content/EngineFonts/Faces/RobotoBold.ufont" 34
"../../../Engine/Content/EngineFonts/Roboto.uasset" 35
"../../../Engine/Content/EngineFonts/Roboto.uexp" 36
"../../../Engine/Content/EngineFonts/Faces/DroidSansMono.uexp" 37
"../../../Engine/Content/EngineFonts/Faces/DroidSansMono.uasset" 38
"../../../Engine/Content/EngineFonts/Faces/DroidSansMono.ufont" 39
"../../../Engine/Content/EngineFonts/DroidSansMono.uasset" 40
"../../../Engine/Content/EngineFonts/DroidSansMono.uexp" 41
"../../../Engine/Plugins/Interchange/Runtime/Content/Pipelines/DefaultTexturePipeline.uasset" 42
"../../../Engine/Plugins/Interchange/Runtime/Content/Pipelines/DefaultTexturePipeline.uexp" 43
"../../../Engine/Plugins/Interchange/Runtime/Content/Pipelines/DefaultSceneLevelPipeline.uasset" 44
"../../../Engine/Plugins/Interchange/Runtime/Content/Pipelines/DefaultSceneLevelPipeline.uexp" 45
"../../../Engine/Plugins/Interchange/Runtime/Content/Pipelines/DefaultSceneAssetsPipeline.uasset" 46
"../../../Engine/Plugins/Interchange/Runtime/Content/Pipelines/DefaultSceneAssetsPipeline.uexp" 47
"../../../Engine/Plugins/Interchange/Runtime/Content/Pipelines/DefaultMaterialXPipeline.uasset" 48
"../../../Engine/Plugins/Interchange/Runtime/Content/Pipelines/DefaultMaterialXPipeline.uexp" 49
"../../../Engine/Plugins/Interchange/Runtime/Content/Pipelines/DefaultMaterialPipeline.uasset" 50
"../../../Engine/Plugins/Interchange/Runtime/Content/Pipelines/DefaultMaterialPipeline.uexp" 51
"../../../Engine/Plugins/Interchange/Runtime/Content/Pipelines/DefaultGLTFSceneAssetsPipeline.uasset" 52
"../../../Engine/Plugins/Interchange/Runtime/Content/Pipelines/DefaultGLTFSceneAssetsPipeline.uexp" 53
"../../../Engine/Plugins/Interchange/Runtime/Content/Pipelines/DefaultGLTFPipeline.uasset" 54
"../../../Engine/Plugins/Interchange/Runtime/Content/Pipelines/DefaultGLTFPipeline.uexp" 55
"../../../Engine/Plugins/Interchange/Runtime/Content/Pipelines/DefaultGLTFAssetsPipeline.uasset" 56
"../../../Engine/Plugins/Interchange/Runtime/Content/Pipelines/DefaultGLTFAssetsPipeline.uexp" 57
"../../../Engine/Plugins/Interchange/Runtime/Content/Pipelines/DefaultAssetsPipeline.uasset" 58
"../../../Engine/Plugins/Interchange/Runtime/Content/Pipelines/DefaultAssetsPipeline.uexp" 59
"../../../Engine/Content/EngineResources/GradientTexture0.uasset" 60
"../../../Engine/Content/EngineResources/GradientTexture0.uexp" 61
"../../../Engine/Content/EngineResources/Black.uasset" 62
"../../../Engine/Content/EngineResources/Black.uexp" 63
"../../../Engine/Content/EditorResources/S_Actor.ubulk" 64
"../../../Engine/Content/EditorResources/S_Actor.uasset" 65
"../../../Engine/Content/EditorResources/S_Actor.uexp" 66
"C:/Documents/Unreal Projects/HackAndSlash/goyslop/Content/Text9.uasset" 67
"C:/Documents/Unreal Projects/HackAndSlash/goyslop/Content/Text9.uexp" 68
"C:/Documents/Unreal Projects/HackAndSlash/goyslop/Content/Text8.uasset" 69
"C:/Documents/Unreal Projects/HackAndSlash/goyslop/Content/Text8.uexp" 70
"C:/Documents/Unreal Projects/HackAndSlash/goyslop/Content/Text7.uasset" 71
"C:/Documents/Unreal Projects/HackAndSlash/goyslop/Content/Text7.uexp" 72
"C:/Documents/Unreal Projects/HackAndSlash/goyslop/Content/Text6.uasset" 73
"C:/Documents/Unreal Projects/HackAndSlash/goyslop/Content/Text6.uexp" 74
"C:/Documents/Unreal Projects/HackAndSlash/goyslop/Content/Text5.uasset" 75
"C:/Documents/Unreal Projects/HackAndSlash/goyslop/Content/Text5.uexp" 76
"C:/Documents/Unreal Projects/HackAndSlash/goyslop/Content/Text4.uasset" 77
"C:/Documents/Unreal Projects/HackAndSlash/goyslop/Content/Text4.uexp" 78
"C:/Documents/Unreal Projects/HackAndSlash/goyslop/Content/Text3.uasset" 79
"C:/Documents/Unreal Projects/HackAndSlash/goyslop/Content/Text3.uexp" 80
"C:/Documents/Unreal Projects/HackAndSlash/goyslop/Content/Text2.uasset" 81
"C:/Documents/Unreal Projects/HackAndSlash/goyslop/Content/Text2.uexp" 82
"C:/Documents/Unreal Projects/HackAndSlash/goyslop/Content/Text1.uasset" 83
"C:/Documents/Unreal Projects/HackAndSlash/goyslop/Content/Text1.uexp" 84
"C:/Documents/Unreal Projects/HackAndSlash/goyslop/Content/Text.uasset" 85
"C:/Documents/Unreal Projects/HackAndSlash/goyslop/Content/Text.uexp" 86
"../../../Engine/Plugins/NNE/NNEDenoiser/Content/NNEDTOM_Output_Default.uasset" 87
"../../../Engine/Plugins/NNE/NNEDenoiser/Content/NNEDTOM_Output_Default.uexp" 88
"../../../Engine/Plugins/NNE/NNEDenoiser/Content/NNEDTOM_Output_Alpha.uasset" 89
"../../../Engine/Plugins/NNE/NNEDenoiser/Content/NNEDTOM_Output_Alpha.uexp" 90
"../../../Engine/Plugins/NNE/NNEDenoiser/Content/NNEDTIM_ColorAlbedoNormal_Default.uasset" 91
"../../../Engine/Plugins/NNE/NNEDenoiser/Content/NNEDTIM_ColorAlbedoNormal_Default.uexp" 92
"../../../Engine/Plugins/NNE/NNEDenoiser/Content/NNEDTIM_ColorAlbedoNormal_Alpha.uasset" 93
"../../../Engine/Plugins/NNE/NNEDenoiser/Content/NNEDTIM_ColorAlbedoNormal_Alpha.uexp" 94
"../../../Engine/Plugins/NNE/NNEDenoiser/Content/NNEDOM_Output_Default.uasset" 95
"../../../Engine/Plugins/NNE/NNEDenoiser/Content/NNEDOM_Output_Default.uexp" 96
"../../../Engine/Plugins/NNE/NNEDenoiser/Content/NNEDOM_Output_Alpha.uasset" 97
"../../../Engine/Plugins/NNE/NNEDenoiser/Content/NNEDOM_Output_Alpha.uexp" 98
"../../../Engine/Plugins/NNE/NNEDenoiser/Content/NNEDIM_HighQuality_Default.uasset" 99
"../../../Engine/Plugins/NNE/NNEDenoiser/Content/NNEDIM_HighQuality_Default.uexp" 100
"../../../Engine/Plugins/NNE/NNEDenoiser/Content/NNEDIM_HighQuality_Alpha.uasset" 101
"../../../Engine/Plugins/NNE/NNEDenoiser/Content/NNEDIM_HighQuality_Alpha.uexp" 102
"../../../Engine/Plugins/NNE/NNEDenoiser/Content/NNEDIM_ColorAlbedoNormal_Default.uasset" 103
"../../../Engine/Plugins/NNE/NNEDenoiser/Content/NNEDIM_ColorAlbedoNormal_Default.uexp" 104
"../../../Engine/Plugins/NNE/NNEDenoiser/Content/NNEDIM_ColorAlbedoNormal_Alpha.uasset" 105
"../../../Engine/Plugins/NNE/NNEDenoiser/Content/NNEDIM_ColorAlbedoNormal_Alpha.uexp" 106
"../../../Engine/Content/Functions/Engine_MaterialFunctions02/WorldPositionOffset/CameraOffset.uasset" 107
"../../../Engine/Content/Functions/Engine_MaterialFunctions02/WorldPositionOffset/CameraOffset.uexp" 108
"../../../Engine/Plugins/Animation/ControlRig/Content/M_Manip.uasset" 109
"../../../Engine/Plugins/Animation/ControlRig/Content/M_Manip.uexp" 110
"../../../Engine/Content/EditorResources/S_TriggerSphere.uasset" 111
"../../../Engine/Content/EditorResources/S_TriggerSphere.uexp" 112
"../../../Engine/Content/EditorResources/S_TriggerCapsule.uasset" 113
"../../../Engine/Content/EditorResources/S_TriggerCapsule.uexp" 114
"../../../Engine/Content/EditorResources/S_TriggerBox.uasset" 115
"../../../Engine/Content/EditorResources/S_TriggerBox.uexp" 116
"../../../Engine/Content/EditorResources/S_Trigger.ubulk" 117
"../../../Engine/Content/EditorResources/S_Trigger.uasset" 118
"../../../Engine/Content/EditorResources/S_Trigger.uexp" 119
"../../../Engine/Content/EditorResources/S_Terrain.ubulk" 120
"../../../Engine/Content/EditorResources/S_Terrain.uasset" 121
"../../../Engine/Content/EditorResources/S_Terrain.uexp" 122
"../../../Engine/Content/EditorResources/S_Solver.ubulk" 123
"../../../Engine/Content/EditorResources/S_Solver.uasset" 124
"../../../Engine/Content/EditorResources/S_Solver.uexp" 125
"../../../Engine/Content/EditorResources/S_BoxReflectionCapture.uasset" 126
"../../../Engine/Content/EditorResources/S_BoxReflectionCapture.uexp" 127
"../../../Engine/Content/EditorResources/BSPVertex.uasset" 128
"../../../Engine/Content/EditorResources/BSPVertex.uexp" 129
"../../../Engine/Content/EditorMaterials/PreviewShadowIndicator.ubulk" 130
"../../../Engine/Content/EditorMaterials/PreviewShadowIndicator.uasset" 131
"../../../Engine/Content/EditorMaterials/PreviewShadowIndicator.uexp" 132
"../../../Engine/Content/EditorMaterials/PreviewShadowIndicatorMaterial.uasset" 133
"../../../Engine/Content/EditorMaterials/PreviewShadowIndicatorMaterial.uexp" 134
"../../../Engine/Content/EditorMaterials/PhAT_UnselectedMaterial.uasset" 135
"../../../Engine/Content/EditorMaterials/PhAT_UnselectedMaterial.uexp" 136
"../../../Engine/Content/EditorMaterials/PhAT_NoCollisionMaterial.uasset" 137
"../../../Engine/Content/EditorMaterials/PhAT_NoCollisionMaterial.uexp" 138
"../../../Engine/Content/EditorLandscapeResources/WhiteSquareTexture.uasset" 139
"../../../Engine/Content/EditorLandscapeResources/WhiteSquareTexture.uexp" 140
"../../../Engine/Content/EditorLandscapeResources/LayerVisMaterial.uasset" 141
"../../../Engine/Content/EditorLandscapeResources/LayerVisMaterial.uexp" 142
"../../../Engine/Content/Functions/Engine_MaterialFunctions02/Utility/BreakOutFloat2Components.uasset" 143
"../../../Engine/Content/Functions/Engine_MaterialFunctions02/Utility/BreakOutFloat2Components.uexp" 144
"../../../Engine/Content/Functions/Engine_MaterialFunctions01/Texturing/ScaleUVsByCenter.uasset" 145
"../../../Engine/Content/Functions/Engine_MaterialFunctions01/Texturing/ScaleUVsByCenter.uexp" 146
"../../../Engine/Content/Functions/Engine_MaterialFunctions02/WorldPositionOffset/LocalPosition.uasset" 147
"../../../Engine/Content/Functions/Engine_MaterialFunctions02/WorldPositionOffset/LocalPosition.uexp" 148
"../../../Engine/Content/EngineMaterials/DefaultDiffuse.ubulk" 149
"../../../Engine/Content/EngineMaterials/DefaultDiffuse.uasset" 150
"../../../Engine/Content/EngineMaterials/DefaultDiffuse.uexp" 151
"../../../Engine/Content/Functions/Engine_MaterialFunctions01/Texturing/TextureCropping.uasset" 152
"../../../Engine/Content/Functions/Engine_MaterialFunctions01/Texturing/TextureCropping.uexp" 153
"../../../Engine/Content/Functions/Engine_MaterialFunctions02/ExampleContent/DebugNumberStrip.uasset" 154
"../../../Engine/Content/Functions/Engine_MaterialFunctions02/ExampleContent/DebugNumberStrip.uexp" 155
"../../../Engine/Content/Functions/Engine_MaterialFunctions01/Debug/DebugIntValues.uasset" 156
"../../../Engine/Content/Functions/Engine_MaterialFunctions01/Debug/DebugIntValues.uexp" 157
"../../../Engine/Content/EditorLandscapeResources/LandscapeLayerUsageMaterial.uasset" 158
"../../../Engine/Content/EditorLandscapeResources/LandscapeLayerUsageMaterial.uexp" 159
"../../../Engine/Content/EditorLandscapeResources/DefaultAlphaTexture.uasset" 160
"../../../Engine/Content/EditorLandscapeResources/DefaultAlphaTexture.uexp" 161
"../../../Engine/Content/EditorLandscapeResources/LandscapeDirtyMaterial.uasset" 162
"../../../Engine/Content/EditorLandscapeResources/LandscapeDirtyMaterial.uexp" 163
"../../../Engine/Content/BasicShapes/BasicShapeMaterial.uasset" 164
"../../../Engine/Content/BasicShapes/BasicShapeMaterial.uexp" 165
"../../../Engine/Content/Functions/Engine_MaterialFunctions02/Utility/BreakOutFloat3Components.uasset" 166
"../../../Engine/Content/Functions/Engine_MaterialFunctions02/Utility/BreakOutFloat3Components.uexp" 167
"../../../Engine/Content/Functions/Engine_MaterialFunctions02/Utility/VectorLength.uasset" 168
"../../../Engine/Content/Functions/Engine_MaterialFunctions02/Utility/VectorLength.uexp" 169
"../../../Engine/Content/Functions/Engine_MaterialFunctions02/WorldPositionOffset/ObjectScale.uasset" 170
"../../../Engine/Content/Functions/Engine_MaterialFunctions02/WorldPositionOffset/ObjectScale.uexp" 171
"../../../Engine/Content/Functions/Engine_MaterialFunctions02/SafeNormalize.uasset" 172
"../../../Engine/Content/Functions/Engine_MaterialFunctions02/SafeNormalize.uexp" 173
"../../../Engine/Plugins/Editor/SpeedTreeImporter/Content/SpeedTree9/UnpackInteger3.uasset" 174
"../../../Engine/Plugins/Editor/SpeedTreeImporter/Content/SpeedTree9/UnpackInteger3.uexp" 175
"../../../Engine/Plugins/Editor/SpeedTreeImporter/Content/SpeedTree9/UnpackDirection.uasset" 176
"../../../Engine/Plugins/Editor/SpeedTreeImporter/Content/SpeedTree9/UnpackDirection.uexp" 177
"../../../Engine/Plugins/Editor/SpeedTreeImporter/Content/SpeedTree9/game_wind_noise.ubulk" 178
"../../../Engine/Plugins/Editor/SpeedTreeImporter/Content/SpeedTree9/game_wind_noise.uasset" 179
"../../../Engine/Plugins/Editor/SpeedTreeImporter/Content/SpeedTree9/game_wind_noise.uexp" 180
"../../../Engine/Plugins/Editor/SpeedTreeImporter/Content/SpeedTree9/SpeedTreeWindMotion.uasset" 181
"../../../Engine/Plugins/Editor/SpeedTreeImporter/Content/SpeedTree9/SpeedTreeWindMotion.uexp" 182
"../../../Engine/Plugins/Editor/SpeedTreeImporter/Content/SpeedTree9/SpeedTreeBranchMotion.uasset" 183
"../../../Engine/Plugins/Editor/SpeedTreeImporter/Content/SpeedTree9/SpeedTreeBranchMotion.uexp" 184
"../../../Engine/Content/Functions/Engine_MaterialFunctions02/ObjectLocalBounds.uasset" 185
"../../../Engine/Content/Functions/Engine_MaterialFunctions02/ObjectLocalBounds.uexp" 186
"../../../Engine/Content/Functions/Engine_MaterialFunctions02/UVs/BoundingBoxBased_0-1_UVW.uasset" 187
"../../../Engine/Content/Functions/Engine_MaterialFunctions02/UVs/BoundingBoxBased_0-1_UVW.uexp" 188
"../../../Engine/Plugins/Editor/SpeedTreeImporter/Content/SpeedTree9/SpeedTreeWind.uasset" 189
"../../../Engine/Plugins/Editor/SpeedTreeImporter/Content/SpeedTree9/SpeedTreeWind.uexp" 190
"../../../Engine/Plugins/Editor/SpeedTreeImporter/Content/SpeedTree9/SpeedTreeCameraFacing.uasset" 191
"../../../Engine/Plugins/Editor/SpeedTreeImporter/Content/SpeedTree9/SpeedTreeCameraFacing.uexp" 192
"../../../Engine/Plugins/Editor/SpeedTreeImporter/Content/SpeedTree9/EmptyNormal.uasset" 193
"../../../Engine/Plugins/Editor/SpeedTreeImporter/Content/SpeedTree9/EmptyNormal.uexp" 194
"../../../Engine/Plugins/Editor/SpeedTreeImporter/Content/SpeedTree9/Empty.uasset" 195
"../../../Engine/Plugins/Editor/SpeedTreeImporter/Content/SpeedTree9/Empty.uexp" 196
"../../../Engine/Plugins/Editor/SpeedTreeImporter/Content/SpeedTree9/SpeedTreeMaster.uasset" 197
"../../../Engine/Plugins/Editor/SpeedTreeImporter/Content/SpeedTree9/SpeedTreeMaster.uexp" 198
"../../../Engine/Plugins/Editor/SpeedTreeImporter/Content/SpeedTree9/SpeedTreeBillboard.uasset" 199
"../../../Engine/Plugins/Editor/SpeedTreeImporter/Content/SpeedTree9/SpeedTreeBillboard.uexp" 200
"../../../Engine/Plugins/Editor/SpeedTreeImporter/Content/SpeedTree9/SpeedTreeBillboardMaster.uasset" 201
"../../../Engine/Plugins/Editor/SpeedTreeImporter/Content/SpeedTree9/SpeedTreeBillboardMaster.uexp" 202
"../../../Engine/Plugins/Animation/ControlRig/Content/Controls/ControlRigXRayMaterial.uasset" 203
"../../../Engine/Plugins/Animation/ControlRig/Content/Controls/ControlRigXRayMaterial.uexp" 204
"../../../Engine/Plugins/Animation/ControlRig/Content/Controls/ControlRigGizmoMaterial.uasset" 205
"../../../Engine/Plugins/Animation/ControlRig/Content/Controls/ControlRigGizmoMaterial.uexp" 206
"../../../Engine/Content/EngineSky/M_SimpleSkyDome.uasset" 207
"../../../Engine/Content/EngineSky/M_SimpleSkyDome.uexp" 208
"../../../Engine/Content/EngineResources/DefaultTexture.ubulk" 209
"../../../Engine/Content/EngineResources/DefaultTexture.uasset" 210
"../../../Engine/Content/EngineResources/DefaultTexture.uexp" 211
"../../../Engine/Content/EngineMaterials/RemoveSurfaceMaterial.uasset" 212
"../../../Engine/Content/EngineMaterials/RemoveSurfaceMaterial.uexp" 213
"../../../Engine/Content/EngineMaterials/PreintegratedSkinBRDF.uasset" 214
"../../../Engine/Content/EngineMaterials/PreintegratedSkinBRDF.uexp" 215
"../../../Engine/Content/EngineMaterials/DefaultCalibrationGrayscale.uasset" 216
"../../../Engine/Content/EngineMaterials/DefaultCalibrationGrayscale.uexp" 217
"../../../Engine/Content/EngineMaterials/PPM_DefaultCalibrationGrayscale.uasset" 218
"../../../Engine/Content/EngineMaterials/PPM_DefaultCalibrationGrayscale.uexp" 219
"../../../Engine/Content/EngineMaterials/DefaultCalibrationColor.uasset" 220
"../../../Engine/Content/EngineMaterials/DefaultCalibrationColor.uexp" 221
"../../../Engine/Content/EngineMaterials/PPM_DefaultCalibrationColor.uasset" 222
"../../../Engine/Content/EngineMaterials/PPM_DefaultCalibrationColor.uexp" 223
"../../../Engine/Content/EngineMaterials/PhAT_JointLimitMaterial.uasset" 224
"../../../Engine/Content/EngineMaterials/PhAT_JointLimitMaterial.uexp" 225
"../../../Engine/Content/EngineMaterials/NaniteHiddenSectionMaterial.uasset" 226
"../../../Engine/Content/EngineMaterials/NaniteHiddenSectionMaterial.uexp" 227
"../../../Engine/Content/EngineMaterials/InvalidLightmapSettings.ubulk" 228
"../../../Engine/Content/EngineMaterials/InvalidLightmapSettings.uasset" 229
"../../../Engine/Content/EngineMaterials/InvalidLightmapSettings.uexp" 230
"../../../Engine/Content/EngineMaterials/M_InvalidLightmapSettings.uasset" 231
"../../../Engine/Content/EngineMaterials/M_InvalidLightmapSettings.uexp" 232
"../../../Engine/Content/EngineMaterials/MiniFont.uasset" 233
"../../../Engine/Content/EngineMaterials/MiniFont.uexp" 234
"../../../Engine/Content/EngineMaterials/GizmoMaterial.uasset" 235
"../../../Engine/Content/EngineMaterials/GizmoMaterial.uexp" 236
"../../../Engine/Content/EngineMaterials/BaseFlattenDiffuseMap_VT.ubulk" 237
"../../../Engine/Content/EngineMaterials/BaseFlattenDiffuseMap_VT.uasset" 238
"../../../Engine/Content/EngineMaterials/BaseFlattenDiffuseMap_VT.uexp" 239
"../../../Engine/Content/EngineMaterials/BaseFlattenEmissiveMap_VT.ubulk" 240
"../../../Engine/Content/EngineMaterials/BaseFlattenEmissiveMap_VT.uasset" 241
"../../../Engine/Content/EngineMaterials/BaseFlattenEmissiveMap_VT.uexp" 242
"../../../Engine/Content/EngineMaterials/BaseFlattenGrayscaleMap_VT.ubulk" 243
"../../../Engine/Content/EngineMaterials/BaseFlattenGrayscaleMap_VT.uasset" 244
"../../../Engine/Content/EngineMaterials/BaseFlattenGrayscaleMap_VT.uexp" 245
"../../../Engine/Content/EngineMaterials/BaseFlattenLinearColor_VT.ubulk" 246
"../../../Engine/Content/EngineMaterials/BaseFlattenLinearColor_VT.uasset" 247
"../../../Engine/Content/EngineMaterials/BaseFlattenLinearColor_VT.uexp" 248
"../../../Engine/Content/EngineMaterials/BaseFlattenNormalMap_VT.ubulk" 249
"../../../Engine/Content/EngineMaterials/BaseFlattenNormalMap_VT.uasset" 250
"../../../Engine/Content/EngineMaterials/BaseFlattenNormalMap_VT.uexp" 251
"../../../Engine/Content/EngineMaterials/Black_1x1_EXR_Texture_VT.ubulk" 252
"../../../Engine/Content/EngineMaterials/Black_1x1_EXR_Texture_VT.uasset" 253
"../../../Engine/Content/EngineMaterials/Black_1x1_EXR_Texture_VT.uexp" 254
"../../../Engine/Content/EngineMaterials/FlattenMaterial_WS_Normal_VT.uasset" 255
"../../../Engine/Content/EngineMaterials/FlattenMaterial_WS_Normal_VT.uexp" 256
"../../../Engine/Content/EngineMaterials/FlattenMaterial_VT.uasset" 257
"../../../Engine/Content/EngineMaterials/FlattenMaterial_VT.uexp" 258
"../../../Engine/Content/EngineMaterials/BaseFlattenNormalMap.uasset" 259
"../../../Engine/Content/EngineMaterials/BaseFlattenNormalMap.uexp" 260
"../../../Engine/Content/EngineMaterials/BaseFlattenDiffuseMap.uasset" 261
"../../../Engine/Content/EngineMaterials/BaseFlattenDiffuseMap.uexp" 262
"../../../Engine/Content/EngineMaterials/BaseFlattenEmissiveMap.uasset" 263
"../../../Engine/Content/EngineMaterials/BaseFlattenEmissiveMap.uexp" 264
"../../../Engine/Content/EngineMaterials/BaseFlattenGrayscaleMap.uasset" 265
"../../../Engine/Content/EngineMaterials/BaseFlattenGrayscaleMap.uexp" 266
"../../../Engine/Content/EngineMaterials/BaseFlattenLinearColor.uasset" 267
"../../../Engine/Content/EngineMaterials/BaseFlattenLinearColor.uexp" 268
"../../../Engine/Content/Functions/Engine_MaterialFunctions02/PivotPainter2/Black_1x1_EXR_Texture.uasset" 269
"../../../Engine/Content/Functions/Engine_MaterialFunctions02/PivotPainter2/Black_1x1_EXR_Texture.uexp" 270
"../../../Engine/Content/EngineMaterials/FlattenMaterial.uasset" 271
"../../../Engine/Content/EngineMaterials/FlattenMaterial.uexp" 272
"../../../Engine/Content/EngineMaterials/FastBlueNoise_vec2_128x128x64.uasset" 273
"../../../Engine/Content/EngineMaterials/FastBlueNoise_vec2_128x128x64.uexp" 274
"../../../Engine/Content/EngineMaterials/FastBlueNoise_scalar_128x128x8.uasset" 275
"../../../Engine/Content/EngineMaterials/FastBlueNoise_scalar_128x128x8.uexp" 276
"../../../Engine/Content/EngineMaterials/FastBlueNoise_scalar_128x128x64.uasset" 277
"../../../Engine/Content/EngineMaterials/FastBlueNoise_scalar_128x128x64.uexp" 278
"../../../Engine/Content/EngineMaterials/DefaultWhiteGrid_Low.uasset" 279
"../../../Engine/Content/EngineMaterials/DefaultWhiteGrid_Low.uexp" 280
"../../../Engine/Content/EngineMaterials/EmissiveMeshMaterial.uasset" 281
"../../../Engine/Content/EngineMaterials/EmissiveMeshMaterial.uexp" 282
"../../../Engine/Content/EngineMaterials/DefaultWhiteGrid.ubulk" 283
"../../../Engine/Content/EngineMaterials/DefaultWhiteGrid.uasset" 284
"../../../Engine/Content/EngineMaterials/DefaultWhiteGrid.uexp" 285
"../../../Engine/Content/EngineFonts/RobotoDistanceField.uasset" 286
"../../../Engine/Content/EngineFonts/RobotoDistanceField.uexp" 287
"../../../Engine/Content/EngineMaterials/DefaultTextMaterialOpaque.uasset" 288
"../../../Engine/Content/EngineMaterials/DefaultTextMaterialOpaque.uexp" 289
"../../../Engine/Content/EngineMaterials/DefaultPostProcessMaterial.uasset" 290
"../../../Engine/Content/EngineMaterials/DefaultPostProcessMaterial.uexp" 291
"../../../Engine/Content/EngineMaterials/DefaultLightFunctionMaterial.uasset" 292
"../../../Engine/Content/EngineMaterials/DefaultLightFunctionMaterial.uexp" 293
"../../../Engine/Content/EngineMaterials/DefaultDeferredDecalMaterial.uasset" 294
"../../../Engine/Content/EngineMaterials/DefaultDeferredDecalMaterial.uexp" 295
"../../../Engine/Content/EngineMaterials/DefaultBokeh.uasset" 296
"../../../Engine/Content/EngineMaterials/DefaultBokeh.uexp" 297
"../../../Engine/Content/EngineMaterials/DefaultBloomKernel.uasset" 298
"../../../Engine/Content/EngineMaterials/DefaultBloomKernel.uexp" 299
"../../../Engine/Content/Functions/Engine_MaterialFunctions02/Utility/CameraDirectionVector.uasset" 300
"../../../Engine/Content/Functions/Engine_MaterialFunctions02/Utility/CameraDirectionVector.uexp" 301
"../../../Engine/Content/EngineDebugMaterials/VolumeToRender.uasset" 302
"../../../Engine/Content/EngineDebugMaterials/VolumeToRender.uexp" 303
"../../../Engine/Content/EngineDebugMaterials/M_VolumeRenderSphereTracePP.uasset" 304
"../../../Engine/Content/EngineDebugMaterials/M_VolumeRenderSphereTracePP.uexp" 305
"../../../Engine/Content/EngineDebugMaterials/M_SimpleUnlitTranslucent.uasset" 306
"../../../Engine/Content/EngineDebugMaterials/M_SimpleUnlitTranslucent.uexp" 307
"../../../Engine/Content/EngineDebugMaterials/DebugMeshMaterial.uasset" 308
"../../../Engine/Content/EngineDebugMaterials/DebugMeshMaterial.uexp" 309
"../../../Engine/Content/EngineDebugMaterials/DebugEditorMaterial.uasset" 310
"../../../Engine/Content/EngineDebugMaterials/DebugEditorMaterial.uexp" 311
"../../../Engine/Content/EngineDamageTypes/DmgTypeBP_Environmental.uasset" 312
"../../../Engine/Content/EngineDamageTypes/DmgTypeBP_Environmental.uexp" 313
"../../../Engine/Plugins/VirtualProduction/CameraCalibrationCore/Content/Materials/M_DefaultOddSquare.uasset" 314
"../../../Engine/Plugins/VirtualProduction/CameraCalibrationCore/Content/Materials/M_DefaultOddSquare.uexp" 315
"../../../Engine/Plugins/VirtualProduction/CameraCalibrationCore/Content/Materials/M_DefaultEvenSquare.uasset" 316
"../../../Engine/Plugins/VirtualProduction/CameraCalibrationCore/Content/Materials/M_DefaultEvenSquare.uexp" 317
"../../../Engine/Plugins/Runtime/HairStrands/Content/Materials/HairMeshesDefaultMaterial.uasset" 318
"../../../Engine/Plugins/Runtime/HairStrands/Content/Materials/HairMeshesDefaultMaterial.uexp" 319
"../../../Engine/Plugins/Runtime/HairStrands/Content/Materials/HairDefaultMaterial.uasset" 320
"../../../Engine/Plugins/Runtime/HairStrands/Content/Materials/HairDefaultMaterial.uexp" 321
"../../../Engine/Content/Functions/Engine_MaterialFunctions02/Utility/MakeFloat3.uasset" 322
"../../../Engine/Content/Functions/Engine_MaterialFunctions02/Utility/MakeFloat3.uexp" 323
"../../../Engine/Content/Functions/Engine_MaterialFunctions02/Utility/MakeFloat2.uasset" 324
"../../../Engine/Content/Functions/Engine_MaterialFunctions02/Utility/MakeFloat2.uexp" 325
"../../../Engine/Content/EngineMaterials/HairDebugColor.uasset" 326
"../../../Engine/Content/EngineMaterials/HairDebugColor.uexp" 327
"../../../Engine/Content/EngineMaterials/HairColorMap.uasset" 328
"../../../Engine/Content/EngineMaterials/HairColorMap.uexp" 329
"../../../Engine/Plugins/Runtime/HairStrands/Content/Materials/HairGroupColors.uasset" 330
"../../../Engine/Plugins/Runtime/HairStrands/Content/Materials/HairGroupColors.uexp" 331
"../../../Engine/Plugins/Runtime/HairStrands/Content/Materials/HairDebugMaterial.uasset" 332
"../../../Engine/Plugins/Runtime/HairStrands/Content/Materials/HairDebugMaterial.uexp" 333
"../../../Engine/Plugins/Runtime/HairStrands/Content/Materials/HairCardsDefaultMaterial.uasset" 334
"../../../Engine/Plugins/Runtime/HairStrands/Content/Materials/HairCardsDefaultMaterial.uexp" 335
"../../../Engine/Plugins/Runtime/AudioWidgets/Content/Resources/ScrubHandleDown_Clamped.uasset" 336
"../../../Engine/Plugins/Runtime/AudioWidgets/Content/Resources/ScrubHandleDown_Clamped.uexp" 337
"../../../Engine/Plugins/Interchange/Assets/Content/Functions/MX_UsdPreviewSurface.uasset" 338
"../../../Engine/Plugins/Interchange/Assets/Content/Functions/MX_UsdPreviewSurface.uexp" 339
"../../../Engine/Plugins/Interchange/Assets/Content/Functions/MX_UniformEDF.uasset" 340
"../../../Engine/Plugins/Interchange/Assets/Content/Functions/MX_UniformEDF.uexp" 341
"../../../Engine/Plugins/Interchange/Assets/Content/Functions/MX_TranslucentBSDF.uasset" 342
"../../../Engine/Plugins/Interchange/Assets/Content/Functions/MX_TranslucentBSDF.uexp" 343
"../../../Engine/Plugins/Interchange/Assets/Content/Functions/MX_ThinFilmBSDF.uasset" 344
"../../../Engine/Plugins/Interchange/Assets/Content/Functions/MX_ThinFilmBSDF.uexp" 345
"../../../Engine/Plugins/Interchange/Assets/Content/Functions/MX_SurfaceUnlit.uasset" 346
"../../../Engine/Plugins/Interchange/Assets/Content/Functions/MX_SurfaceUnlit.uexp" 347
"../../../Engine/Plugins/Interchange/Assets/Content/Functions/MX_Surface.uasset" 348
"../../../Engine/Plugins/Interchange/Assets/Content/Functions/MX_Surface.uexp" 349
"../../../Engine/Plugins/Interchange/Assets/Content/Functions/MX_SubsurfaceBSDF.uasset" 350
"../../../Engine/Plugins/Interchange/Assets/Content/Functions/MX_SubsurfaceBSDF.uexp" 351
"../../../Engine/Plugins/Interchange/Assets/Content/Functions/MX_SheenBSDF.uasset" 352
"../../../Engine/Plugins/Interchange/Assets/Content/Functions/MX_SheenBSDF.uexp" 353
"../../../Engine/Plugins/Interchange/Assets/Content/Functions/MX_OrenNayarBSDF.uasset" 354
"../../../Engine/Plugins/Interchange/Assets/Content/Functions/MX_OrenNayarBSDF.uexp" 355
"../../../Engine/Plugins/Interchange/Assets/Content/Functions/MF_IridescenceNoLUT.uasset" 356
"../../../Engine/Plugins/Interchange/Assets/Content/Functions/MF_IridescenceNoLUT.uexp" 357
"../../../Engine/Plugins/Interchange/Assets/Content/Functions/MX_StandardSurface.uasset" 358
"../../../Engine/Plugins/Interchange/Assets/Content/Functions/MX_StandardSurface.uexp" 359
"../../../Engine/Plugins/Interchange/Assets/Content/Functions/MX_TransmissionSurface.uasset" 360
"../../../Engine/Plugins/Interchange/Assets/Content/Functions/MX_TransmissionSurface.uexp" 361
"../../../Engine/Plugins/Interchange/Assets/Content/Functions/MX_OpenPBR_Translucent.uasset" 362
"../../../Engine/Plugins/Interchange/Assets/Content/Functions/MX_OpenPBR_Translucent.uexp" 363
"../../../Engine/Plugins/Interchange/Assets/Content/Functions/MX_OpenPBR_Opaque.uasset" 364
"../../../Engine/Plugins/Interchange/Assets/Content/Functions/MX_OpenPBR_Opaque.uexp" 365
"../../../Engine/Plugins/Interchange/Assets/Content/Functions/MX_MeasuredEDF.uasset" 366
"../../../Engine/Plugins/Interchange/Assets/Content/Functions/MX_MeasuredEDF.uexp" 367
"../../../Engine/Plugins/Interchange/Assets/Content/Functions/MX_GeneralizedSchlickBSDF.uasset" 368
"../../../Engine/Plugins/Interchange/Assets/Content/Functions/MX_GeneralizedSchlickBSDF.uexp" 369
"../../../Engine/Plugins/Interchange/Assets/Content/Functions/MX_Displacement.uasset" 370
"../../../Engine/Plugins/Interchange/Assets/Content/Functions/MX_Displacement.uexp" 371
"../../../Engine/Plugins/Interchange/Assets/Content/Functions/MX_DielectricBSDF.uasset" 372
"../../../Engine/Plugins/Interchange/Assets/Content/Functions/MX_DielectricBSDF.uexp" 373
"../../../Engine/Plugins/Interchange/Assets/Content/Functions/MX_ConicalEDF.uasset" 374
"../../../Engine/Plugins/Interchange/Assets/Content/Functions/MX_ConicalEDF.uexp" 375
"../../../Engine/Plugins/Interchange/Assets/Content/Functions/MX_ConductorBSDF.uasset" 376
"../../../Engine/Plugins/Interchange/Assets/Content/Functions/MX_ConductorBSDF.uexp" 377
"../../../Engine/Plugins/Interchange/Assets/Content/Functions/MX_BurleyDiffuseBSDF.uasset" 378
"../../../Engine/Plugins/Interchange/Assets/Content/Functions/MX_BurleyDiffuseBSDF.uexp" 379
"../../../Engine/Plugins/Interchange/Assets/Content/Functions/MX_AnisotropicVDF.uasset" 380
"../../../Engine/Plugins/Interchange/Assets/Content/Functions/MX_AnisotropicVDF.uexp" 381
"../../../Engine/Plugins/Interchange/Assets/Content/Functions/MX_AbsorptionVDF.uasset" 382
"../../../Engine/Plugins/Interchange/Assets/Content/Functions/MX_AbsorptionVDF.uexp" 383
"../../../Engine/Content/EditorMaterials/ParticleSystems/PSysThumbnail_OOD.ubulk" 384
"../../../Engine/Content/EditorMaterials/ParticleSystems/PSysThumbnail_OOD.uasset" 385
"../../../Engine/Content/EditorMaterials/ParticleSystems/PSysThumbnail_OOD.uexp" 386
"../../../Engine/Content/EditorMaterials/ParticleSystems/PSysThumbnail_NoImage.ubulk" 387
"../../../Engine/Content/EditorMaterials/ParticleSystems/PSysThumbnail_NoImage.uasset" 388
"../../../Engine/Content/EditorMaterials/ParticleSystems/PSysThumbnail_NoImage.uexp" 389
"../../../Engine/Content/EditorMaterials/Dataflow/DataflowVertexMaterial.uasset" 390
"../../../Engine/Content/EditorMaterials/Dataflow/DataflowVertexMaterial.uexp" 391
"../../../Engine/Content/EditorMaterials/Dataflow/DataflowTwoSidedVertexMaterial.uasset" 392
"../../../Engine/Content/EditorMaterials/Dataflow/DataflowTwoSidedVertexMaterial.uexp" 393
"../../../Engine/Content/EngineResources/FilmGrains/Marcie_Grain_v3_128_M2_000.uasset" 394
"../../../Engine/Content/EngineResources/FilmGrains/Marcie_Grain_v3_128_M2_000.uexp" 395
"../../../Engine/Content/EngineResources/Development/ZenLogo_64.uasset" 396
"../../../Engine/Content/EngineResources/Development/ZenLogo_64.uexp" 397
"../../../Engine/Content/EngineMaterials/LTC/Sheen_LTC.uasset" 398
"../../../Engine/Content/EngineMaterials/LTC/Sheen_LTC.uexp" 399
"../../../Engine/Content/EngineMaterials/LTC/GGX_LTCMat.uasset" 400
"../../../Engine/Content/EngineMaterials/LTC/GGX_LTCMat.uexp" 401
"../../../Engine/Content/EngineMaterials/LTC/GGX_LTCAmp.uasset" 402
"../../../Engine/Content/EngineMaterials/LTC/GGX_LTCAmp.uexp" 403
"../../../Engine/Content/EngineMaterials/EnergyConservation/Sheen_Energy.uasset" 404
"../../../Engine/Content/EngineMaterials/EnergyConservation/Sheen_Energy.uexp" 405
"../../../Engine/Content/EngineMaterials/EnergyConservation/SheenLegacy_Energy.uasset" 406
"../../../Engine/Content/EngineMaterials/EnergyConservation/SheenLegacy_Energy.uexp" 407
"../../../Engine/Content/EngineMaterials/EnergyConservation/GGX_TransmissionEnergyArray.uasset" 408
"../../../Engine/Content/EngineMaterials/EnergyConservation/GGX_TransmissionEnergyArray.uexp" 409
"../../../Engine/Content/EngineMaterials/EnergyConservation/GGX_ReflectionEnergy.uasset" 410
"../../../Engine/Content/EngineMaterials/EnergyConservation/GGX_ReflectionEnergy.uexp" 411
"../../../Engine/Content/EngineMaterials/EnergyConservation/Diffuse_Energy.uasset" 412
"../../../Engine/Content/EngineMaterials/EnergyConservation/Diffuse_Energy.uexp" 413
"../../../Engine/Content/EditorResources/SequenceRecorder/RecordingIndicator.uasset" 414
"../../../Engine/Content/EditorResources/SequenceRecorder/RecordingIndicator.uexp" 415
"../../../Engine/Content/EditorResources/SequenceRecorder/Countdown.uasset" 416
"../../../Engine/Content/EditorResources/SequenceRecorder/Countdown.uexp" 417
"C:/Documents/Unreal Projects/HackAndSlash/goyslop/Content/Player/Enums/E_DamageTypes.uasset" 418
"C:/Documents/Unreal Projects/HackAndSlash/goyslop/Content/Player/Enums/E_DamageTypes.uexp" 419
"C:/Documents/Unreal Projects/HackAndSlash/goyslop/Content/DamageSystem/DamageTypes/DT_Main.uasset" 420
"C:/Documents/Unreal Projects/HackAndSlash/goyslop/Content/DamageSystem/DamageTypes/DT_Main.uexp" 421
"C:/Documents/Unreal Projects/HackAndSlash/goyslop/Content/Player/Enums/E_States.uasset" 422
"C:/Documents/Unreal Projects/HackAndSlash/goyslop/Content/Player/Enums/E_States.uexp" 423
"C:/Documents/Unreal Projects/HackAndSlash/goyslop/Content/Player/TestEnemy/BaseEnemy.uasset" 424
"C:/Documents/Unreal Projects/HackAndSlash/goyslop/Content/Player/TestEnemy/BaseEnemy.uexp" 425
"C:/Documents/Unreal Projects/HackAndSlash/goyslop/Content/Player/PlayerLOC/Done/Y_Bot__1__Skeleton.uasset" 426
"C:/Documents/Unreal Projects/HackAndSlash/goyslop/Content/Player/PlayerLOC/Done/Y_Bot__1__Skeleton.uexp" 427
"C:/Documents/Unreal Projects/HackAndSlash/goyslop/Content/Player/PlayerLOC/Done/Y_Bot__1__PhysicsAsset.uasset" 428
"C:/Documents/Unreal Projects/HackAndSlash/goyslop/Content/Player/PlayerLOC/Done/Y_Bot__1__PhysicsAsset.uexp" 429
"../../../Engine/Plugins/Interchange/Assets/Content/Functions/MF_PhongToMetalRoughness.uasset" 430
"../../../Engine/Plugins/Interchange/Assets/Content/Functions/MF_PhongToMetalRoughness.uexp" 431
"C:/Documents/Unreal Projects/HackAndSlash/goyslop/Content/Player/PlayerLOC/Done/Alpha_Joints_MAT.uasset" 432
"C:/Documents/Unreal Projects/HackAndSlash/goyslop/Content/Player/PlayerLOC/Done/Alpha_Joints_MAT.uexp" 433
"C:/Documents/Unreal Projects/HackAndSlash/goyslop/Content/Player/PlayerLOC/Done/Alpha_Body_MAT.uasset" 434
"C:/Documents/Unreal Projects/HackAndSlash/goyslop/Content/Player/PlayerLOC/Done/Alpha_Body_MAT.uexp" 435
"C:/Documents/Unreal Projects/HackAndSlash/goyslop/Content/Player/PlayerLOC/Done/Y_Bot__1_.uasset" 436
"C:/Documents/Unreal Projects/HackAndSlash/goyslop/Content/Player/PlayerLOC/Done/Y_Bot__1_.uexp" 437
"C:/Documents/Unreal Projects/HackAndSlash/goyslop/Content/Inventory/TS_Occupied.uasset" 438
"C:/Documents/Unreal Projects/HackAndSlash/goyslop/Content/Inventory/TS_Occupied.uexp" 439
"C:/Documents/Unreal Projects/HackAndSlash/goyslop/Content/Inventory/DataAsset/DA_Items.uasset" 440
"C:/Documents/Unreal Projects/HackAndSlash/goyslop/Content/Inventory/DataAsset/DA_Items.uexp" 441
"C:/Documents/Unreal Projects/HackAndSlash/goyslop/Content/Inventory/DataAsset/ST_Item.uasset" 442
"C:/Documents/Unreal Projects/HackAndSlash/goyslop/Content/Inventory/DataAsset/ST_Item.uexp" 443
"C:/Documents/Unreal Projects/HackAndSlash/goyslop/Content/Developers/betri/Textures/Fishes/Frog_2_inventory.uasset" 444
"C:/Documents/Unreal Projects/HackAndSlash/goyslop/Content/Developers/betri/Textures/Fishes/Frog_2_inventory.uexp" 445
"C:/Documents/Unreal Projects/HackAndSlash/goyslop/Content/Inventory/DataAsset/DA_I_Block.uasset" 446
"C:/Documents/Unreal Projects/HackAndSlash/goyslop/Content/Inventory/DataAsset/DA_I_Block.uexp" 447
"C:/Documents/Unreal Projects/HackAndSlash/goyslop/Content/Inventory/A_Item.uasset" 448
"C:/Documents/Unreal Projects/HackAndSlash/goyslop/Content/Inventory/A_Item.uexp" 449
"C:/Documents/Unreal Projects/HackAndSlash/goyslop/Content/Inventory/Widget/UMG_Slot.uasset" 450
"C:/Documents/Unreal Projects/HackAndSlash/goyslop/Content/Inventory/Widget/UMG_Slot.uexp" 451
"C:/Documents/Unreal Projects/HackAndSlash/goyslop/Content/Inventory/Widget/UMG_Visibility.uasset" 452
"C:/Documents/Unreal Projects/HackAndSlash/goyslop/Content/Inventory/Widget/UMG_Visibility.uexp" 453
"C:/Documents/Unreal Projects/HackAndSlash/goyslop/Content/Inventory/Widget/UMG_DropDown.uasset" 454
"C:/Documents/Unreal Projects/HackAndSlash/goyslop/Content/Inventory/Widget/UMG_DropDown.uexp" 455
"C:/Documents/Unreal Projects/HackAndSlash/goyslop/Content/Inventory/Widget/UMG_Item.uasset" 456
"C:/Documents/Unreal Projects/HackAndSlash/goyslop/Content/Inventory/Widget/UMG_Item.uexp" 457
"C:/Documents/Unreal Projects/HackAndSlash/goyslop/Content/Inventory/Widget/UMG_Grid.uasset" 458
"C:/Documents/Unreal Projects/HackAndSlash/goyslop/Content/Inventory/Widget/UMG_Grid.uexp" 459
"C:/Documents/Unreal Projects/HackAndSlash/goyslop/Content/Developers/betri/Textures/Inventory.uasset" 460
"C:/Documents/Unreal Projects/HackAndSlash/goyslop/Content/Developers/betri/Textures/Inventory.uexp" 461
"C:/Documents/Unreal Projects/HackAndSlash/goyslop/Content/Inventory/Widget/UMG_Inventory.uasset" 462
"C:/Documents/Unreal Projects/HackAndSlash/goyslop/Content/Inventory/Widget/UMG_Inventory.uexp" 463
"C:/Documents/Unreal Projects/HackAndSlash/goyslop/Content/Inventory/AC_Inventory.uasset" 464
"C:/Documents/Unreal Projects/HackAndSlash/goyslop/Content/Inventory/AC_Inventory.uexp" 465
"C:/Documents/Unreal Projects/HackAndSlash/goyslop/Content/Input/Actions/IA_MouseLook.uasset" 466
"C:/Documents/Unreal Projects/HackAndSlash/goyslop/Content/Input/Actions/IA_MouseLook.uexp" 467
"C:/Documents/Unreal Projects/HackAndSlash/goyslop/Content/Input/Actions/IA_Jump.uasset" 468
"C:/Documents/Unreal Projects/HackAndSlash/goyslop/Content/Input/Actions/IA_Jump.uexp" 469
"C:/Documents/Unreal Projects/HackAndSlash/goyslop/Content/Input/Actions/IA_Look.uasset" 470
"C:/Documents/Unreal Projects/HackAndSlash/goyslop/Content/Input/Actions/IA_Look.uexp" 471
"C:/Documents/Unreal Projects/HackAndSlash/goyslop/Content/Input/Actions/IA_Move.uasset" 472
"C:/Documents/Unreal Projects/HackAndSlash/goyslop/Content/Input/Actions/IA_Move.uexp" 473
"C:/Documents/Unreal Projects/HackAndSlash/goyslop/Content/Input/Actions/IA_HeavyAttack.uasset" 474
"C:/Documents/Unreal Projects/HackAndSlash/goyslop/Content/Input/Actions/IA_HeavyAttack.uexp" 475
"C:/Documents/Unreal Projects/HackAndSlash/goyslop/Content/Input/Actions/IA_LightAttack.uasset" 476
"C:/Documents/Unreal Projects/HackAndSlash/goyslop/Content/Input/Actions/IA_LightAttack.uexp" 477
"C:/Documents/Unreal Projects/HackAndSlash/goyslop/Content/Input/Actions/IA_Dodge.uasset" 478
"C:/Documents/Unreal Projects/HackAndSlash/goyslop/Content/Input/Actions/IA_Dodge.uexp" 479
"C:/Documents/Unreal Projects/HackAndSlash/goyslop/Content/Input/Actions/IA_Target.uasset" 480
"C:/Documents/Unreal Projects/HackAndSlash/goyslop/Content/Input/Actions/IA_Target.uexp" 481
"C:/Documents/Unreal Projects/HackAndSlash/goyslop/Content/Input/Touch/BPI_TouchInterface.uasset" 482
"C:/Documents/Unreal Projects/HackAndSlash/goyslop/Content/Input/Touch/BPI_TouchInterface.uexp" 483
"C:/Documents/Unreal Projects/HackAndSlash/goyslop/Content/DamageSystem/E_DamageResponses.uasset" 484
"C:/Documents/Unreal Projects/HackAndSlash/goyslop/Content/DamageSystem/E_DamageResponses.uexp" 485
"C:/Documents/Unreal Projects/HackAndSlash/goyslop/Content/DamageSystem/E_DamageType.uasset" 486
"C:/Documents/Unreal Projects/HackAndSlash/goyslop/Content/DamageSystem/E_DamageType.uexp" 487
"C:/Documents/Unreal Projects/HackAndSlash/goyslop/Content/DamageSystem/S_DamageInfo.uasset" 488
"C:/Documents/Unreal Projects/HackAndSlash/goyslop/Content/DamageSystem/S_DamageInfo.uexp" 489
"C:/Documents/Unreal Projects/HackAndSlash/goyslop/Content/DamageSystem/BPI_Damagable.uasset" 490
"C:/Documents/Unreal Projects/HackAndSlash/goyslop/Content/DamageSystem/BPI_Damagable.uexp" 491
"C:/Documents/Unreal Projects/HackAndSlash/goyslop/Content/DamageSystem/BPC_DamageSystem.uasset" 492
"C:/Documents/Unreal Projects/HackAndSlash/goyslop/Content/DamageSystem/BPC_DamageSystem.uexp" 493
"C:/Documents/Unreal Projects/HackAndSlash/goyslop/Content/Developers/betri/Textures/Sprint_frame.uasset" 494
"C:/Documents/Unreal Projects/HackAndSlash/goyslop/Content/Developers/betri/Textures/Sprint_frame.uexp" 495
"C:/Documents/Unreal Projects/HackAndSlash/goyslop/Content/Developers/betri/Interface/WBP_Sprint.uasset" 496
"C:/Documents/Unreal Projects/HackAndSlash/goyslop/Content/Developers/betri/Interface/WBP_Sprint.uexp" 497
"C:/Documents/Unreal Projects/HackAndSlash/goyslop/Content/Developers/betri/Textures/Skinty.uasset" 498
"C:/Documents/Unreal Projects/HackAndSlash/goyslop/Content/Developers/betri/Textures/Skinty.uexp" 499
"C:/Documents/Unreal Projects/HackAndSlash/goyslop/Content/Developers/betri/Textures/Overloaded.uasset" 500
"C:/Documents/Unreal Projects/HackAndSlash/goyslop/Content/Developers/betri/Textures/Overloaded.uexp" 501
"C:/Documents/Unreal Projects/HackAndSlash/goyslop/Content/Developers/betri/Textures/Normal.uasset" 502
"C:/Documents/Unreal Projects/HackAndSlash/goyslop/Content/Developers/betri/Textures/Normal.uexp" 503
"C:/Documents/Unreal Projects/HackAndSlash/goyslop/Content/Developers/betri/Interface/WBP_Overlay.uasset" 504
"C:/Documents/Unreal Projects/HackAndSlash/goyslop/Content/Developers/betri/Interface/WBP_Overlay.uexp" 505
"C:/Documents/Unreal Projects/HackAndSlash/goyslop/Content/Fab/Sword/sword/Textures/sword_texture_0.ubulk" 506
"C:/Documents/Unreal Projects/HackAndSlash/goyslop/Content/Fab/Sword/sword/Textures/sword_texture_0.uasset" 507
"C:/Documents/Unreal Projects/HackAndSlash/goyslop/Content/Fab/Sword/sword/Textures/sword_texture_0.uexp" 508
"C:/Documents/Unreal Projects/HackAndSlash/goyslop/Content/Fab/Sword/sword/Textures/sword_texture_1.ubulk" 509
"C:/Documents/Unreal Projects/HackAndSlash/goyslop/Content/Fab/Sword/sword/Textures/sword_texture_1.uasset" 510
"C:/Documents/Unreal Projects/HackAndSlash/goyslop/Content/Fab/Sword/sword/Textures/sword_texture_1.uexp" 511
"C:/Documents/Unreal Projects/HackAndSlash/goyslop/Content/Fab/Sword/sword/Textures/sword_texture_2.ubulk" 512
"C:/Documents/Unreal Projects/HackAndSlash/goyslop/Content/Fab/Sword/sword/Textures/sword_texture_2.uasset" 513
"C:/Documents/Unreal Projects/HackAndSlash/goyslop/Content/Fab/Sword/sword/Textures/sword_texture_2.uexp" 514
"../../../Engine/Plugins/Interchange/Assets/Content/Utilities/New_LUT.uasset" 515
"../../../Engine/Plugins/Interchange/Assets/Content/Utilities/New_LUT.uexp" 516
"../../../Engine/Content/Functions/Engine_MaterialFunctions03/Math/RemapValueRange.uasset" 517
"../../../Engine/Content/Functions/Engine_MaterialFunctions03/Math/RemapValueRange.uexp" 518
"../../../Engine/Plugins/Interchange/Assets/Content/Functions/MF_Iridescence.uasset" 519
"../../../Engine/Plugins/Interchange/Assets/Content/Functions/MF_Iridescence.uexp" 520
"../../../Engine/Plugins/Interchange/Assets/Content/gltf/Textures/T_White_srgb.uasset" 521
"../../../Engine/Plugins/Interchange/Assets/Content/gltf/Textures/T_White_srgb.uexp" 522
"../../../Engine/Plugins/Interchange/Assets/Content/gltf/MaterialFunctions/MF_BaseColor.uasset" 523
"../../../Engine/Plugins/Interchange/Assets/Content/gltf/MaterialFunctions/MF_BaseColor.uexp" 524
"../../../Engine/Plugins/Interchange/Assets/Content/gltf/MaterialFunctions/MF_RotateV2.uasset" 525
"../../../Engine/Plugins/Interchange/Assets/Content/gltf/MaterialFunctions/MF_RotateV2.uexp" 526
"../../../Engine/Plugins/Interchange/Assets/Content/gltf/MaterialFunctions/MF_TransformUVs.uasset" 527
"../../../Engine/Plugins/Interchange/Assets/Content/gltf/MaterialFunctions/MF_TransformUVs.uexp" 528
"../../../Engine/Content/Functions/Engine_MaterialFunctions02/Math/Transform3x3Matrix.uasset" 529
"../../../Engine/Content/Functions/Engine_MaterialFunctions02/Math/Transform3x3Matrix.uexp" 530
"../../../Engine/Plugins/Interchange/Assets/Content/gltf/MaterialFunctions/MF_IOR.uasset" 531
"../../../Engine/Plugins/Interchange/Assets/Content/gltf/MaterialFunctions/MF_IOR.uexp" 532
"../../../Engine/Plugins/Interchange/Assets/Content/gltf/MaterialFunctions/MF_Iridescence.uasset" 533
"../../../Engine/Plugins/Interchange/Assets/Content/gltf/MaterialFunctions/MF_Iridescence.uexp" 534
"../../../Engine/Plugins/Interchange/Assets/Content/gltf/Textures/T_White_Linear.uasset" 535
"../../../Engine/Plugins/Interchange/Assets/Content/gltf/Textures/T_White_Linear.uexp" 536
"../../../Engine/Plugins/Interchange/Assets/Content/gltf/MaterialFunctions/MF_MetallicRoughness.uasset" 537
"../../../Engine/Plugins/Interchange/Assets/Content/gltf/MaterialFunctions/MF_MetallicRoughness.uexp" 538
"../../../Engine/Plugins/Interchange/Assets/Content/gltf/MaterialFunctions/MF_RotateNormals_TS.uasset" 539
"../../../Engine/Plugins/Interchange/Assets/Content/gltf/MaterialFunctions/MF_RotateNormals_TS.uexp" 540
"../../../Engine/Plugins/Interchange/Assets/Content/gltf/MaterialFunctions/MF_ScaleNormal.uasset" 541
"../../../Engine/Plugins/Interchange/Assets/Content/gltf/MaterialFunctions/MF_ScaleNormal.uexp" 542
"../../../Engine/Plugins/Interchange/Assets/Content/gltf/Textures/T_Generic_N.uasset" 543
"../../../Engine/Plugins/Interchange/Assets/Content/gltf/Textures/T_Generic_N.uexp" 544
"../../../Engine/Plugins/Interchange/Assets/Content/gltf/MaterialFunctions/MF_Normals.uasset" 545
"../../../Engine/Plugins/Interchange/Assets/Content/gltf/MaterialFunctions/MF_Normals.uexp" 546
"../../../Engine/Plugins/Interchange/Assets/Content/gltf/MaterialFunctions/MF_Occlusion.uasset" 547
"../../../Engine/Plugins/Interchange/Assets/Content/gltf/MaterialFunctions/MF_Occlusion.uexp" 548
"../../../Engine/Plugins/Interchange/Assets/Content/gltf/MaterialFunctions/MF_Specular.uasset" 549
"../../../Engine/Plugins/Interchange/Assets/Content/gltf/MaterialFunctions/MF_Specular.uexp" 550
"../../../Engine/Plugins/Interchange/Assets/Content/gltf/Textures/T_Anisotropy_Direction_Linear.uasset" 551
"../../../Engine/Plugins/Interchange/Assets/Content/gltf/Textures/T_Anisotropy_Direction_Linear.uexp" 552
"../../../Engine/Plugins/Interchange/Assets/Content/gltf/MaterialFunctions/MF_SpecularAnisotropy.uasset" 553
"../../../Engine/Plugins/Interchange/Assets/Content/gltf/MaterialFunctions/MF_SpecularAnisotropy.uexp" 554
"../../../Engine/Plugins/Interchange/Assets/Content/gltf/MaterialFunctions/MF_Emissive.uasset" 555
"../../../Engine/Plugins/Interchange/Assets/Content/gltf/MaterialFunctions/MF_Emissive.uexp" 556
"../../../Engine/Plugins/Interchange/Assets/Content/gltf/MaterialBodies/MF_Default_Body.uasset" 557
"../../../Engine/Plugins/Interchange/Assets/Content/gltf/MaterialBodies/MF_Default_Body.uexp" 558
"../../../Engine/Plugins/Interchange/Assets/Content/gltf/M_Default.uasset" 559
"../../../Engine/Plugins/Interchange/Assets/Content/gltf/M_Default.uexp" 560
"../../../Engine/Plugins/Interchange/Assets/Content/gltf/MaterialInstances/MI_Default_Opaque_DS.uasset" 561
"../../../Engine/Plugins/Interchange/Assets/Content/gltf/MaterialInstances/MI_Default_Opaque_DS.uexp" 562
"C:/Documents/Unreal Projects/HackAndSlash/goyslop/Content/Fab/Sword/sword/Materials/Material.uasset" 563
"C:/Documents/Unreal Projects/HackAndSlash/goyslop/Content/Fab/Sword/sword/Materials/Material.uexp" 564
"C:/Documents/Unreal Projects/HackAndSlash/goyslop/Content/Fab/Sword/sword/StaticMeshes/sword.ubulk" 565
"C:/Documents/Unreal Projects/HackAndSlash/goyslop/Content/Fab/Sword/sword/StaticMeshes/sword.uasset" 566
"C:/Documents/Unreal Projects/HackAndSlash/goyslop/Content/Fab/Sword/sword/StaticMeshes/sword.uexp" 567
"C:/Documents/Unreal Projects/HackAndSlash/goyslop/Content/DamageSystem/DamageTypes/DT_Left.uasset" 568
"C:/Documents/Unreal Projects/HackAndSlash/goyslop/Content/DamageSystem/DamageTypes/DT_Left.uexp" 569
"C:/Documents/Unreal Projects/HackAndSlash/goyslop/Content/Player/AnimNotifes/SaveLightL2.uasset" 570
"C:/Documents/Unreal Projects/HackAndSlash/goyslop/Content/Player/AnimNotifes/SaveLightL2.uexp" 571
"C:/Documents/Unreal Projects/HackAndSlash/goyslop/Content/Player/AnimNotifes/SaveHeavyL2.uasset" 572
"C:/Documents/Unreal Projects/HackAndSlash/goyslop/Content/Player/AnimNotifes/SaveHeavyL2.uexp" 573
"C:/Documents/Unreal Projects/HackAndSlash/goyslop/Content/Player/AnimNotifes/SaveDodgeL2.uasset" 574
"C:/Documents/Unreal Projects/HackAndSlash/goyslop/Content/Player/AnimNotifes/SaveDodgeL2.uexp" 575
"C:/Documents/Unreal Projects/HackAndSlash/goyslop/Content/Player/AnimNotifes/RotationToTarget_AN.uasset" 576
"C:/Documents/Unreal Projects/HackAndSlash/goyslop/Content/Player/AnimNotifes/RotationToTarget_AN.uexp" 577
"C:/Documents/Unreal Projects/HackAndSlash/goyslop/Content/Player/AnimNotifes/Rotation.uasset" 578
"C:/Documents/Unreal Projects/HackAndSlash/goyslop/Content/Player/AnimNotifes/Rotation.uexp" 579
"C:/Documents/Unreal Projects/HackAndSlash/goyslop/Content/Player/AnimNotifes/ResetState.uasset" 580
"C:/Documents/Unreal Projects/HackAndSlash/goyslop/Content/Player/AnimNotifes/ResetState.uexp" 581
"C:/Documents/Unreal Projects/HackAndSlash/goyslop/Content/Player/AnimNotifes/NewWeaponCollision.uasset" 582
"C:/Documents/Unreal Projects/HackAndSlash/goyslop/Content/Player/AnimNotifes/NewWeaponCollision.uexp" 583
"../../../Engine/Plugins/Animation/ACLPlugin/Content/ACLAnimCurveCompressionSettings.uasset" 584
"../../../Engine/Plugins/Animation/ACLPlugin/Content/ACLAnimCurveCompressionSettings.uexp" 585
"../../../Engine/Plugins/Animation/ACLPlugin/Content/ACLAnimBoneCompressionSettings.uasset" 586
"../../../Engine/Plugins/Animation/ACLPlugin/Content/ACLAnimBoneCompressionSettings.uexp" 587
"../../../Engine/Content/Animation/DefaultVariableFrameStrippingSettings.uasset" 588
"../../../Engine/Content/Animation/DefaultVariableFrameStrippingSettings.uexp" 589
"C:/Documents/Unreal Projects/HackAndSlash/goyslop/Content/Player/PlayerLOC/Powerr.uasset" 590
"C:/Documents/Unreal Projects/HackAndSlash/goyslop/Content/Player/PlayerLOC/Powerr.uexp" 591
"C:/Documents/Unreal Projects/HackAndSlash/goyslop/Content/Player/PlayerLOC/Powerr_Montage.uasset" 592
"C:/Documents/Unreal Projects/HackAndSlash/goyslop/Content/Player/PlayerLOC/Powerr_Montage.uexp" 593
"C:/Documents/Unreal Projects/HackAndSlash/goyslop/Content/DamageSystem/DamageTypes/DT_Middle.uasset" 594
"C:/Documents/Unreal Projects/HackAndSlash/goyslop/Content/DamageSystem/DamageTypes/DT_Middle.uexp" 595
"C:/Documents/Unreal Projects/HackAndSlash/goyslop/Content/Player/PlayerLOC/Powerrr.uasset" 596
"C:/Documents/Unreal Projects/HackAndSlash/goyslop/Content/Player/PlayerLOC/Powerrr.uexp" 597
"C:/Documents/Unreal Projects/HackAndSlash/goyslop/Content/Player/PlayerLOC/Powerrr_Montage.uasset" 598
"C:/Documents/Unreal Projects/HackAndSlash/goyslop/Content/Player/PlayerLOC/Powerrr_Montage.uexp" 599
"C:/Documents/Unreal Projects/HackAndSlash/goyslop/Content/DamageSystem/DamageTypes/DT_Knockback.uasset" 600
"C:/Documents/Unreal Projects/HackAndSlash/goyslop/Content/DamageSystem/DamageTypes/DT_Knockback.uexp" 601
"C:/Documents/Unreal Projects/HackAndSlash/goyslop/Content/Player/PlayerLOC/Standing_Melee_Combo_Attack_Ver__1__2_.uasset" 602
"C:/Documents/Unreal Projects/HackAndSlash/goyslop/Content/Player/PlayerLOC/Standing_Melee_Combo_Attack_Ver__1__2_.uexp" 603
"C:/Documents/Unreal Projects/HackAndSlash/goyslop/Content/Player/PlayerLOC/Powerr3.uasset" 604
"C:/Documents/Unreal Projects/HackAndSlash/goyslop/Content/Player/PlayerLOC/Powerr3.uexp" 605
"C:/Documents/Unreal Projects/HackAndSlash/goyslop/Content/DamageSystem/DamageTypes/DT_Right.uasset" 606
"C:/Documents/Unreal Projects/HackAndSlash/goyslop/Content/DamageSystem/DamageTypes/DT_Right.uexp" 607
"C:/Documents/Unreal Projects/HackAndSlash/goyslop/Content/Player/PlayerLOC/One_Hand_Sword_Combo.uasset" 608
"C:/Documents/Unreal Projects/HackAndSlash/goyslop/Content/Player/PlayerLOC/One_Hand_Sword_Combo.uexp" 609
"C:/Documents/Unreal Projects/HackAndSlash/goyslop/Content/Player/PlayerLOC/One_Hand_Sword_Combo_Montage.uasset" 610
"C:/Documents/Unreal Projects/HackAndSlash/goyslop/Content/Player/PlayerLOC/One_Hand_Sword_Combo_Montage.uexp" 611
"C:/Documents/Unreal Projects/HackAndSlash/goyslop/Content/Player/AnimNotifes/SoftTarget.uasset" 612
"C:/Documents/Unreal Projects/HackAndSlash/goyslop/Content/Player/AnimNotifes/SoftTarget.uexp" 613
"C:/Documents/Unreal Projects/HackAndSlash/goyslop/Content/Player/PlayerLOC/Light33.uasset" 614
"C:/Documents/Unreal Projects/HackAndSlash/goyslop/Content/Player/PlayerLOC/Light33.uexp" 615
"C:/Documents/Unreal Projects/HackAndSlash/goyslop/Content/Player/PlayerLOC/Light33_Montage.uasset" 616
"C:/Documents/Unreal Projects/HackAndSlash/goyslop/Content/Player/PlayerLOC/Light33_Montage.uexp" 617
"C:/Documents/Unreal Projects/HackAndSlash/goyslop/Content/DamageSystem/DamageTypes/DT_Launch.uasset" 618
"C:/Documents/Unreal Projects/HackAndSlash/goyslop/Content/DamageSystem/DamageTypes/DT_Launch.uexp" 619
"C:/Documents/Unreal Projects/HackAndSlash/goyslop/Content/Player/AnimNotifes/Launch.uasset" 620
"C:/Documents/Unreal Projects/HackAndSlash/goyslop/Content/Player/AnimNotifes/Launch.uexp" 621
"C:/Documents/Unreal Projects/HackAndSlash/goyslop/Content/Player/PlayerLOC/Great_Sword_Slash__2_.uasset" 622
"C:/Documents/Unreal Projects/HackAndSlash/goyslop/Content/Player/PlayerLOC/Great_Sword_Slash__2_.uexp" 623
"C:/Documents/Unreal Projects/HackAndSlash/goyslop/Content/Player/PlayerLOC/AN_Launch.uasset" 624
"C:/Documents/Unreal Projects/HackAndSlash/goyslop/Content/Player/PlayerLOC/AN_Launch.uexp" 625
"C:/Documents/Unreal Projects/HackAndSlash/goyslop/Content/Player/PlayerLOC/Standing_Melee_Combo_Attack_Ver__2__2_.uasset" 626
"C:/Documents/Unreal Projects/HackAndSlash/goyslop/Content/Player/PlayerLOC/Standing_Melee_Combo_Attack_Ver__2__2_.uexp" 627
"C:/Documents/Unreal Projects/HackAndSlash/goyslop/Content/Player/PlayerLOC/ComboStarter3.uasset" 628
"C:/Documents/Unreal Projects/HackAndSlash/goyslop/Content/Player/PlayerLOC/ComboStarter3.uexp" 629
"C:/Documents/Unreal Projects/HackAndSlash/goyslop/Content/Player/AnimNotifes/EnableIFrames.uasset" 630
"C:/Documents/Unreal Projects/HackAndSlash/goyslop/Content/Player/AnimNotifes/EnableIFrames.uexp" 631
"C:/Documents/Unreal Projects/HackAndSlash/goyslop/Content/Player/PlayerLOC/Standing_Dodge_Forward.uasset" 632
"C:/Documents/Unreal Projects/HackAndSlash/goyslop/Content/Player/PlayerLOC/Standing_Dodge_Forward.uexp" 633
"C:/Documents/Unreal Projects/HackAndSlash/goyslop/Content/Player/PlayerLOC/DodgeMON.uasset" 634
"C:/Documents/Unreal Projects/HackAndSlash/goyslop/Content/Player/PlayerLOC/DodgeMON.uexp" 635
"C:/Documents/Unreal Projects/HackAndSlash/goyslop/Content/Player/PlayerLOC/Great_Sword_Casting__4_.uasset" 636
"C:/Documents/Unreal Projects/HackAndSlash/goyslop/Content/Player/PlayerLOC/Great_Sword_Casting__4_.uexp" 637
"C:/Documents/Unreal Projects/HackAndSlash/goyslop/Content/Player/PlayerLOC/Extender2.uasset" 638
"C:/Documents/Unreal Projects/HackAndSlash/goyslop/Content/Player/PlayerLOC/Extender2.uexp" 639
"C:/Documents/Unreal Projects/HackAndSlash/goyslop/Content/Player/PlayerLOC/Great_Sword_Slash__1_.uasset" 640
"C:/Documents/Unreal Projects/HackAndSlash/goyslop/Content/Player/PlayerLOC/Great_Sword_Slash__1_.uexp" 641
"C:/Documents/Unreal Projects/HackAndSlash/goyslop/Content/Player/PlayerLOC/Great_Sword_Slash__1__Montage.uasset" 642
"C:/Documents/Unreal Projects/HackAndSlash/goyslop/Content/Player/PlayerLOC/Great_Sword_Slash__1__Montage.uexp" 643
"C:/Documents/Unreal Projects/HackAndSlash/goyslop/Content/Player/PlayerLOC/Light44.uasset" 644
"C:/Documents/Unreal Projects/HackAndSlash/goyslop/Content/Player/PlayerLOC/Light44.uexp" 645
"C:/Documents/Unreal Projects/HackAndSlash/goyslop/Content/Player/PlayerLOC/Light44_Montage.uasset" 646
"C:/Documents/Unreal Projects/HackAndSlash/goyslop/Content/Player/PlayerLOC/Light44_Montage.uexp" 647
"C:/Documents/Unreal Projects/HackAndSlash/goyslop/Content/Player/PlayerLOC/Light22.uasset" 648
"C:/Documents/Unreal Projects/HackAndSlash/goyslop/Content/Player/PlayerLOC/Light22.uexp" 649
"C:/Documents/Unreal Projects/HackAndSlash/goyslop/Content/Player/PlayerLOC/Light22_Montage.uasset" 650
"C:/Documents/Unreal Projects/HackAndSlash/goyslop/Content/Player/PlayerLOC/Light22_Montage.uexp" 651
"C:/Documents/Unreal Projects/HackAndSlash/goyslop/Content/Player/PlayerLOC/Light11.uasset" 652
"C:/Documents/Unreal Projects/HackAndSlash/goyslop/Content/Player/PlayerLOC/Light11.uexp" 653
"C:/Documents/Unreal Projects/HackAndSlash/goyslop/Content/Player/PlayerLOC/Light11_Montage.uasset" 654
"C:/Documents/Unreal Projects/HackAndSlash/goyslop/Content/Player/PlayerLOC/Light11_Montage.uexp" 655
"C:/Documents/Unreal Projects/HackAndSlash/goyslop/Content/Player/BP_Player.uasset" 656
"C:/Documents/Unreal Projects/HackAndSlash/goyslop/Content/Player/BP_Player.uexp" 657
"C:/Documents/Unreal Projects/HackAndSlash/goyslop/Content/Player/PlayerLOC/Done/PlayerIdle.uasset" 658
"C:/Documents/Unreal Projects/HackAndSlash/goyslop/Content/Player/PlayerLOC/Done/PlayerIdle.uexp" 659
"C:/Documents/Unreal Projects/HackAndSlash/goyslop/Content/Player/PlayerLOC/Done/Run.uasset" 660
"C:/Documents/Unreal Projects/HackAndSlash/goyslop/Content/Player/PlayerLOC/Done/Run.uexp" 661
"C:/Documents/Unreal Projects/HackAndSlash/goyslop/Content/Player/PlayerLOC/Done/RunBackward.uasset" 662
"C:/Documents/Unreal Projects/HackAndSlash/goyslop/Content/Player/PlayerLOC/Done/RunBackward.uexp" 663
"C:/Documents/Unreal Projects/HackAndSlash/goyslop/Content/Player/PlayerLOC/Done/Sneak_Walk.uasset" 664
"C:/Documents/Unreal Projects/HackAndSlash/goyslop/Content/Player/PlayerLOC/Done/Sneak_Walk.uexp" 665
"C:/Documents/Unreal Projects/HackAndSlash/goyslop/Content/Player/PlayerLOC/Done/Standing_Walk_Left__4_.uasset" 666
"C:/Documents/Unreal Projects/HackAndSlash/goyslop/Content/Player/PlayerLOC/Done/Standing_Walk_Left__4_.uexp" 667
"C:/Documents/Unreal Projects/HackAndSlash/goyslop/Content/Player/PlayerLOC/Done/Standing_Walk_Right__4_.uasset" 668
"C:/Documents/Unreal Projects/HackAndSlash/goyslop/Content/Player/PlayerLOC/Done/Standing_Walk_Right__4_.uexp" 669
"C:/Documents/Unreal Projects/HackAndSlash/goyslop/Content/Player/PlayerLOC/Done/Sword_And_Shield_Strafe__19_.uasset" 670
"C:/Documents/Unreal Projects/HackAndSlash/goyslop/Content/Player/PlayerLOC/Done/Sword_And_Shield_Strafe__19_.uexp" 671
"C:/Documents/Unreal Projects/HackAndSlash/goyslop/Content/Player/PlayerLOC/Done/Sword_And_Shield_Strafe__20_.uasset" 672
"C:/Documents/Unreal Projects/HackAndSlash/goyslop/Content/Player/PlayerLOC/Done/Sword_And_Shield_Strafe__20_.uexp" 673
"C:/Documents/Unreal Projects/HackAndSlash/goyslop/Content/Player/PlayerLOC/Done/Walk_Backward__2_.uasset" 674
"C:/Documents/Unreal Projects/HackAndSlash/goyslop/Content/Player/PlayerLOC/Done/Walk_Backward__2_.uexp" 675
"C:/Documents/Unreal Projects/HackAndSlash/goyslop/Content/Player/PlayerLOC/WR.uasset" 676
"C:/Documents/Unreal Projects/HackAndSlash/goyslop/Content/Player/PlayerLOC/WR.uexp" 677
"C:/Documents/Unreal Projects/HackAndSlash/goyslop/Content/Player/PlayerLOC/Sword_And_Shield_Walk__11_.uasset" 678
"C:/Documents/Unreal Projects/HackAndSlash/goyslop/Content/Player/PlayerLOC/Sword_And_Shield_Walk__11_.uexp" 679
"C:/Documents/Unreal Projects/HackAndSlash/goyslop/Content/Player/PlayerLOC/Sword_And_Shield_Walk__10_.uasset" 680
"C:/Documents/Unreal Projects/HackAndSlash/goyslop/Content/Player/PlayerLOC/Sword_And_Shield_Walk__10_.uexp" 681
"C:/Documents/Unreal Projects/HackAndSlash/goyslop/Content/Player/PlayerLOC/Targetting.uasset" 682
"C:/Documents/Unreal Projects/HackAndSlash/goyslop/Content/Player/PlayerLOC/Targetting.uexp" 683
"C:/Documents/Unreal Projects/HackAndSlash/goyslop/Content/Player/PlayerLOC/Jump_Loop.uasset" 684
"C:/Documents/Unreal Projects/HackAndSlash/goyslop/Content/Player/PlayerLOC/Jump_Loop.uexp" 685
"C:/Documents/Unreal Projects/HackAndSlash/goyslop/Content/Player/PlayerLOC/Falling_Idle.uasset" 686
"C:/Documents/Unreal Projects/HackAndSlash/goyslop/Content/Player/PlayerLOC/Falling_Idle.uexp" 687
"C:/Documents/Unreal Projects/HackAndSlash/goyslop/Content/Player/PlayerLOC/Done/Jump.uasset" 688
"C:/Documents/Unreal Projects/HackAndSlash/goyslop/Content/Player/PlayerLOC/Done/Jump.uexp" 689
"C:/Documents/Unreal Projects/HackAndSlash/goyslop/Content/Player/PlayerLOC/AGAIN.uasset" 690
"C:/Documents/Unreal Projects/HackAndSlash/goyslop/Content/Player/PlayerLOC/AGAIN.uexp" 691
"C:/Documents/Unreal Projects/HackAndSlash/goyslop/Content/Player/TestEnemy/Notifies/EnemyResetState.uasset" 692
"C:/Documents/Unreal Projects/HackAndSlash/goyslop/Content/Player/TestEnemy/Notifies/EnemyResetState.uexp" 693
"C:/Documents/Unreal Projects/HackAndSlash/goyslop/Content/Player/TestEnemy/Anims/KnockBack.uasset" 694
"C:/Documents/Unreal Projects/HackAndSlash/goyslop/Content/Player/TestEnemy/Anims/KnockBack.uexp" 695
"C:/Documents/Unreal Projects/HackAndSlash/goyslop/Content/Player/TestEnemy/Anims/Getting_Up.uasset" 696
"C:/Documents/Unreal Projects/HackAndSlash/goyslop/Content/Player/TestEnemy/Anims/Getting_Up.uexp" 697
"C:/Documents/Unreal Projects/HackAndSlash/goyslop/Content/Player/TestEnemy/Anims/AM_KnockBack.uasset" 698
"C:/Documents/Unreal Projects/HackAndSlash/goyslop/Content/Player/TestEnemy/Anims/AM_KnockBack.uexp" 699
"C:/Documents/Unreal Projects/HackAndSlash/goyslop/Content/Player/TestEnemy/Anims/Left.uasset" 700
"C:/Documents/Unreal Projects/HackAndSlash/goyslop/Content/Player/TestEnemy/Anims/Left.uexp" 701
"C:/Documents/Unreal Projects/HackAndSlash/goyslop/Content/Player/TestEnemy/Anims/AM_Left.uasset" 702
"C:/Documents/Unreal Projects/HackAndSlash/goyslop/Content/Player/TestEnemy/Anims/AM_Left.uexp" 703
"C:/Documents/Unreal Projects/HackAndSlash/goyslop/Content/Player/TestEnemy/Anims/Middle.uasset" 704
"C:/Documents/Unreal Projects/HackAndSlash/goyslop/Content/Player/TestEnemy/Anims/Middle.uexp" 705
"C:/Documents/Unreal Projects/HackAndSlash/goyslop/Content/Player/TestEnemy/Anims/AM_Middle.uasset" 706
"C:/Documents/Unreal Projects/HackAndSlash/goyslop/Content/Player/TestEnemy/Anims/AM_Middle.uexp" 707
"C:/Documents/Unreal Projects/HackAndSlash/goyslop/Content/Player/TestEnemy/Anims/Right.uasset" 708
"C:/Documents/Unreal Projects/HackAndSlash/goyslop/Content/Player/TestEnemy/Anims/Right.uexp" 709
"C:/Documents/Unreal Projects/HackAndSlash/goyslop/Content/Player/TestEnemy/Anims/AM_Right.uasset" 710
"C:/Documents/Unreal Projects/HackAndSlash/goyslop/Content/Player/TestEnemy/Anims/AM_Right.uexp" 711
"C:/Documents/Unreal Projects/HackAndSlash/goyslop/Content/Player/TestEnemy/Anims/Falling.uasset" 712
"C:/Documents/Unreal Projects/HackAndSlash/goyslop/Content/Player/TestEnemy/Anims/Falling.uexp" 713
"C:/Documents/Unreal Projects/HackAndSlash/goyslop/Content/Player/TestEnemy/Anims/EnemyFall.uasset" 714
"C:/Documents/Unreal Projects/HackAndSlash/goyslop/Content/Player/TestEnemy/Anims/EnemyFall.uexp" 715
"C:/Documents/Unreal Projects/HackAndSlash/goyslop/Content/Player/TestEnemy/BP_Dummy.uasset" 716
"C:/Documents/Unreal Projects/HackAndSlash/goyslop/Content/Player/TestEnemy/BP_Dummy.uexp" 717
"../../../Engine/Content/Functions/Engine_MaterialFunctions01/Opacity/CameraDepthFade.uasset" 718
"../../../Engine/Content/Functions/Engine_MaterialFunctions01/Opacity/CameraDepthFade.uexp" 719
"../../../Engine/Content/EngineMaterials/T_Default_Material_Grid_M.ubulk" 720
"../../../Engine/Content/EngineMaterials/T_Default_Material_Grid_M.uasset" 721
"../../../Engine/Content/EngineMaterials/T_Default_Material_Grid_M.uexp" 722
"../../../Engine/Content/EngineMaterials/T_Default_Material_Grid_N.ubulk" 723
"../../../Engine/Content/EngineMaterials/T_Default_Material_Grid_N.uasset" 724
"../../../Engine/Content/EngineMaterials/T_Default_Material_Grid_N.uexp" 725
"../../../Engine/Content/EngineMaterials/WorldGridMaterial.uasset" 726
"../../../Engine/Content/EngineMaterials/WorldGridMaterial.uexp" 727
"../../../Engine/Content/BasicShapes/Cube.ubulk" 728
"../../../Engine/Content/BasicShapes/Cube.uasset" 729
"../../../Engine/Content/BasicShapes/Cube.uexp" 730
"../../../Engine/Content/MapTemplates/Materials/BasicAsset03.uasset" 731
"../../../Engine/Content/MapTemplates/Materials/BasicAsset03.uexp" 732
"C:/Documents/Unreal Projects/HackAndSlash/goyslop/Content/Developers/betri/Textures/Stink_Frame.uasset" 733
"C:/Documents/Unreal Projects/HackAndSlash/goyslop/Content/Developers/betri/Textures/Stink_Frame.uexp" 734
"C:/Documents/Unreal Projects/HackAndSlash/goyslop/Content/Developers/betri/Interface/WBP_Tryasina.uasset" 735
"C:/Documents/Unreal Projects/HackAndSlash/goyslop/Content/Developers/betri/Interface/WBP_Tryasina.uexp" 736
"C:/Documents/Unreal Projects/HackAndSlash/goyslop/Content/Developers/betri/BP_Tryasina.uasset" 737
"C:/Documents/Unreal Projects/HackAndSlash/goyslop/Content/Developers/betri/BP_Tryasina.uexp" 738
"../../../Engine/Content/Functions/Engine_MaterialFunctions01/Shading/PowerToRoughness.uasset" 739
"../../../Engine/Content/Functions/Engine_MaterialFunctions01/Shading/PowerToRoughness.uexp" 740
"../../../Engine/Content/Functions/Engine_MaterialFunctions01/Shading/ConvertFromDiffSpec.uasset" 741
"../../../Engine/Content/Functions/Engine_MaterialFunctions01/Shading/ConvertFromDiffSpec.uexp" 742
"../../../Engine/Content/EngineMeshes/Sphere.ubulk" 743
"../../../Engine/Content/EngineMeshes/Sphere.uasset" 744
"../../../Engine/Content/EngineMeshes/Sphere.uexp" 745
"../../../Engine/Content/EngineMaterials/Substrate/GLints/AGlintTex2dArray.uasset" 746
"../../../Engine/Content/EngineMaterials/Substrate/GLints/AGlintTex2dArray.uexp" 747
"../../../Engine/Content/EngineMaterials/Substrate/Glints2/AGlintTex2dArray2.uasset" 748
"../../../Engine/Content/EngineMaterials/Substrate/Glints2/AGlintTex2dArray2.uexp" 749
"../../../Engine/Content/ArtTools/RenderToTexture/Meshes/S_1_Unit_Plane.ubulk" 750
"../../../Engine/Content/ArtTools/RenderToTexture/Meshes/S_1_Unit_Plane.uasset" 751
"../../../Engine/Content/ArtTools/RenderToTexture/Meshes/S_1_Unit_Plane.uexp" 752
"../../../Engine/Content/VREditor/TransformGizmo/TranslucentTransformGizmoMaterial.uasset" 753
"../../../Engine/Content/VREditor/TransformGizmo/TranslucentTransformGizmoMaterial.uexp" 754
"../../../Engine/Content/VREditor/LaserPointer/VR_LaserPower_01.ubulk" 755
"../../../Engine/Content/VREditor/LaserPointer/VR_LaserPower_01.uasset" 756
"../../../Engine/Content/VREditor/LaserPointer/VR_LaserPower_01.uexp" 757
"../../../Engine/Content/VREditor/TransformGizmo/TransformGizmoMaterial.uasset" 758
"../../../Engine/Content/VREditor/TransformGizmo/TransformGizmoMaterial.uexp" 759
"../../../Engine/Content/VREditor/TransformGizmo/BoundingBoxCorner.ubulk" 760
"../../../Engine/Content/VREditor/TransformGizmo/BoundingBoxCorner.uasset" 761
"../../../Engine/Content/VREditor/TransformGizmo/BoundingBoxCorner.uexp" 762
"../../../Engine/Content/VREditor/TransformGizmo/BoundingBoxEdge.ubulk" 763
"../../../Engine/Content/VREditor/TransformGizmo/BoundingBoxEdge.uasset" 764
"../../../Engine/Content/VREditor/TransformGizmo/BoundingBoxEdge.uexp" 765
"../../../Engine/Content/VREditor/TransformGizmo/Xray.uasset" 766
"../../../Engine/Content/VREditor/TransformGizmo/Xray.uexp" 767
"../../../Engine/Content/VREditor/TransformGizmo/Main.uasset" 768
"../../../Engine/Content/VREditor/TransformGizmo/Main.uexp" 769
"../../../Engine/Content/VREditor/TransformGizmo/SM_Sequencer_Node.ubulk" 770
"../../../Engine/Content/VREditor/TransformGizmo/SM_Sequencer_Node.uasset" 771
"../../../Engine/Content/VREditor/TransformGizmo/SM_Sequencer_Node.uexp" 772
"C:/Documents/Unreal Projects/HackAndSlash/goyslop/Content/Developers/betri/Textures/Fishes/Squid_3_Inventory.uasset" 773
"C:/Documents/Unreal Projects/HackAndSlash/goyslop/Content/Developers/betri/Textures/Fishes/Squid_3_Inventory.uexp" 774
"C:/Documents/Unreal Projects/HackAndSlash/goyslop/Content/Inventory/DataAsset/DA_J_Block.uasset" 775
"C:/Documents/Unreal Projects/HackAndSlash/goyslop/Content/Inventory/DataAsset/DA_J_Block.uexp" 776
"C:/Documents/Unreal Projects/HackAndSlash/goyslop/Content/LevelPrototyping/Textures/T_GridChecker_A.ubulk" 777
"C:/Documents/Unreal Projects/HackAndSlash/goyslop/Content/LevelPrototyping/Textures/T_GridChecker_A.uasset" 778
"C:/Documents/Unreal Projects/HackAndSlash/goyslop/Content/LevelPrototyping/Textures/T_GridChecker_A.uexp" 779
"../../../Engine/Content/Functions/Engine_MaterialFunctions01/Gradient/LinearGradient.uasset" 780
"../../../Engine/Content/Functions/Engine_MaterialFunctions01/Gradient/LinearGradient.uexp" 781
"../../../Engine/Content/Functions/Engine_MaterialFunctions01/ImageAdjustment/CheapContrast.uasset" 782
"../../../Engine/Content/Functions/Engine_MaterialFunctions01/ImageAdjustment/CheapContrast.uexp" 783
"C:/Documents/Unreal Projects/HackAndSlash/goyslop/Content/LevelPrototyping/Materials/MF_ProcGrid.uasset" 784
"C:/Documents/Unreal Projects/HackAndSlash/goyslop/Content/LevelPrototyping/Materials/MF_ProcGrid.uexp" 785
"C:/Documents/Unreal Projects/HackAndSlash/goyslop/Content/LevelPrototyping/Materials/M_PrototypeGrid.uasset" 786
"C:/Documents/Unreal Projects/HackAndSlash/goyslop/Content/LevelPrototyping/Materials/M_PrototypeGrid.uexp" 787
"C:/Documents/Unreal Projects/HackAndSlash/goyslop/Content/LevelPrototyping/Materials/MI_PrototypeGrid_Gray.uasset" 788
"C:/Documents/Unreal Projects/HackAndSlash/goyslop/Content/LevelPrototyping/Materials/MI_PrototypeGrid_Gray.uexp" 789
"C:/Documents/Unreal Projects/HackAndSlash/goyslop/Content/LevelPrototyping/Meshes/SM_Cube.ubulk" 790
"C:/Documents/Unreal Projects/HackAndSlash/goyslop/Content/LevelPrototyping/Meshes/SM_Cube.uasset" 791
"C:/Documents/Unreal Projects/HackAndSlash/goyslop/Content/LevelPrototyping/Meshes/SM_Cube.uexp" 792
"../../../Engine/Content/EditorMaterials/Camera/CineMat.uasset" 793
"../../../Engine/Content/EditorMaterials/Camera/CineMat.uexp" 794
"../../../Engine/Content/EditorMaterials/Camera/MI_CineMat_Rig.uasset" 795
"../../../Engine/Content/EditorMaterials/Camera/MI_CineMat_Rig.uexp" 796
"../../../Engine/Content/EditorMeshes/Camera/SM_CraneRig_Arm.ubulk" 797
"../../../Engine/Content/EditorMeshes/Camera/SM_CraneRig_Arm.uasset" 798
"../../../Engine/Content/EditorMeshes/Camera/SM_CraneRig_Arm.uexp" 799
"../../../Engine/Content/EditorMeshes/Camera/SM_CraneRig_Base.ubulk" 800
"../../../Engine/Content/EditorMeshes/Camera/SM_CraneRig_Base.uasset" 801
"../../../Engine/Content/EditorMeshes/Camera/SM_CraneRig_Base.uexp" 802
"../../../Engine/Content/EditorMeshes/Camera/SM_CraneRig_Body.ubulk" 803
"../../../Engine/Content/EditorMeshes/Camera/SM_CraneRig_Body.uasset" 804
"../../../Engine/Content/EditorMeshes/Camera/SM_CraneRig_Body.uexp" 805
"../../../Engine/Content/EditorMeshes/Camera/SM_CraneRig_Mount.ubulk" 806
"../../../Engine/Content/EditorMeshes/Camera/SM_CraneRig_Mount.uasset" 807
"../../../Engine/Content/EditorMeshes/Camera/SM_CraneRig_Mount.uexp" 808
"../../../Engine/Content/EditorMeshes/Camera/SM_RailRig_Mount.ubulk" 809
"../../../Engine/Content/EditorMeshes/Camera/SM_RailRig_Mount.uasset" 810
"../../../Engine/Content/EditorMeshes/Camera/SM_RailRig_Mount.uexp" 811
"../../../Engine/Content/EditorMeshes/Camera/SM_RailRig_Track.ubulk" 812
"../../../Engine/Content/EditorMeshes/Camera/SM_RailRig_Track.uasset" 813
"../../../Engine/Content/EditorMeshes/Camera/SM_RailRig_Track.uexp" 814
"../../../Engine/Content/EngineMaterials/WeightMapPlaceholderTexture.uasset" 815
"../../../Engine/Content/EngineMaterials/WeightMapPlaceholderTexture.uexp" 816
"../../../Engine/Content/EngineMaterials/WeightMapArrayPlaceholderTexture.uasset" 817
"../../../Engine/Content/EngineMaterials/WeightMapArrayPlaceholderTexture.uexp" 818
"../../../Engine/Content/EngineSky/T_Sky_Stars.ubulk" 819
"../../../Engine/Content/EngineSky/T_Sky_Stars.uasset" 820
"../../../Engine/Content/EngineSky/T_Sky_Stars.uexp" 821
"../../../Engine/Content/EngineSky/T_Sky_Clouds_M.ubulk" 822
"../../../Engine/Content/EngineSky/T_Sky_Clouds_M.uasset" 823
"../../../Engine/Content/EngineSky/T_Sky_Clouds_M.uexp" 824
"../../../Engine/Content/EngineSky/T_Sky_Blue.ubulk" 825
"../../../Engine/Content/EngineSky/T_Sky_Blue.uasset" 826
"../../../Engine/Content/EngineSky/T_Sky_Blue.uexp" 827
"../../../Engine/Content/EngineSky/M_Sky_Panning_Clouds2.uasset" 828
"../../../Engine/Content/EngineSky/M_Sky_Panning_Clouds2.uexp" 829
"../../../Engine/Content/EngineSky/SM_SkySphere.ubulk" 830
"../../../Engine/Content/EngineSky/SM_SkySphere.uasset" 831
"../../../Engine/Content/EngineSky/SM_SkySphere.uexp" 832
"../../../Engine/Content/EngineMaterials/DefaultMaterial.uasset" 833
"../../../Engine/Content/EngineMaterials/DefaultMaterial.uexp" 834
"../../../Engine/Content/MapTemplates/SM_Template_Map_Floor.ubulk" 835
"../../../Engine/Content/MapTemplates/SM_Template_Map_Floor.uasset" 836
"../../../Engine/Content/MapTemplates/SM_Template_Map_Floor.uexp" 837
"../../../Engine/Plugins/Animation/ControlRig/Content/Controls/ControlRig_Arrow2_1mm.ubulk" 838
"../../../Engine/Plugins/Animation/ControlRig/Content/Controls/ControlRig_Arrow2_1mm.uasset" 839
"../../../Engine/Plugins/Animation/ControlRig/Content/Controls/ControlRig_Arrow2_1mm.uexp" 840
"../../../Engine/Plugins/Animation/ControlRig/Content/Controls/ControlRig_Arrow2_3mm.ubulk" 841
"../../../Engine/Plugins/Animation/ControlRig/Content/Controls/ControlRig_Arrow2_3mm.uasset" 842
"../../../Engine/Plugins/Animation/ControlRig/Content/Controls/ControlRig_Arrow2_3mm.uexp" 843
"../../../Engine/Plugins/Animation/ControlRig/Content/Controls/ControlRig_Arrow2_solid.ubulk" 844
"../../../Engine/Plugins/Animation/ControlRig/Content/Controls/ControlRig_Arrow2_solid.uasset" 845
"../../../Engine/Plugins/Animation/ControlRig/Content/Controls/ControlRig_Arrow2_solid.uexp" 846
"../../../Engine/Plugins/Animation/ControlRig/Content/Controls/ControlRig_Arrow4_1mm.ubulk" 847
"../../../Engine/Plugins/Animation/ControlRig/Content/Controls/ControlRig_Arrow4_1mm.uasset" 848
"../../../Engine/Plugins/Animation/ControlRig/Content/Controls/ControlRig_Arrow4_1mm.uexp" 849
"../../../Engine/Plugins/Animation/ControlRig/Content/Controls/ControlRig_Arrow4_3mm.ubulk" 850
"../../../Engine/Plugins/Animation/ControlRig/Content/Controls/ControlRig_Arrow4_3mm.uasset" 851
"../../../Engine/Plugins/Animation/ControlRig/Content/Controls/ControlRig_Arrow4_3mm.uexp" 852
"../../../Engine/Plugins/Animation/ControlRig/Content/Controls/ControlRig_Arrow4_solid.ubulk" 853
"../../../Engine/Plugins/Animation/ControlRig/Content/Controls/ControlRig_Arrow4_solid.uasset" 854
"../../../Engine/Plugins/Animation/ControlRig/Content/Controls/ControlRig_Arrow4_solid.uexp" 855
"../../../Engine/Plugins/Animation/ControlRig/Content/Controls/ControlRig_Arrow_1mm.ubulk" 856
"../../../Engine/Plugins/Animation/ControlRig/Content/Controls/ControlRig_Arrow_1mm.uasset" 857
"../../../Engine/Plugins/Animation/ControlRig/Content/Controls/ControlRig_Arrow_1mm.uexp" 858
"../../../Engine/Plugins/Animation/ControlRig/Content/Controls/ControlRig_Arrow_3mm.ubulk" 859
"../../../Engine/Plugins/Animation/ControlRig/Content/Controls/ControlRig_Arrow_3mm.uasset" 860
"../../../Engine/Plugins/Animation/ControlRig/Content/Controls/ControlRig_Arrow_3mm.uexp" 861
"../../../Engine/Plugins/Animation/ControlRig/Content/Controls/ControlRig_Arrow_solid.ubulk" 862
"../../../Engine/Plugins/Animation/ControlRig/Content/Controls/ControlRig_Arrow_solid.uasset" 863
"../../../Engine/Plugins/Animation/ControlRig/Content/Controls/ControlRig_Arrow_solid.uexp" 864
"../../../Engine/Plugins/Animation/ControlRig/Content/Controls/ControlRig_Box_1mm.ubulk" 865
"../../../Engine/Plugins/Animation/ControlRig/Content/Controls/ControlRig_Box_1mm.uasset" 866
"../../../Engine/Plugins/Animation/ControlRig/Content/Controls/ControlRig_Box_1mm.uexp" 867
"../../../Engine/Plugins/Animation/ControlRig/Content/Controls/ControlRig_Box_3mm.ubulk" 868
"../../../Engine/Plugins/Animation/ControlRig/Content/Controls/ControlRig_Box_3mm.uasset" 869
"../../../Engine/Plugins/Animation/ControlRig/Content/Controls/ControlRig_Box_3mm.uexp" 870
"../../../Engine/Plugins/Animation/ControlRig/Content/Controls/ControlRig_Box_solid.ubulk" 871
"../../../Engine/Plugins/Animation/ControlRig/Content/Controls/ControlRig_Box_solid.uasset" 872
"../../../Engine/Plugins/Animation/ControlRig/Content/Controls/ControlRig_Box_solid.uexp" 873
"../../../Engine/Plugins/Animation/ControlRig/Content/Controls/ControlRig_Circle_1mm.ubulk" 874
"../../../Engine/Plugins/Animation/ControlRig/Content/Controls/ControlRig_Circle_1mm.uasset" 875
"../../../Engine/Plugins/Animation/ControlRig/Content/Controls/ControlRig_Circle_1mm.uexp" 876
"../../../Engine/Plugins/Animation/ControlRig/Content/Controls/ControlRig_Circle_3mm.ubulk" 877
"../../../Engine/Plugins/Animation/ControlRig/Content/Controls/ControlRig_Circle_3mm.uasset" 878
"../../../Engine/Plugins/Animation/ControlRig/Content/Controls/ControlRig_Circle_3mm.uexp" 879
"../../../Engine/Plugins/Animation/ControlRig/Content/Controls/ControlRig_Circle_solid.ubulk" 880
"../../../Engine/Plugins/Animation/ControlRig/Content/Controls/ControlRig_Circle_solid.uasset" 881
"../../../Engine/Plugins/Animation/ControlRig/Content/Controls/ControlRig_Circle_solid.uexp" 882
"../../../Engine/Plugins/Animation/ControlRig/Content/Controls/ControlRig_Diamond_1mm.ubulk" 883
"../../../Engine/Plugins/Animation/ControlRig/Content/Controls/ControlRig_Diamond_1mm.uasset" 884
"../../../Engine/Plugins/Animation/ControlRig/Content/Controls/ControlRig_Diamond_1mm.uexp" 885
"../../../Engine/Plugins/Animation/ControlRig/Content/Controls/ControlRig_Diamond_3mm.ubulk" 886
"../../../Engine/Plugins/Animation/ControlRig/Content/Controls/ControlRig_Diamond_3mm.uasset" 887
"../../../Engine/Plugins/Animation/ControlRig/Content/Controls/ControlRig_Diamond_3mm.uexp" 888
"../../../Engine/Plugins/Animation/ControlRig/Content/Controls/ControlRig_Diamond_solid.ubulk" 889
"../../../Engine/Plugins/Animation/ControlRig/Content/Controls/ControlRig_Diamond_solid.uasset" 890
"../../../Engine/Plugins/Animation/ControlRig/Content/Controls/ControlRig_Diamond_solid.uexp" 891
"../../../Engine/Plugins/Animation/ControlRig/Content/Controls/ControlRig_HalfCircle_1mm.ubulk" 892
"../../../Engine/Plugins/Animation/ControlRig/Content/Controls/ControlRig_HalfCircle_1mm.uasset" 893
"../../../Engine/Plugins/Animation/ControlRig/Content/Controls/ControlRig_HalfCircle_1mm.uexp" 894
"../../../Engine/Plugins/Animation/ControlRig/Content/Controls/ControlRig_HalfCircle_3mm.ubulk" 895
"../../../Engine/Plugins/Animation/ControlRig/Content/Controls/ControlRig_HalfCircle_3mm.uasset" 896
"../../../Engine/Plugins/Animation/ControlRig/Content/Controls/ControlRig_HalfCircle_3mm.uexp" 897
"../../../Engine/Plugins/Animation/ControlRig/Content/Controls/ControlRig_HalfCircle_solid.ubulk" 898
"../../../Engine/Plugins/Animation/ControlRig/Content/Controls/ControlRig_HalfCircle_solid.uasset" 899
"../../../Engine/Plugins/Animation/ControlRig/Content/Controls/ControlRig_HalfCircle_solid.uexp" 900
"../../../Engine/Plugins/Animation/ControlRig/Content/Controls/ControlRig_Hexagon_1mm.ubulk" 901
"../../../Engine/Plugins/Animation/ControlRig/Content/Controls/ControlRig_Hexagon_1mm.uasset" 902
"../../../Engine/Plugins/Animation/ControlRig/Content/Controls/ControlRig_Hexagon_1mm.uexp" 903
"../../../Engine/Plugins/Animation/ControlRig/Content/Controls/ControlRig_Hexagon_3mm.ubulk" 904
"../../../Engine/Plugins/Animation/ControlRig/Content/Controls/ControlRig_Hexagon_3mm.uasset" 905
"../../../Engine/Plugins/Animation/ControlRig/Content/Controls/ControlRig_Hexagon_3mm.uexp" 906
"../../../Engine/Plugins/Animation/ControlRig/Content/Controls/ControlRig_Hexagon_solid.ubulk" 907
"../../../Engine/Plugins/Animation/ControlRig/Content/Controls/ControlRig_Hexagon_solid.uasset" 908
"../../../Engine/Plugins/Animation/ControlRig/Content/Controls/ControlRig_Hexagon_solid.uexp" 909
"../../../Engine/Plugins/Animation/ControlRig/Content/Controls/ControlRig_Octagon_1mm.ubulk" 910
"../../../Engine/Plugins/Animation/ControlRig/Content/Controls/ControlRig_Octagon_1mm.uasset" 911
"../../../Engine/Plugins/Animation/ControlRig/Content/Controls/ControlRig_Octagon_1mm.uexp" 912
"../../../Engine/Plugins/Animation/ControlRig/Content/Controls/ControlRig_Octagon_3mm.ubulk" 913
"../../../Engine/Plugins/Animation/ControlRig/Content/Controls/ControlRig_Octagon_3mm.uasset" 914
"../../../Engine/Plugins/Animation/ControlRig/Content/Controls/ControlRig_Octagon_3mm.uexp" 915
"../../../Engine/Plugins/Animation/ControlRig/Content/Controls/ControlRig_Octagon_solid.ubulk" 916
"../../../Engine/Plugins/Animation/ControlRig/Content/Controls/ControlRig_Octagon_solid.uasset" 917
"../../../Engine/Plugins/Animation/ControlRig/Content/Controls/ControlRig_Octagon_solid.uexp" 918
"../../../Engine/Plugins/Animation/ControlRig/Content/Controls/ControlRig_Pyramid_1mm.ubulk" 919
"../../../Engine/Plugins/Animation/ControlRig/Content/Controls/ControlRig_Pyramid_1mm.uasset" 920
"../../../Engine/Plugins/Animation/ControlRig/Content/Controls/ControlRig_Pyramid_1mm.uexp" 921
"../../../Engine/Plugins/Animation/ControlRig/Content/Controls/ControlRig_Pyramid_3mm.ubulk" 922
"../../../Engine/Plugins/Animation/ControlRig/Content/Controls/ControlRig_Pyramid_3mm.uasset" 923
"../../../Engine/Plugins/Animation/ControlRig/Content/Controls/ControlRig_Pyramid_3mm.uexp" 924
"../../../Engine/Plugins/Animation/ControlRig/Content/Controls/ControlRig_Pyramid_solid.ubulk" 925
"../../../Engine/Plugins/Animation/ControlRig/Content/Controls/ControlRig_Pyramid_solid.uasset" 926
"../../../Engine/Plugins/Animation/ControlRig/Content/Controls/ControlRig_Pyramid_solid.uexp" 927
"../../../Engine/Plugins/Animation/ControlRig/Content/Controls/ControlRig_QuarterCircle_1mm.ubulk" 928
"../../../Engine/Plugins/Animation/ControlRig/Content/Controls/ControlRig_QuarterCircle_1mm.uasset" 929
"../../../Engine/Plugins/Animation/ControlRig/Content/Controls/ControlRig_QuarterCircle_1mm.uexp" 930
"../../../Engine/Plugins/Animation/ControlRig/Content/Controls/ControlRig_QuarterCircle_3mm.ubulk" 931
"../../../Engine/Plugins/Animation/ControlRig/Content/Controls/ControlRig_QuarterCircle_3mm.uasset" 932
"../../../Engine/Plugins/Animation/ControlRig/Content/Controls/ControlRig_QuarterCircle_3mm.uexp" 933
"../../../Engine/Plugins/Animation/ControlRig/Content/Controls/ControlRig_QuarterCircle_solid.ubulk" 934
"../../../Engine/Plugins/Animation/ControlRig/Content/Controls/ControlRig_QuarterCircle_solid.uasset" 935
"../../../Engine/Plugins/Animation/ControlRig/Content/Controls/ControlRig_QuarterCircle_solid.uexp" 936
"../../../Engine/Plugins/Animation/ControlRig/Content/Controls/ControlRig_RoundedSquare_1mm.ubulk" 937
"../../../Engine/Plugins/Animation/ControlRig/Content/Controls/ControlRig_RoundedSquare_1mm.uasset" 938
"../../../Engine/Plugins/Animation/ControlRig/Content/Controls/ControlRig_RoundedSquare_1mm.uexp" 939
"../../../Engine/Plugins/Animation/ControlRig/Content/Controls/ControlRig_RoundedSquare_3mm.ubulk" 940
"../../../Engine/Plugins/Animation/ControlRig/Content/Controls/ControlRig_RoundedSquare_3mm.uasset" 941
"../../../Engine/Plugins/Animation/ControlRig/Content/Controls/ControlRig_RoundedSquare_3mm.uexp" 942
"../../../Engine/Plugins/Animation/ControlRig/Content/Controls/ControlRig_RoundedSquare_solid.ubulk" 943
"../../../Engine/Plugins/Animation/ControlRig/Content/Controls/ControlRig_RoundedSquare_solid.uasset" 944
"../../../Engine/Plugins/Animation/ControlRig/Content/Controls/ControlRig_RoundedSquare_solid.uexp" 945
"../../../Engine/Plugins/Animation/ControlRig/Content/Controls/ControlRig_RoundedTriangle_1mm.ubulk" 946
"../../../Engine/Plugins/Animation/ControlRig/Content/Controls/ControlRig_RoundedTriangle_1mm.uasset" 947
"../../../Engine/Plugins/Animation/ControlRig/Content/Controls/ControlRig_RoundedTriangle_1mm.uexp" 948
"../../../Engine/Plugins/Animation/ControlRig/Content/Controls/ControlRig_RoundedTriangle_3mm.ubulk" 949
"../../../Engine/Plugins/Animation/ControlRig/Content/Controls/ControlRig_RoundedTriangle_3mm.uasset" 950
"../../../Engine/Plugins/Animation/ControlRig/Content/Controls/ControlRig_RoundedTriangle_3mm.uexp" 951
"../../../Engine/Plugins/Animation/ControlRig/Content/Controls/ControlRig_RoundedTriangle_solid.ubulk" 952
"../../../Engine/Plugins/Animation/ControlRig/Content/Controls/ControlRig_RoundedTriangle_solid.uasset" 953
"../../../Engine/Plugins/Animation/ControlRig/Content/Controls/ControlRig_RoundedTriangle_solid.uexp" 954
"../../../Engine/Plugins/Animation/ControlRig/Content/Controls/ControlRig_Sphere_1mm.ubulk" 955
"../../../Engine/Plugins/Animation/ControlRig/Content/Controls/ControlRig_Sphere_1mm.uasset" 956
"../../../Engine/Plugins/Animation/ControlRig/Content/Controls/ControlRig_Sphere_1mm.uexp" 957
"../../../Engine/Plugins/Animation/ControlRig/Content/Controls/ControlRig_Sphere_3mm.ubulk" 958
"../../../Engine/Plugins/Animation/ControlRig/Content/Controls/ControlRig_Sphere_3mm.uasset" 959
"../../../Engine/Plugins/Animation/ControlRig/Content/Controls/ControlRig_Sphere_3mm.uexp" 960
"../../../Engine/Plugins/Animation/ControlRig/Content/Controls/ControlRig_Sphere_solid.ubulk" 961
"../../../Engine/Plugins/Animation/ControlRig/Content/Controls/ControlRig_Sphere_solid.uasset" 962
"../../../Engine/Plugins/Animation/ControlRig/Content/Controls/ControlRig_Sphere_solid.uexp" 963
"../../../Engine/Plugins/Animation/ControlRig/Content/Controls/ControlRig_Square_1mm.ubulk" 964
"../../../Engine/Plugins/Animation/ControlRig/Content/Controls/ControlRig_Square_1mm.uasset" 965
"../../../Engine/Plugins/Animation/ControlRig/Content/Controls/ControlRig_Square_1mm.uexp" 966
"../../../Engine/Plugins/Animation/ControlRig/Content/Controls/ControlRig_Square_3mm.ubulk" 967
"../../../Engine/Plugins/Animation/ControlRig/Content/Controls/ControlRig_Square_3mm.uasset" 968
"../../../Engine/Plugins/Animation/ControlRig/Content/Controls/ControlRig_Square_3mm.uexp" 969
"../../../Engine/Plugins/Animation/ControlRig/Content/Controls/ControlRig_Square_solid.ubulk" 970
"../../../Engine/Plugins/Animation/ControlRig/Content/Controls/ControlRig_Square_solid.uasset" 971
"../../../Engine/Plugins/Animation/ControlRig/Content/Controls/ControlRig_Square_solid.uexp" 972
"../../../Engine/Plugins/Animation/ControlRig/Content/Controls/ControlRig_Star4_1mm.ubulk" 973
"../../../Engine/Plugins/Animation/ControlRig/Content/Controls/ControlRig_Star4_1mm.uasset" 974
"../../../Engine/Plugins/Animation/ControlRig/Content/Controls/ControlRig_Star4_1mm.uexp" 975
"../../../Engine/Plugins/Animation/ControlRig/Content/Controls/ControlRig_Star4_3mm.ubulk" 976
"../../../Engine/Plugins/Animation/ControlRig/Content/Controls/ControlRig_Star4_3mm.uasset" 977
"../../../Engine/Plugins/Animation/ControlRig/Content/Controls/ControlRig_Star4_3mm.uexp" 978
"../../../Engine/Plugins/Animation/ControlRig/Content/Controls/ControlRig_Star4_solid.ubulk" 979
"../../../Engine/Plugins/Animation/ControlRig/Content/Controls/ControlRig_Star4_solid.uasset" 980
"../../../Engine/Plugins/Animation/ControlRig/Content/Controls/ControlRig_Star4_solid.uexp" 981
"../../../Engine/Plugins/Animation/ControlRig/Content/Controls/ControlRig_Triangle_1mm.ubulk" 982
"../../../Engine/Plugins/Animation/ControlRig/Content/Controls/ControlRig_Triangle_1mm.uasset" 983
"../../../Engine/Plugins/Animation/ControlRig/Content/Controls/ControlRig_Triangle_1mm.uexp" 984
"../../../Engine/Plugins/Animation/ControlRig/Content/Controls/ControlRig_Triangle_3mm.ubulk" 985
"../../../Engine/Plugins/Animation/ControlRig/Content/Controls/ControlRig_Triangle_3mm.uasset" 986
"../../../Engine/Plugins/Animation/ControlRig/Content/Controls/ControlRig_Triangle_3mm.uexp" 987
"../../../Engine/Plugins/Animation/ControlRig/Content/Controls/ControlRig_Triangle_solid.ubulk" 988
"../../../Engine/Plugins/Animation/ControlRig/Content/Controls/ControlRig_Triangle_solid.uasset" 989
"../../../Engine/Plugins/Animation/ControlRig/Content/Controls/ControlRig_Triangle_solid.uexp" 990
"../../../Engine/Plugins/Animation/ControlRig/Content/Controls/ControlRig_Wedge_1mm.ubulk" 991
"../../../Engine/Plugins/Animation/ControlRig/Content/Controls/ControlRig_Wedge_1mm.uasset" 992
"../../../Engine/Plugins/Animation/ControlRig/Content/Controls/ControlRig_Wedge_1mm.uexp" 993
"../../../Engine/Plugins/Animation/ControlRig/Content/Controls/ControlRig_Wedge_3mm.ubulk" 994
"../../../Engine/Plugins/Animation/ControlRig/Content/Controls/ControlRig_Wedge_3mm.uasset" 995
"../../../Engine/Plugins/Animation/ControlRig/Content/Controls/ControlRig_Wedge_3mm.uexp" 996
"../../../Engine/Plugins/Animation/ControlRig/Content/Controls/ControlRig_Wedge_solid.ubulk" 997
"../../../Engine/Plugins/Animation/ControlRig/Content/Controls/ControlRig_Wedge_solid.uasset" 998
"../../../Engine/Plugins/Animation/ControlRig/Content/Controls/ControlRig_Wedge_solid.uexp" 999
"../../../Engine/Content/BasicShapes/Cone.ubulk" 1000
"../../../Engine/Content/BasicShapes/Cone.uasset" 1001
"../../../Engine/Content/BasicShapes/Cone.uexp" 1002
"../../../Engine/Content/BasicShapes/Cylinder.ubulk" 1003
"../../../Engine/Content/BasicShapes/Cylinder.uasset" 1004
"../../../Engine/Content/BasicShapes/Cylinder.uexp" 1005
"../../../Engine/Content/BasicShapes/Plane.ubulk" 1006
"../../../Engine/Content/BasicShapes/Plane.uasset" 1007
"../../../Engine/Content/BasicShapes/Plane.uexp" 1008
"../../../Engine/Content/BasicShapes/Sphere.ubulk" 1009
"../../../Engine/Content/BasicShapes/Sphere.uasset" 1010
"../../../Engine/Content/BasicShapes/Sphere.uexp" 1011
"../../../Engine/Content/EditorLandscapeResources/SplineEditorMeshMat.uasset" 1012
"../../../Engine/Content/EditorLandscapeResources/SplineEditorMeshMat.uexp" 1013
"../../../Engine/Content/EditorLandscapeResources/SplineEditorMesh.ubulk" 1014
"../../../Engine/Content/EditorLandscapeResources/SplineEditorMesh.uasset" 1015
"../../../Engine/Content/EditorLandscapeResources/SplineEditorMesh.uexp" 1016
"../../../Engine/Plugins/Media/MediaPlate/Content/SM_MediaPlateScreen.ubulk" 1017
"../../../Engine/Plugins/Media/MediaPlate/Content/SM_MediaPlateScreen.uasset" 1018
"../../../Engine/Plugins/Media/MediaPlate/Content/SM_MediaPlateScreen.uexp" 1019
"../../../Engine/Plugins/2D/Paper2D/Content/DefaultSpriteMaterial.uasset" 1020
"../../../Engine/Plugins/2D/Paper2D/Content/DefaultSpriteMaterial.uexp" 1021
"../../../Engine/Plugins/2D/Paper2D/Content/OpaqueUnlitSpriteMaterial.uasset" 1022
"../../../Engine/Plugins/2D/Paper2D/Content/OpaqueUnlitSpriteMaterial.uexp" 1023
"../../../Engine/Plugins/2D/Paper2D/Content/MaskedUnlitSpriteMaterial.uasset" 1024
"../../../Engine/Plugins/2D/Paper2D/Content/MaskedUnlitSpriteMaterial.uexp" 1025
"../../../Engine/Content/Functions/Engine_MaterialFunctions03/Math/WithinRangeFloat2.uasset" 1026
"../../../Engine/Content/Functions/Engine_MaterialFunctions03/Math/WithinRangeFloat2.uexp" 1027
"../../../Engine/Content/EditorLandscapeResources/SelectBrushMaterial.uasset" 1028
"../../../Engine/Content/EditorLandscapeResources/SelectBrushMaterial.uexp" 1029
"../../../Engine/Content/EditorLandscapeResources/SelectBrushMaterial_SelectedRegion.uasset" 1030
"../../../Engine/Content/EditorLandscapeResources/SelectBrushMaterial_SelectedRegion.uexp" 1031
"../../../Engine/Content/EditorLandscapeResources/SelectBrushMaterial_Selected.uasset" 1032
"../../../Engine/Content/EditorLandscapeResources/SelectBrushMaterial_Selected.uexp" 1033
"../../../Engine/Content/EditorLandscapeResources/MaskBrushMaterial.uasset" 1034
"../../../Engine/Content/EditorLandscapeResources/MaskBrushMaterial.uexp" 1035
"../../../Engine/Content/EditorLandscapeResources/MaskBrushMaterial_MaskedRegion.uasset" 1036
"../../../Engine/Content/EditorLandscapeResources/MaskBrushMaterial_MaskedRegion.uexp" 1037
"../../../Engine/Content/EditorLandscapeResources/ColorMaskBrushMaterial.uasset" 1038
"../../../Engine/Content/EditorLandscapeResources/ColorMaskBrushMaterial.uexp" 1039
"../../../Engine/Content/EditorLandscapeResources/ColorMaskBrushMaterial_MaskedRegion.uasset" 1040
"../../../Engine/Content/EditorLandscapeResources/ColorMaskBrushMaterial_MaskedRegion.uexp" 1041
"../../../Engine/Content/EngineResources/DefaultTextureCube.uasset" 1042
"../../../Engine/Content/EngineResources/DefaultTextureCube.uexp" 1043
"../../../Engine/Content/EngineResources/WhiteSquareTexture.uasset" 1044
"../../../Engine/Content/EngineResources/WhiteSquareTexture.uexp" 1045
"../../../Engine/Content/EngineMaterials/Widget3DPassThrough.uasset" 1046
"../../../Engine/Content/EngineMaterials/Widget3DPassThrough.uexp" 1047
"../../../Engine/Content/EngineMaterials/Widget3DPassThrough_Translucent.uasset" 1048
"../../../Engine/Content/EngineMaterials/Widget3DPassThrough_Translucent.uexp" 1049
"../../../Engine/Content/EngineMaterials/Widget3DPassThrough_Translucent_OneSided.uasset" 1050
"../../../Engine/Content/EngineMaterials/Widget3DPassThrough_Translucent_OneSided.uexp" 1051
"../../../Engine/Content/EngineMaterials/Widget3DPassThrough_Opaque.uasset" 1052
"../../../Engine/Content/EngineMaterials/Widget3DPassThrough_Opaque.uexp" 1053
"../../../Engine/Content/EngineMaterials/Widget3DPassThrough_Opaque_OneSided.uasset" 1054
"../../../Engine/Content/EngineMaterials/Widget3DPassThrough_Opaque_OneSided.uexp" 1055
"../../../Engine/Content/EngineMaterials/Widget3DPassThrough_Masked_OneSided.uasset" 1056
"../../../Engine/Content/EngineMaterials/Widget3DPassThrough_Masked_OneSided.uexp" 1057
"../../../Engine/Content/EngineMaterials/Widget3DPassThrough_Masked.uasset" 1058
"../../../Engine/Content/EngineMaterials/Widget3DPassThrough_Masked.uexp" 1059
"../../../Engine/Content/EngineSky/VolumetricClouds/VT_PerlinWorley_Balanced.uasset" 1060
"../../../Engine/Content/EngineSky/VolumetricClouds/VT_PerlinWorley_Balanced.uexp" 1061
"../../../Engine/Content/EngineSky/VolumetricClouds/T_Profile_08.ubulk" 1062
"../../../Engine/Content/EngineSky/VolumetricClouds/T_Profile_08.uasset" 1063
"../../../Engine/Content/EngineSky/VolumetricClouds/T_Profile_08.uexp" 1064
"../../../Engine/Content/EngineSky/VolumetricClouds/T_CloudPattern.ubulk" 1065
"../../../Engine/Content/EngineSky/VolumetricClouds/T_CloudPattern.uasset" 1066
"../../../Engine/Content/EngineSky/VolumetricClouds/T_CloudPattern.uexp" 1067
"../../../Engine/Content/EngineSky/VolumetricClouds/T_CloudMask.ubulk" 1068
"../../../Engine/Content/EngineSky/VolumetricClouds/T_CloudMask.uasset" 1069
"../../../Engine/Content/EngineSky/VolumetricClouds/T_CloudMask.uexp" 1070
"../../../Engine/Content/Functions/Engine_MaterialFunctions02/Utility/BreakOutFloat4Components.uasset" 1071
"../../../Engine/Content/Functions/Engine_MaterialFunctions02/Utility/BreakOutFloat4Components.uexp" 1072
"../../../Engine/Content/EngineResources/DefaultVolumeTexture2D.uasset" 1073
"../../../Engine/Content/EngineResources/DefaultVolumeTexture2D.uexp" 1074
"../../../Engine/Content/EngineResources/DefaultVolumeTexture.uasset" 1075
"../../../Engine/Content/EngineResources/DefaultVolumeTexture.uexp" 1076
"../../../Engine/Content/Functions/Engine_MaterialFunctions02/Utility/MakeFloat4.uasset" 1077
"../../../Engine/Content/Functions/Engine_MaterialFunctions02/Utility/MakeFloat4.uexp" 1078
"../../../Engine/Content/EngineSky/VolumetricClouds/VT_Lightning.uasset" 1079
"../../../Engine/Content/EngineSky/VolumetricClouds/VT_Lightning.uexp" 1080
"../../../Engine/Content/Functions/Engine_MaterialFunctions01/Units/Km-to-Cm.uasset" 1081
"../../../Engine/Content/Functions/Engine_MaterialFunctions01/Units/Km-to-Cm.uexp" 1082
"../../../Engine/Content/EngineSky/VolumetricClouds/m_SimpleVolumetricCloud.uasset" 1083
"../../../Engine/Content/EngineSky/VolumetricClouds/m_SimpleVolumetricCloud.uexp" 1084
"../../../Engine/Content/EngineSky/VolumetricClouds/m_SimpleVolumetricCloud_Inst.uasset" 1085
"../../../Engine/Content/EngineSky/VolumetricClouds/m_SimpleVolumetricCloud_Inst.uexp" 1086
"../../../Engine/Plugins/Interchange/Assets/Content/gltf/MaterialBodies/MF_Unlit_Body.uasset" 1087
"../../../Engine/Plugins/Interchange/Assets/Content/gltf/MaterialBodies/MF_Unlit_Body.uexp" 1088
"../../../Engine/Plugins/Interchange/Assets/Content/gltf/M_Unlit.uasset" 1089
"../../../Engine/Plugins/Interchange/Assets/Content/gltf/M_Unlit.uexp" 1090
"../../../Engine/Plugins/Interchange/Assets/Content/gltf/MaterialInstances/MI_Unlit_Opaque_DS.uasset" 1091
"../../../Engine/Plugins/Interchange/Assets/Content/gltf/MaterialInstances/MI_Unlit_Opaque_DS.uexp" 1092
"../../../Engine/Plugins/Interchange/Assets/Content/gltf/MaterialInstances/MI_Unlit_Opaque.uasset" 1093
"../../../Engine/Plugins/Interchange/Assets/Content/gltf/MaterialInstances/MI_Unlit_Opaque.uexp" 1094
"../../../Engine/Plugins/Interchange/Assets/Content/gltf/MaterialInstances/MI_Unlit_Mask_DS.uasset" 1095
"../../../Engine/Plugins/Interchange/Assets/Content/gltf/MaterialInstances/MI_Unlit_Mask_DS.uexp" 1096
"../../../Engine/Plugins/Interchange/Assets/Content/gltf/MaterialInstances/MI_Unlit_Mask.uasset" 1097
"../../../Engine/Plugins/Interchange/Assets/Content/gltf/MaterialInstances/MI_Unlit_Mask.uexp" 1098
"../../../Engine/Plugins/Interchange/Assets/Content/gltf/MaterialInstances/MI_Unlit_Blend_DS.uasset" 1099
"../../../Engine/Plugins/Interchange/Assets/Content/gltf/MaterialInstances/MI_Unlit_Blend_DS.uexp" 1100
"../../../Engine/Plugins/Interchange/Assets/Content/gltf/MaterialInstances/MI_Unlit_Blend.uasset" 1101
"../../../Engine/Plugins/Interchange/Assets/Content/gltf/MaterialInstances/MI_Unlit_Blend.uexp" 1102
"../../../Engine/Content/EngineMaterials/Good64x64TilingNoiseHighFreq.uasset" 1103
"../../../Engine/Content/EngineMaterials/Good64x64TilingNoiseHighFreq.uexp" 1104
"../../../Engine/Content/Functions/Engine_MaterialFunctions02/Texturing/ScreenAlignedPixelToPixelUVs.uasset" 1105
"../../../Engine/Content/Functions/Engine_MaterialFunctions02/Texturing/ScreenAlignedPixelToPixelUVs.uexp" 1106
"../../../Engine/Plugins/Interchange/Assets/Content/gltf/MaterialFunctions/MF_Fresnel_DS.uasset" 1107
"../../../Engine/Plugins/Interchange/Assets/Content/gltf/MaterialFunctions/MF_Fresnel_DS.uexp" 1108
"../../../Engine/Plugins/Interchange/Assets/Content/gltf/MaterialFunctions/MF_Temporal_Blur.uasset" 1109
"../../../Engine/Plugins/Interchange/Assets/Content/gltf/MaterialFunctions/MF_Temporal_Blur.uexp" 1110
"../../../Engine/Plugins/Interchange/Assets/Content/gltf/MaterialFunctions/MF_Transmission.uasset" 1111
"../../../Engine/Plugins/Interchange/Assets/Content/gltf/MaterialFunctions/MF_Transmission.uexp" 1112
"../../../Engine/Plugins/Interchange/Assets/Content/gltf/MaterialBodies/MF_Transmission_Body.uasset" 1113
"../../../Engine/Plugins/Interchange/Assets/Content/gltf/MaterialBodies/MF_Transmission_Body.uexp" 1114
"../../../Engine/Plugins/Interchange/Assets/Content/gltf/M_Transmission.uasset" 1115
"../../../Engine/Plugins/Interchange/Assets/Content/gltf/M_Transmission.uexp" 1116
"../../../Engine/Plugins/Interchange/Assets/Content/gltf/MaterialInstances/MI_Transmission_DS.uasset" 1117
"../../../Engine/Plugins/Interchange/Assets/Content/gltf/MaterialInstances/MI_Transmission_DS.uexp" 1118
"../../../Engine/Plugins/Interchange/Assets/Content/gltf/MaterialInstances/MI_Transmission.uasset" 1119
"../../../Engine/Plugins/Interchange/Assets/Content/gltf/MaterialInstances/MI_Transmission.uexp" 1120
"../../../Engine/Content/Functions/Engine_MaterialFunctions02/Math/AddComponents.uasset" 1121
"../../../Engine/Content/Functions/Engine_MaterialFunctions02/Math/AddComponents.uexp" 1122
"../../../Engine/Plugins/Interchange/Assets/Content/gltf/MaterialFunctions/MF_DiffuseSpecGloss.uasset" 1123
"../../../Engine/Plugins/Interchange/Assets/Content/gltf/MaterialFunctions/MF_DiffuseSpecGloss.uexp" 1124
"../../../Engine/Plugins/Interchange/Assets/Content/gltf/MaterialFunctions/MF_MaxComponentValue.uasset" 1125
"../../../Engine/Plugins/Interchange/Assets/Content/gltf/MaterialFunctions/MF_MaxComponentValue.uexp" 1126
"../../../Engine/Plugins/Interchange/Assets/Content/gltf/MaterialFunctions/MF_PerceivedBrightness.uasset" 1127
"../../../Engine/Plugins/Interchange/Assets/Content/gltf/MaterialFunctions/MF_PerceivedBrightness.uexp" 1128
"../../../Engine/Plugins/Interchange/Assets/Content/gltf/MaterialFunctions/MF_SpecGlossToMetalRoughness.uasset" 1129
"../../../Engine/Plugins/Interchange/Assets/Content/gltf/MaterialFunctions/MF_SpecGlossToMetalRoughness.uexp" 1130
"../../../Engine/Plugins/Interchange/Assets/Content/gltf/MaterialBodies/MF_SpecularGlossiness_Body.uasset" 1131
"../../../Engine/Plugins/Interchange/Assets/Content/gltf/MaterialBodies/MF_SpecularGlossiness_Body.uexp" 1132
"../../../Engine/Plugins/Interchange/Assets/Content/gltf/M_SpecularGlossiness.uasset" 1133
"../../../Engine/Plugins/Interchange/Assets/Content/gltf/M_SpecularGlossiness.uexp" 1134
"../../../Engine/Plugins/Interchange/Assets/Content/gltf/MaterialInstances/MI_SpecularGlossiness_Opaque_DS.uasset" 1135
"../../../Engine/Plugins/Interchange/Assets/Content/gltf/MaterialInstances/MI_SpecularGlossiness_Opaque_DS.uexp" 1136
"../../../Engine/Plugins/Interchange/Assets/Content/gltf/MaterialInstances/MI_SpecularGlossiness_Opaque.uasset" 1137
"../../../Engine/Plugins/Interchange/Assets/Content/gltf/MaterialInstances/MI_SpecularGlossiness_Opaque.uexp" 1138
"../../../Engine/Plugins/Interchange/Assets/Content/gltf/MaterialInstances/MI_SpecularGlossiness_Mask_DS.uasset" 1139
"../../../Engine/Plugins/Interchange/Assets/Content/gltf/MaterialInstances/MI_SpecularGlossiness_Mask_DS.uexp" 1140
"../../../Engine/Plugins/Interchange/Assets/Content/gltf/MaterialInstances/MI_SpecularGlossiness_Mask.uasset" 1141
"../../../Engine/Plugins/Interchange/Assets/Content/gltf/MaterialInstances/MI_SpecularGlossiness_Mask.uexp" 1142
"../../../Engine/Plugins/Interchange/Assets/Content/gltf/MaterialInstances/MI_SpecularGlossiness_Blend_DS.uasset" 1143
"../../../Engine/Plugins/Interchange/Assets/Content/gltf/MaterialInstances/MI_SpecularGlossiness_Blend_DS.uexp" 1144
"../../../Engine/Plugins/Interchange/Assets/Content/gltf/MaterialInstances/MI_SpecularGlossiness_Blend.uasset" 1145
"../../../Engine/Plugins/Interchange/Assets/Content/gltf/MaterialInstances/MI_SpecularGlossiness_Blend.uexp" 1146
"../../../Engine/Plugins/Interchange/Assets/Content/gltf/MaterialFunctions/MF_Sheen.uasset" 1147
"../../../Engine/Plugins/Interchange/Assets/Content/gltf/MaterialFunctions/MF_Sheen.uexp" 1148
"../../../Engine/Plugins/Interchange/Assets/Content/gltf/MaterialBodies/MF_Sheen_Body.uasset" 1149
"../../../Engine/Plugins/Interchange/Assets/Content/gltf/MaterialBodies/MF_Sheen_Body.uexp" 1150
"../../../Engine/Plugins/Interchange/Assets/Content/gltf/M_Sheen.uasset" 1151
"../../../Engine/Plugins/Interchange/Assets/Content/gltf/M_Sheen.uexp" 1152
"../../../Engine/Plugins/Interchange/Assets/Content/gltf/MaterialInstances/MI_Sheen_Opaque_DS.uasset" 1153
"../../../Engine/Plugins/Interchange/Assets/Content/gltf/MaterialInstances/MI_Sheen_Opaque_DS.uexp" 1154
"../../../Engine/Plugins/Interchange/Assets/Content/gltf/MaterialInstances/MI_Sheen_Opaque.uasset" 1155
"../../../Engine/Plugins/Interchange/Assets/Content/gltf/MaterialInstances/MI_Sheen_Opaque.uexp" 1156
"../../../Engine/Plugins/Interchange/Assets/Content/gltf/MaterialInstances/MI_Sheen_Mask_DS.uasset" 1157
"../../../Engine/Plugins/Interchange/Assets/Content/gltf/MaterialInstances/MI_Sheen_Mask_DS.uexp" 1158
"../../../Engine/Plugins/Interchange/Assets/Content/gltf/MaterialInstances/MI_Sheen_Mask.uasset" 1159
"../../../Engine/Plugins/Interchange/Assets/Content/gltf/MaterialInstances/MI_Sheen_Mask.uexp" 1160
"../../../Engine/Plugins/Interchange/Assets/Content/gltf/MaterialInstances/MI_Sheen_Blend_DS.uasset" 1161
"../../../Engine/Plugins/Interchange/Assets/Content/gltf/MaterialInstances/MI_Sheen_Blend_DS.uexp" 1162
"../../../Engine/Plugins/Interchange/Assets/Content/gltf/MaterialInstances/MI_Sheen_Blend.uasset" 1163
"../../../Engine/Plugins/Interchange/Assets/Content/gltf/MaterialInstances/MI_Sheen_Blend.uexp" 1164
"../../../Engine/Plugins/Interchange/Assets/Content/gltf/MaterialInstances/MI_Default_Opaque.uasset" 1165
"../../../Engine/Plugins/Interchange/Assets/Content/gltf/MaterialInstances/MI_Default_Opaque.uexp" 1166
"../../../Engine/Plugins/Interchange/Assets/Content/gltf/MaterialInstances/MI_Default_Mask_DS.uasset" 1167
"../../../Engine/Plugins/Interchange/Assets/Content/gltf/MaterialInstances/MI_Default_Mask_DS.uexp" 1168
"../../../Engine/Plugins/Interchange/Assets/Content/gltf/MaterialInstances/MI_Default_Mask.uasset" 1169
"../../../Engine/Plugins/Interchange/Assets/Content/gltf/MaterialInstances/MI_Default_Mask.uexp" 1170
"../../../Engine/Plugins/Interchange/Assets/Content/gltf/MaterialInstances/MI_Default_Blend_DS.uasset" 1171
"../../../Engine/Plugins/Interchange/Assets/Content/gltf/MaterialInstances/MI_Default_Blend_DS.uexp" 1172
"../../../Engine/Plugins/Interchange/Assets/Content/gltf/MaterialInstances/MI_Default_Blend.uasset" 1173
"../../../Engine/Plugins/Interchange/Assets/Content/gltf/MaterialInstances/MI_Default_Blend.uexp" 1174
"../../../Engine/Content/Functions/Engine_MaterialFunctions01/Texturing/FlattenNormal.uasset" 1175
"../../../Engine/Content/Functions/Engine_MaterialFunctions01/Texturing/FlattenNormal.uexp" 1176
"../../../Engine/Plugins/Interchange/Assets/Content/gltf/MaterialFunctions/MF_Clearcoat.uasset" 1177
"../../../Engine/Plugins/Interchange/Assets/Content/gltf/MaterialFunctions/MF_Clearcoat.uexp" 1178
"../../../Engine/Plugins/Interchange/Assets/Content/gltf/MaterialBodies/MF_ClearCoat_Body.uasset" 1179
"../../../Engine/Plugins/Interchange/Assets/Content/gltf/MaterialBodies/MF_ClearCoat_Body.uexp" 1180
"../../../Engine/Plugins/Interchange/Assets/Content/gltf/M_ClearCoat.uasset" 1181
"../../../Engine/Plugins/Interchange/Assets/Content/gltf/M_ClearCoat.uexp" 1182
"../../../Engine/Plugins/Interchange/Assets/Content/gltf/MaterialInstances/MI_ClearCoat_Opaque_DS.uasset" 1183
"../../../Engine/Plugins/Interchange/Assets/Content/gltf/MaterialInstances/MI_ClearCoat_Opaque_DS.uexp" 1184
"../../../Engine/Plugins/Interchange/Assets/Content/gltf/MaterialInstances/MI_ClearCoat_Opaque.uasset" 1185
"../../../Engine/Plugins/Interchange/Assets/Content/gltf/MaterialInstances/MI_ClearCoat_Opaque.uexp" 1186
"../../../Engine/Plugins/Interchange/Assets/Content/gltf/MaterialInstances/MI_ClearCoat_Mask_DS.uasset" 1187
"../../../Engine/Plugins/Interchange/Assets/Content/gltf/MaterialInstances/MI_ClearCoat_Mask_DS.uexp" 1188
"../../../Engine/Plugins/Interchange/Assets/Content/gltf/MaterialInstances/MI_ClearCoat_Mask.uasset" 1189
"../../../Engine/Plugins/Interchange/Assets/Content/gltf/MaterialInstances/MI_ClearCoat_Mask.uexp" 1190
"../../../Engine/Plugins/Interchange/Assets/Content/gltf/MaterialInstances/MI_ClearCoat_Blend_DS.uasset" 1191
"../../../Engine/Plugins/Interchange/Assets/Content/gltf/MaterialInstances/MI_ClearCoat_Blend_DS.uexp" 1192
"../../../Engine/Plugins/Interchange/Assets/Content/gltf/MaterialInstances/MI_ClearCoat_Blend.uasset" 1193
"../../../Engine/Plugins/Interchange/Assets/Content/gltf/MaterialInstances/MI_ClearCoat_Blend.uexp" 1194
"../../../Engine/Content/EngineMaterials/Substrate/Volume/SubstrateSimpleVolumeLUT3D.uasset" 1195
"../../../Engine/Content/EngineMaterials/Substrate/Volume/SubstrateSimpleVolumeLUT3D.uexp" 1196
"../../../Engine/Content/EngineMaterials/Substrate/Volume/SubstrateSimpleVolumeEnvLUT3D.uasset" 1197
"../../../Engine/Content/EngineMaterials/Substrate/Volume/SubstrateSimpleVolumeEnvLUT3D.uexp" 1198
"../../../Engine/Plugins/NNE/NNEDenoiser/Content/NNE_oidn2-3-0_rt_hdr_calb_cnrm_large__dyn__fp16_opset11_ForwardAlpha.uasset" 1199
"../../../Engine/Plugins/NNE/NNEDenoiser/Content/NNE_oidn2-3-0_rt_hdr_calb_cnrm_large__dyn__fp16_opset11_ForwardAlpha.uexp" 1200
"../../../Engine/Plugins/NNE/NNEDenoiser/Content/NNE_oidn2-3-0_rt_hdr_calb_cnrm_large__dyn__fp16_opset11_DenoiseAlpha.uasset" 1201
"../../../Engine/Plugins/NNE/NNEDenoiser/Content/NNE_oidn2-3-0_rt_hdr_calb_cnrm_large__dyn__fp16_opset11_DenoiseAlpha.uexp" 1202
"../../../Engine/Plugins/NNE/NNEDenoiser/Content/NNE_oidn2-3-0_rt_hdr_alb_nrm__dyn__fp16_opset11_ForwardAlpha.uasset" 1203
"../../../Engine/Plugins/NNE/NNEDenoiser/Content/NNE_oidn2-3-0_rt_hdr_alb_nrm__dyn__fp16_opset11_ForwardAlpha.uexp" 1204
"../../../Engine/Plugins/NNE/NNEDenoiser/Content/NNE_oidn2-3-0_rt_hdr_alb_nrm__dyn__fp16_opset11_DenoiseAlpha.uasset" 1205
"../../../Engine/Plugins/NNE/NNEDenoiser/Content/NNE_oidn2-3-0_rt_hdr_alb_nrm__dyn__fp16_opset11_DenoiseAlpha.uexp" 1206
"../../../Engine/Plugins/NNE/NNEDenoiser/Content/NNE_oidn2-3-0_rt_hdr_alb_nrm_small__dyn__fp16_opset11_ForwardAlpha.uasset" 1207
"../../../Engine/Plugins/NNE/NNEDenoiser/Content/NNE_oidn2-3-0_rt_hdr_alb_nrm_small__dyn__fp16_opset11_ForwardAlpha.uexp" 1208
"../../../Engine/Plugins/NNE/NNEDenoiser/Content/NNE_oidn2-3-0_rt_hdr_alb_nrm_small__dyn__fp16_opset11_DenoiseAlpha.uasset" 1209
"../../../Engine/Plugins/NNE/NNEDenoiser/Content/NNE_oidn2-3-0_rt_hdr_alb_nrm_small__dyn__fp16_opset11_DenoiseAlpha.uexp" 1210
"../../../Engine/Plugins/NNE/NNEDenoiser/Content/NNED_Oidn2-3_HighQuality_Alpha.uasset" 1211
"../../../Engine/Plugins/NNE/NNEDenoiser/Content/NNED_Oidn2-3_HighQuality_Alpha.uexp" 1212
"../../../Engine/Plugins/NNE/NNEDenoiser/Content/NNED_Oidn2-3_HighQuality.uasset" 1213
"../../../Engine/Plugins/NNE/NNEDenoiser/Content/NNED_Oidn2-3_HighQuality.uexp" 1214
"../../../Engine/Plugins/NNE/NNEDenoiser/Content/NNED_Oidn2-3_Fast_Alpha.uasset" 1215
"../../../Engine/Plugins/NNE/NNEDenoiser/Content/NNED_Oidn2-3_Fast_Alpha.uexp" 1216
"../../../Engine/Plugins/NNE/NNEDenoiser/Content/NNED_Oidn2-3_Fast.uasset" 1217
"../../../Engine/Plugins/NNE/NNEDenoiser/Content/NNED_Oidn2-3_Fast.uexp" 1218
"../../../Engine/Plugins/NNE/NNEDenoiser/Content/NNED_Oidn2-3_Balanced_Alpha.uasset" 1219
"../../../Engine/Plugins/NNE/NNEDenoiser/Content/NNED_Oidn2-3_Balanced_Alpha.uexp" 1220
"../../../Engine/Plugins/NNE/NNEDenoiser/Content/NNED_Oidn2-3_Balanced.uasset" 1221
"../../../Engine/Plugins/NNE/NNEDenoiser/Content/NNED_Oidn2-3_Balanced.uexp" 1222
"../../../Engine/Plugins/NNE/NNEDenoiser/Content/NNEDT_Oidn2-3_Balanced_Alpha.uasset" 1223
"../../../Engine/Plugins/NNE/NNEDenoiser/Content/NNEDT_Oidn2-3_Balanced_Alpha.uexp" 1224
"../../../Engine/Plugins/NNE/NNEDenoiser/Content/NNEDT_Oidn2-3_Balanced.uasset" 1225
"../../../Engine/Plugins/NNE/NNEDenoiser/Content/NNEDT_Oidn2-3_Balanced.uexp" 1226
"../../../Engine/Plugins/Animation/DeformerGraph/Content/DeformerFunctions/DG_Function_LinearBlendSkin_Morph_Cloth_PositionOnly.uasset" 1227
"../../../Engine/Plugins/Animation/DeformerGraph/Content/DeformerFunctions/DG_Function_LinearBlendSkin_Morph_Cloth_PositionOnly.uexp" 1228
"../../../Engine/Plugins/Animation/DeformerGraph/Content/DeformerFunctions/DG_Function_ComputeNormalsTangents.uasset" 1229
"../../../Engine/Plugins/Animation/DeformerGraph/Content/DeformerFunctions/DG_Function_ComputeNormalsTangents.uexp" 1230
"../../../Engine/Plugins/Animation/DeformerGraph/Content/Deformers/DG_LinearBlendSkin_Morph_Cloth_RecomputeNormals.uasset" 1231
"../../../Engine/Plugins/Animation/DeformerGraph/Content/Deformers/DG_LinearBlendSkin_Morph_Cloth_RecomputeNormals.uexp" 1232
"../../../Engine/Plugins/Animation/DeformerGraph/Content/DeformerFunctions/DG_Function_LinearBlendSkin_Morph_Cloth.uasset" 1233
"../../../Engine/Plugins/Animation/DeformerGraph/Content/DeformerFunctions/DG_Function_LinearBlendSkin_Morph_Cloth.uexp" 1234
"../../../Engine/Plugins/Animation/DeformerGraph/Content/Deformers/DG_LinearBlendSkin_Morph_Cloth.uasset" 1235
"../../../Engine/Plugins/Animation/DeformerGraph/Content/Deformers/DG_LinearBlendSkin_Morph_Cloth.uexp" 1236
"../../../Engine/Content/VREditor/TransformGizmo/TranslucentTransformGizmoMaterial_Inst.uasset" 1237
"../../../Engine/Content/VREditor/TransformGizmo/TranslucentTransformGizmoMaterial_Inst.uexp" 1238
"../../../Engine/Content/VREditor/TransformGizmo/TransformGizmoMaterial_Inst.uasset" 1239
"../../../Engine/Content/VREditor/TransformGizmo/TransformGizmoMaterial_Inst.uexp" 1240
"../../../Engine/Content/VREditor/Sounds/UI/Drop_Item_From_ContentBrowser.ubulk" 1241
"../../../Engine/Content/VREditor/Sounds/UI/Drop_Item_From_ContentBrowser.uasset" 1242
"../../../Engine/Content/VREditor/Sounds/UI/Drop_Item_From_ContentBrowser.uexp" 1243
"../../../Engine/Content/VREditor/TransformGizmo/UniformScaleHandle.ubulk" 1244
"../../../Engine/Content/VREditor/TransformGizmo/UniformScaleHandle.uasset" 1245
"../../../Engine/Content/VREditor/TransformGizmo/UniformScaleHandle.uexp" 1246
"../../../Engine/Content/VREditor/TransformGizmo/TranslateArrowHandle.ubulk" 1247
"../../../Engine/Content/VREditor/TransformGizmo/TranslateArrowHandle.uasset" 1248
"../../../Engine/Content/VREditor/TransformGizmo/TranslateArrowHandle.uexp" 1249
"../../../Engine/Content/VREditor/TransformGizmo/TransformGizmoFreeRotation.ubulk" 1250
"../../../Engine/Content/VREditor/TransformGizmo/TransformGizmoFreeRotation.uasset" 1251
"../../../Engine/Content/VREditor/TransformGizmo/TransformGizmoFreeRotation.uexp" 1252
"../../../Engine/Content/VREditor/TransformGizmo/StartRotationHandleIndicator.ubulk" 1253
"../../../Engine/Content/VREditor/TransformGizmo/StartRotationHandleIndicator.uasset" 1254
"../../../Engine/Content/VREditor/TransformGizmo/StartRotationHandleIndicator.uexp" 1255
"../../../Engine/Content/VREditor/TransformGizmo/RotationHandleQuarter.ubulk" 1256
"../../../Engine/Content/VREditor/TransformGizmo/RotationHandleQuarter.uasset" 1257
"../../../Engine/Content/VREditor/TransformGizmo/RotationHandleQuarter.uexp" 1258
"../../../Engine/Content/VREditor/TransformGizmo/RotationHandleIndicator.ubulk" 1259
"../../../Engine/Content/VREditor/TransformGizmo/RotationHandleIndicator.uasset" 1260
"../../../Engine/Content/VREditor/TransformGizmo/RotationHandleIndicator.uexp" 1261
"../../../Engine/Content/VREditor/TransformGizmo/RotationHandleFull.ubulk" 1262
"../../../Engine/Content/VREditor/TransformGizmo/RotationHandleFull.uasset" 1263
"../../../Engine/Content/VREditor/TransformGizmo/RotationHandleFull.uexp" 1264
"../../../Engine/Content/VREditor/TransformGizmo/PlaneTranslationHandle.ubulk" 1265
"../../../Engine/Content/VREditor/TransformGizmo/PlaneTranslationHandle.uasset" 1266
"../../../Engine/Content/VREditor/TransformGizmo/PlaneTranslationHandle.uexp" 1267
"../../../Engine/Content/Functions/Engine_MaterialFunctions02/SplitComponents.uasset" 1268
"../../../Engine/Content/Functions/Engine_MaterialFunctions02/SplitComponents.uexp" 1269
"../../../Engine/Content/VREditor/SnapGrid/SnapGridMaterial.uasset" 1270
"../../../Engine/Content/VREditor/SnapGrid/SnapGridMaterial.uexp" 1271
"../../../Engine/Content/VREditor/SnapGrid/SnapGridPlaneMesh.ubulk" 1272
"../../../Engine/Content/VREditor/SnapGrid/SnapGridPlaneMesh.uasset" 1273
"../../../Engine/Content/VREditor/SnapGrid/SnapGridPlaneMesh.uexp" 1274
"../../../Engine/Content/VREditor/Sounds/UI/Gizmo_Handle_Clicked.ubulk" 1275
"../../../Engine/Content/VREditor/Sounds/UI/Gizmo_Handle_Clicked.uasset" 1276
"../../../Engine/Content/VREditor/Sounds/UI/Gizmo_Handle_Clicked.uexp" 1277
"../../../Engine/Content/VREditor/Sounds/UI/Object_PickUp.ubulk" 1278
"../../../Engine/Content/VREditor/Sounds/UI/Object_PickUp.uasset" 1279
"../../../Engine/Content/VREditor/Sounds/UI/Object_PickUp.uexp" 1280
"../../../Engine/Content/VREditor/Sounds/UI/Object_Snaps_To_Another_Actor.ubulk" 1281
"../../../Engine/Content/VREditor/Sounds/UI/Object_Snaps_To_Another_Actor.uasset" 1282
"../../../Engine/Content/VREditor/Sounds/UI/Object_Snaps_To_Another_Actor.uexp" 1283
"../../../Engine/Content/VREditor/Sounds/UI/Object_Snaps_To_Grid.ubulk" 1284
"../../../Engine/Content/VREditor/Sounds/UI/Object_Snaps_To_Grid.uasset" 1285
"../../../Engine/Content/VREditor/Sounds/UI/Object_Snaps_To_Grid.uexp" 1286
"../../../Engine/Content/VREditor/Sounds/UI/Scaling_Down.ubulk" 1287
"../../../Engine/Content/VREditor/Sounds/UI/Scaling_Down.uasset" 1288
"../../../Engine/Content/VREditor/Sounds/UI/Scaling_Down.uexp" 1289
"../../../Engine/Content/VREditor/Sounds/UI/Scaling_Up.ubulk" 1290
"../../../Engine/Content/VREditor/Sounds/UI/Scaling_Up.uasset" 1291
"../../../Engine/Content/VREditor/Sounds/UI/Scaling_Up.uexp" 1292
"../../../Engine/Content/VREditor/Sounds/UI/Selection_Changes.ubulk" 1293
"../../../Engine/Content/VREditor/Sounds/UI/Selection_Changes.uasset" 1294
"../../../Engine/Content/VREditor/Sounds/UI/Selection_Changes.uexp" 1295
"../../../Engine/Content/EngineResources/LandscapeVisibilityLayerInfo.uasset" 1296
"../../../Engine/Content/EngineResources/LandscapeVisibilityLayerInfo.uexp" 1297
"../../../Engine/Content/Maps/Entry_BuiltData.uasset" 1298
"../../../Engine/Content/Maps/Entry_BuiltData.uexp" 1299
"../../../Engine/Content/Maps/Entry.uexp" 1300
"../../../Engine/Content/Maps/Entry.umap" 1301
"C:/Documents/Unreal Projects/HackAndSlash/goyslop/Content/Input/IMC_MouseLook.uasset" 1302
"C:/Documents/Unreal Projects/HackAndSlash/goyslop/Content/Input/IMC_MouseLook.uexp" 1303
"C:/Documents/Unreal Projects/HackAndSlash/goyslop/Content/Input/IMC_Default.uasset" 1304
"C:/Documents/Unreal Projects/HackAndSlash/goyslop/Content/Input/IMC_Default.uexp" 1305
"../../../Engine/Content/MobileResources/HUD/VirtualJoystick_Thumb.uasset" 1306
"../../../Engine/Content/MobileResources/HUD/VirtualJoystick_Thumb.uexp" 1307
"../../../Engine/Content/MobileResources/HUD/VirtualJoystick_Background.uasset" 1308
"../../../Engine/Content/MobileResources/HUD/VirtualJoystick_Background.uexp" 1309
"C:/Documents/Unreal Projects/HackAndSlash/goyslop/Content/Input/Touch/UI_Thumbstick.uasset" 1310
"C:/Documents/Unreal Projects/HackAndSlash/goyslop/Content/Input/Touch/UI_Thumbstick.uexp" 1311
"C:/Documents/Unreal Projects/HackAndSlash/goyslop/Content/Input/Touch/UI_TouchSimple.uasset" 1312
"C:/Documents/Unreal Projects/HackAndSlash/goyslop/Content/Input/Touch/UI_TouchSimple.uexp" 1313
"C:/Documents/Unreal Projects/HackAndSlash/goyslop/Content/ThirdPerson/Blueprints/BP_ThirdPersonPlayerController.uasset" 1314
"C:/Documents/Unreal Projects/HackAndSlash/goyslop/Content/ThirdPerson/Blueprints/BP_ThirdPersonPlayerController.uexp" 1315
"C:/Documents/Unreal Projects/HackAndSlash/goyslop/Content/ThirdPerson/Blueprints/BP_ThirdPersonGameMode.uasset" 1316
"C:/Documents/Unreal Projects/HackAndSlash/goyslop/Content/ThirdPerson/Blueprints/BP_ThirdPersonGameMode.uexp" 1317
"C:/Documents/Unreal Projects/HackAndSlash/goyslop/Content/Inventory/TL_ItemLayout.uasset" 1318
"C:/Documents/Unreal Projects/HackAndSlash/goyslop/Content/Inventory/TL_ItemLayout.uexp" 1319
"C:/Documents/Unreal Projects/HackAndSlash/goyslop/Content/ThirdPerson/Lvl_ThirdPerson.uexp" 1320
"C:/Documents/Unreal Projects/HackAndSlash/goyslop/Content/ThirdPerson/Lvl_ThirdPerson.umap" 1321
"C:/Documents/Unreal Projects/HackAndSlash/goyslop/Content/Developers/betri/Interface/GMB_MainMenu.uasset" 1322
"C:/Documents/Unreal Projects/HackAndSlash/goyslop/Content/Developers/betri/Interface/GMB_MainMenu.uexp" 1323
"C:/Documents/Unreal Projects/HackAndSlash/goyslop/Content/Developers/betri/Interface/WBP_MainMenu.uasset" 1324
"C:/Documents/Unreal Projects/HackAndSlash/goyslop/Content/Developers/betri/Interface/WBP_MainMenu.uexp" 1325
"C:/Documents/Unreal Projects/HackAndSlash/goyslop/Content/Developers/betri/MM_Map.uexp" 1326
"C:/Documents/Unreal Projects/HackAndSlash/goyslop/Content/Developers/betri/MM_Map.umap" 1327
