"C:/Documents/Unreal Projects/HackAndSlash/goyslop/HackAndSlash.uproject" 1
"../../../Engine/Plugins/AudioGameplayVolume/AudioGameplayVolume.uplugin" 2
"../../../Engine/Plugins/Bridge/Bridge.uplugin" 3
"../../../Engine/Plugins/ChaosCloth/ChaosCloth.uplugin" 4
"../../../Engine/Plugins/ChaosClothAsset/ChaosClothAsset.uplugin" 5
"../../../Engine/Plugins/ChaosVD/ChaosVD.uplugin" 6
"../../../Engine/Plugins/ChaosInsights/ChaosInsights.uplugin" 7
"../../../Engine/Plugins/AudioInsights/AudioInsights.uplugin" 8
"../../../Engine/Plugins/ChaosClothAssetEditor/ChaosClothAssetEditor.uplugin" 9
"../../../Engine/Plugins/Chooser/Chooser.uplugin" 10
"../../../Engine/Plugins/CmdLinkServer/CmdLinkServer.uplugin" 11
"../../../Engine/Plugins/DiscoveryBeaconReceiver/DiscoveryBeaconReceiver.uplugin" 12
"../../../Engine/Plugins/EnhancedInput/EnhancedInput.uplugin" 13
"../../../Engine/Plugins/FastBuildController/FastBuildController.uplugin" 14
"../../../Engine/Plugins/Fab/Fab.uplugin" 15
"../../../Engine/Plugins/JsonBlueprintUtilities/JsonBlueprintUtilities.uplugin" 16
"../../../Engine/Plugins/IoStoreInsights/IoStoreInsights.uplugin" 17
"../../../Engine/Plugins/LightWeightInstancesEditor/LightWeightInstancesEditor.uplugin" 18
"../../../Engine/Plugins/MassInsights/MassInsights.uplugin" 19
"../../../Engine/Plugins/MeshPainting/MeshPainting.uplugin" 20
"../../../Engine/Plugins/PCG/PCG.uplugin" 21
"../../../Engine/Plugins/MemoryUsageQueries/MemoryUsageQueries.uplugin" 22
"../../../Engine/Plugins/Mutable/Mutable.uplugin" 23
"../../../Engine/Plugins/RenderGraphInsights/RenderGraphInsights.uplugin" 24
"../../../Engine/Plugins/TextureGraph/TextureGraph.uplugin" 25
"../../../Engine/Plugins/TraceUtilities/TraceUtilities.uplugin" 26
"../../../Engine/Plugins/ScriptPlugin/ScriptPlugin.uplugin" 27
"../../../Engine/Plugins/UbaController/UbaController.uplugin" 28
"../../../Engine/Plugins/WorldMetrics/WorldMetrics.uplugin" 29
"../../../Engine/Plugins/Enterprise/AxFImporter/AxFImporter.uplugin" 30
"../../../Engine/Plugins/Enterprise/DataprepEditor/DataprepEditor.uplugin" 31
"../../../Engine/Plugins/Enterprise/DatasmithCADImporter/DatasmithCADImporter.uplugin" 32
"../../../Engine/Plugins/Enterprise/DatasmithImporter/DatasmithImporter.uplugin" 33
"../../../Engine/Plugins/Enterprise/DatasmithContent/DatasmithContent.uplugin" 34
"../../../Engine/Plugins/Enterprise/DatasmithC4DImporter/DatasmithC4DImporter.uplugin" 35
"../../../Engine/Plugins/Enterprise/GLTFExporter/GLTFExporter.uplugin" 36
"../../../Engine/Plugins/Enterprise/LidarPointCloud/LidarPointCloud.uplugin" 37
"../../../Engine/Plugins/Enterprise/DatasmithFBXImporter/DatasmithFBXImporter.uplugin" 38
"../../../Engine/Plugins/Enterprise/MDLImporter/MDLImporter.uplugin" 39
"../../../Engine/Plugins/AudioGameplay/AudioGameplay.uplugin" 40
"../../../Engine/Plugins/Enterprise/VariantManagerContent/VariantManagerContent.uplugin" 41
"../../../Engine/Plugins/Importers/AlembicHairImporter/AlembicHairImporter.uplugin" 42
"../../../Engine/Plugins/XGEController/XGEController.uplugin" 43
"../../../Engine/Plugins/Importers/USDImporter/USDImporter.uplugin" 44
"../../../Engine/Plugins/BlueprintFileUtils/BlueprintFileUtils.uplugin" 45
"../../../Engine/Plugins/Importers/AlembicImporter/AlembicImporter.uplugin" 46
"../../../Engine/Plugins/Importers/USDMultiUser/USDMultiUser.uplugin" 47
"../../../Engine/Plugins/Importers/USDImporterMDL/USDImporterMDL.uplugin" 48
"../../../Engine/Plugins/Enterprise/VariantManager/VariantManager.uplugin" 49
"../../../Engine/Plugins/Marketplace/FabLauncher/FabLauncher.uplugin" 50
"../../../Engine/Plugins/Media/AjaMedia/AjaMedia.uplugin" 51
"../../../Engine/Plugins/Media/AndroidCamera/AndroidCamera.uplugin" 52
"../../../Engine/Plugins/Media/AppleProResDecoderElectra/AppleProResDecoderElectra.uplugin" 53
"../../../Engine/Plugins/Media/AndroidMedia/AndroidMedia.uplugin" 54
"../../../Engine/Plugins/Media/AppleProResMedia/AppleProResMedia.uplugin" 55
"../../../Engine/Plugins/Media/AvfMedia/AvfMedia.uplugin" 56
"../../../Engine/Plugins/Media/AudioCaptureTimecodeProvider/AudioCaptureTimecodeProvider.uplugin" 57
"../../../Engine/Plugins/Media/BlackmagicMedia/BlackmagicMedia.uplugin" 58
"../../../Engine/Plugins/Media/ElectraCDM/ElectraCDM.uplugin" 59
"../../../Engine/Plugins/Media/D3D12VideoDecodersElectra/D3D12VideoDecodersElectra.uplugin" 60
"../../../Engine/Plugins/Media/AvidDNxMedia/AvidDNxMedia.uplugin" 61
"../../../Engine/Plugins/Media/ElectraCodecs/ElectraCodecs.uplugin" 62
"../../../Engine/Plugins/Media/ElectraSubtitles/ElectraSubtitles.uplugin" 63
"../../../Engine/Plugins/Media/ElectraUtil/ElectraUtil.uplugin" 64
"../../../Engine/Plugins/Media/FlacDecoderElectra/FlacDecoderElectra.uplugin" 65
"../../../Engine/Plugins/Media/ElectraPlayer/ElectraPlayer.uplugin" 66
"../../../Engine/Plugins/Media/HAPDecoderElectra/HAPDecoderElectra.uplugin" 67
"../../../Engine/Plugins/Media/HAPMedia/HAPMedia.uplugin" 68
"../../../Engine/Plugins/Media/HardwareEncoders/HardwareEncoders.uplugin" 69
"../../../Engine/Plugins/Media/LinearTimecode/LinearTimecode.uplugin" 70
"../../../Engine/Plugins/Media/ImgMedia/ImgMedia.uplugin" 71
"../../../Engine/Plugins/Media/MediaCompositing/MediaCompositing.uplugin" 72
"../../../Engine/Plugins/Media/MediaMovieStreamer/MediaMovieStreamer.uplugin" 73
"../../../Engine/Plugins/Media/MediaIOFramework/MediaIOFramework.uplugin" 74
"../../../Engine/Plugins/Media/MediaPlate/MediaPlate.uplugin" 75
"../../../Engine/Plugins/Media/MediaPlayerEditor/MediaPlayerEditor.uplugin" 76
"../../../Engine/Plugins/Media/MfMedia/MfMedia.uplugin" 77
"../../../Engine/Plugins/Media/OpusDecoderElectra/OpusDecoderElectra.uplugin" 78
"../../../Engine/Plugins/Media/PixelStreaming/PixelStreaming.uplugin" 79
"../../../Engine/Plugins/Media/WebMMedia/WebMMedia.uplugin" 80
"../../../Engine/Plugins/Media/NDIMedia/NDIMedia.uplugin" 81
"../../../Engine/Plugins/Media/VPxDecoderElectra/VPxDecoderElectra.uplugin" 82
"../../../Engine/Plugins/Media/PixelStreaming2/PixelStreaming2.uplugin" 83
"../../../Engine/Plugins/Media/WmfMedia/WmfMedia.uplugin" 84
"../../../Engine/Plugins/Messaging/MessagingDebugger/MessagingDebugger.uplugin" 85
"../../../Engine/Plugins/Media/MediaFrameworkUtilities/MediaFrameworkUtilities.uplugin" 86
"../../../Engine/Plugins/Messaging/TcpMessaging/TcpMessaging.uplugin" 87
"../../../Engine/Plugins/Messaging/UdpMessaging/UdpMessaging.uplugin" 88
"../../../Engine/Plugins/Media/AvidDNxHDDecoderElectra/AvidDNxHDDecoderElectra.uplugin" 89
"../../../Engine/Plugins/MovieScene/ActorSequence/ActorSequence.uplugin" 90
"../../../Engine/Plugins/Media/BinkMedia/BinkMedia.uplugin" 91
"../../../Engine/Plugins/Media/PixelCapture/PixelCapture.uplugin" 92
"../../../Engine/Plugins/MovieScene/LevelSequenceEditor/LevelSequenceEditor.uplugin" 93
"../../../Engine/Plugins/MovieScene/MovieRenderPipeline/MovieRenderPipeline.uplugin" 94
"../../../Engine/Plugins/MovieScene/CustomizableSequencerTracks/CustomizableSequencerTracks.uplugin" 95
"../../../Engine/Plugins/MovieScene/MoviePipelineMaskRenderPass/MoviePipelineMaskRenderPass.uplugin" 96
"../../../Engine/Plugins/MovieScene/MovieSceneTextTrack/MovieSceneTextTrack.uplugin" 97
"../../../Engine/Plugins/MovieScene/SequencerScripting/SequencerScripting.uplugin" 98
"../../../Engine/Plugins/MovieScene/TemplateSequence/TemplateSequence.uplugin" 99
"../../../Engine/Plugins/NNE/NNERuntimeORT/NNERuntimeORT.uplugin" 100
"../../../Engine/Plugins/NNE/NNEDenoiser/NNEDenoiser.uplugin" 101
"../../../Engine/Plugins/Portal/LauncherChunkInstaller/LauncherChunkInstaller.uplugin" 102
"../../../Engine/Plugins/Runtime/ADM/ADM.uplugin" 103
"../../../Engine/Plugins/Runtime/AndroidBackgroundService/AndroidBackgroundService.uplugin" 104
"../../../Engine/Plugins/Runtime/AndroidDeviceProfileSelector/AndroidDeviceProfileSelector.uplugin" 105
"../../../Engine/Plugins/Runtime/AndroidMoviePlayer/AndroidMoviePlayer.uplugin" 106
"../../../Engine/Plugins/Runtime/AnimationBudgetAllocator/AnimationBudgetAllocator.uplugin" 107
"../../../Engine/Plugins/Runtime/ApexDestruction/ApexDestruction.uplugin" 108
"../../../Engine/Plugins/MovieScene/ReplayTracks/ReplayTracks.uplugin" 109
"../../../Engine/Plugins/Runtime/AndroidPermission/AndroidPermission.uplugin" 110
"../../../Engine/Plugins/Runtime/AudioCapture/AudioCapture.uplugin" 111
"../../../Engine/Plugins/Media/TimecodeSynchronizer/TimecodeSynchronizer.uplugin" 112
"../../../Engine/Plugins/Runtime/AudioModulation/AudioModulation.uplugin" 113
"../../../Engine/Plugins/Runtime/AppleMoviePlayer/AppleMoviePlayer.uplugin" 114
"../../../Engine/Plugins/Runtime/ArchVisCharacter/ArchVisCharacter.uplugin" 115
"../../../Engine/Plugins/Runtime/AudioMotorSim/AudioMotorSim.uplugin" 116
"../../../Engine/Plugins/Runtime/AudioSynesthesia/AudioSynesthesia.uplugin" 117
"../../../Engine/Plugins/Runtime/AudioWidgets/AudioWidgets.uplugin" 118
"../../../Engine/Plugins/Runtime/CommonUI/CommonUI.uplugin" 119
"../../../Engine/Plugins/Runtime/ChunkDownloader/ChunkDownloader.uplugin" 120
"../../../Engine/Plugins/Runtime/ComputeFramework/ComputeFramework.uplugin" 121
"../../../Engine/Plugins/Runtime/CustomMeshComponent/CustomMeshComponent.uplugin" 122
"../../../Engine/Plugins/Runtime/DataRegistry/DataRegistry.uplugin" 123
"../../../Engine/Plugins/Runtime/AssetTags/AssetTags.uplugin" 124
"../../../Engine/Plugins/Runtime/CableComponent/CableComponent.uplugin" 125
"../../../Engine/Plugins/Runtime/AndroidFileServer/AndroidFileServer.uplugin" 126
"../../../Engine/Plugins/Runtime/Firebase/Firebase.uplugin" 127
"../../../Engine/Plugins/Runtime/GameplayAbilities/GameplayAbilities.uplugin" 128
"../../../Engine/Plugins/Runtime/ActorLayerUtilities/ActorLayerUtilities.uplugin" 129
"../../../Engine/Plugins/Runtime/GameFeatures/GameFeatures.uplugin" 130
"../../../Engine/Plugins/Runtime/GameInput/GameInput.uplugin" 131
"../../../Engine/Plugins/Runtime/GameplayBehaviorSmartObjects/GameplayBehaviorSmartObjects.uplugin" 132
"../../../Engine/Plugins/Runtime/ExampleDeviceProfileSelector/ExampleDeviceProfileSelector.uplugin" 133
"../../../Engine/Plugins/Runtime/GeometryCache/GeometryCache.uplugin" 134
"../../../Engine/Plugins/Runtime/GameplayStateTree/GameplayStateTree.uplugin" 135
"../../../Engine/Plugins/Runtime/GeometryScripting/GeometryScripting.uplugin" 136
"../../../Engine/Plugins/Runtime/GeoReferencing/GeoReferencing.uplugin" 137
"../../../Engine/Plugins/Runtime/GoogleCloudMessaging/GoogleCloudMessaging.uplugin" 138
"../../../Engine/Plugins/Runtime/GeometryProcessing/GeometryProcessing.uplugin" 139
"../../../Engine/Plugins/Runtime/GooglePAD/GooglePAD.uplugin" 140
"../../../Engine/Plugins/Runtime/Harmonix/Harmonix.uplugin" 141
"../../../Engine/Plugins/Runtime/HairStrands/HairStrands.uplugin" 142
"../../../Engine/Plugins/Runtime/HDRIBackdrop/HDRIBackdrop.uplugin" 143
"../../../Engine/Plugins/Runtime/HTTPChunkInstaller/HTTPChunkInstaller.uplugin" 144
"../../../Engine/Plugins/Runtime/HPMotionController/HPMotionController.uplugin" 145
"../../../Engine/Plugins/Runtime/InputDebugging/InputDebugging.uplugin" 146
"../../../Engine/Plugins/Runtime/InstancedActors/InstancedActors.uplugin" 147
"../../../Engine/Plugins/Runtime/IOSReplayKit/IOSReplayKit.uplugin" 148
"../../../Engine/Plugins/Runtime/MassEntity/MassEntity.uplugin" 149
"../../../Engine/Plugins/Runtime/LevelStreamingPersistence/LevelStreamingPersistence.uplugin" 150
"../../../Engine/Plugins/Runtime/MassGameplay/MassGameplay.uplugin" 151
"../../../Engine/Plugins/Runtime/IOSDeviceProfileSelector/IOSDeviceProfileSelector.uplugin" 152
"../../../Engine/Plugins/Runtime/LinuxDeviceProfileSelector/LinuxDeviceProfileSelector.uplugin" 153
"../../../Engine/Plugins/Runtime/MeshModelingToolset/MeshModelingToolset.uplugin" 154
"../../../Engine/Plugins/Runtime/LocationServicesIOSImpl/LocationServicesIOSImpl.uplugin" 155
"../../../Engine/Plugins/Runtime/MicrosoftSpatialAudio/MicroSoftSpatialSound.uplugin" 156
"../../../Engine/Plugins/Runtime/Metasound/Metasound.uplugin" 157
"../../../Engine/Plugins/Runtime/MixedRealityCaptureFramework/MixedRealityCaptureFramework.uplugin" 158
"../../../Engine/Plugins/Runtime/GameplayInteractions/GameplayInteractions.uplugin" 159
"../../../Engine/Plugins/Runtime/MobileFSR/MobileFSR.uplugin" 160
"../../../Engine/Plugins/Runtime/MIDIDevice/MIDIDevice.uplugin" 161
"../../../Engine/Plugins/Runtime/LiveLinkOvernDisplay/LiveLinkOverNDisplay.uplugin" 162
"../../../Engine/Plugins/Runtime/LocationServicesAndroidImpl/LocationServicesAndroidImpl.uplugin" 163
"../../../Engine/Plugins/Runtime/ModelViewViewModel/ModelViewViewModel.uplugin" 164
"../../../Engine/Plugins/Runtime/MsQuic/MsQuic.uplugin" 165
"../../../Engine/Plugins/Runtime/ModularGameplay/ModularGameplay.uplugin" 166
"../../../Engine/Plugins/Runtime/MultiServerReplication/MultiServerReplication.uplugin" 167
"../../../Engine/Plugins/Runtime/AppleImageUtils/AppleImageUtils.uplugin" 168
"../../../Engine/Plugins/Runtime/NavCorridor/NavCorridor.uplugin" 169
"../../../Engine/Plugins/Runtime/MusicEnvironment/MusicEnvironment.uplugin" 170
"../../../Engine/Plugins/Runtime/nDisplay/nDisplay.uplugin" 171
"../../../Engine/Plugins/Runtime/nDisplayModularFeatures/nDisplayModularFeatures.uplugin" 172
"../../../Engine/Plugins/Runtime/NetworkPredictionExtras/NetworkPredictionExtras.uplugin" 173
"../../../Engine/Plugins/Runtime/NetworkPrediction/NetworkPrediction.uplugin" 174
"../../../Engine/Plugins/Runtime/NetworkPredictionInsights/NetworkPredictionInsights.uplugin" 175
"../../../Engine/Plugins/Runtime/OpenCV/OpenCV.uplugin" 176
"../../../Engine/Plugins/Runtime/OpenXR/OpenXR.uplugin" 177
"../../../Engine/Plugins/Runtime/OpenXRMsftHandInteraction/OpenXRMsftHandInteraction.uplugin" 178
"../../../Engine/Plugins/Runtime/OpenXRHandTracking/OpenXRHandTracking.uplugin" 179
"../../../Engine/Plugins/Runtime/OpenXREyeTracker/OpenXREyeTracker.uplugin" 180
"../../../Engine/Plugins/Runtime/OptionalMobileFeaturesBPLibrary/OptionalMobileFeaturesBPLibrary.uplugin" 181
"../../../Engine/Plugins/Runtime/OSC/OSC.uplugin" 182
"../../../Engine/Plugins/Runtime/ProceduralMeshComponent/ProceduralMeshComponent.uplugin" 183
"../../../Engine/Plugins/Runtime/RenderTrace/RenderTrace.uplugin" 184
"../../../Engine/Plugins/Runtime/PreLoadScreenMoviePlayer/PreLoadScreenMoviePlayer.uplugin" 185
"../../../Engine/Plugins/Runtime/PropertyAccess/PropertyAccessEditor.uplugin" 186
"../../../Engine/Plugins/Runtime/PropertyBindingUtils/PropertyBindingUtils.uplugin" 187
"../../../Engine/Plugins/Runtime/ReplicationGraph/ReplicationGraph.uplugin" 188
"../../../Engine/Plugins/Runtime/ReplicationSystemTestPlugin/ReplicationSystemTestPlugin.uplugin" 189
"../../../Engine/Plugins/Runtime/RigVM/RigVM.uplugin" 190
"../../../Engine/Plugins/Runtime/SignificanceManager/SignificanceManager.uplugin" 191
"../../../Engine/Plugins/Runtime/ScriptableToolsFramework/ScriptableToolsFramework.uplugin" 192
"../../../Engine/Plugins/Runtime/SkeletalMerging/SkeletalMerging.uplugin" 193
"../../../Engine/Plugins/Runtime/ResonanceAudio/ResonanceAudio.uplugin" 194
"../../../Engine/Plugins/Runtime/SoundFields/SoundFields.uplugin" 195
"../../../Engine/Plugins/Runtime/SoundMod/SoundMod.uplugin" 196
"../../../Engine/Plugins/Runtime/SmartObjects/SmartObjects.uplugin" 197
"../../../Engine/Plugins/Runtime/SoundCueTemplates/SoundCueTemplates.uplugin" 198
"../../../Engine/Plugins/Runtime/Soundscape/Soundscape.uplugin" 199
"../../../Engine/Plugins/Runtime/Spatialization/Spatialization.uplugin" 200
"../../../Engine/Plugins/Runtime/SoundUtilities/SoundUtilities.uplugin" 201
"../../../Engine/Plugins/Runtime/StateTree/StateTree.uplugin" 202
"../../../Engine/Plugins/Runtime/SunPosition/SunPosition.uplugin" 203
"../../../Engine/Plugins/Runtime/USDCore/USDCore.uplugin" 204
"../../../Engine/Plugins/Runtime/WarpUtils/WarpUtils.uplugin" 205
"../../../Engine/Plugins/Runtime/Synthesis/Synthesis.uplugin" 206
"../../../Engine/Plugins/Runtime/WebBrowserWidget/WebBrowserWidget.uplugin" 207
"../../../Engine/Plugins/Runtime/WaveTable/WaveTable.uplugin" 208
"../../../Engine/Plugins/Runtime/WebMMoviePlayer/WebMMoviePlayer.uplugin" 209
"../../../Engine/Plugins/Runtime/OpenXRViveTracker/OpenXRViveTracker.uplugin" 210
"../../../Engine/Plugins/Runtime/WebBrowserNativeProxy/WebBrowserNativeProxy.uplugin" 211
"../../../Engine/Plugins/Runtime/WindowsDeviceProfileSelector/WindowsDeviceProfileSelector.uplugin" 212
"../../../Engine/Plugins/Runtime/WorldConditions/WorldConditions.uplugin" 213
"../../../Engine/Plugins/Protocols/MQTT/MQTT.uplugin" 214
"../../../Engine/Plugins/Runtime/LocationServicesBPLibrary/LocationServicesBPLibrary.uplugin" 215
"../../../Engine/Plugins/Tests/CQTest/CQTest.uplugin" 216
"../../../Engine/Plugins/Tests/AutomationDriverTests/AutomationDriverTests.uplugin" 217
"../../../Engine/Plugins/Runtime/XRBase/XRBase.uplugin" 218
"../../../Engine/Plugins/Runtime/ZoneGraph/ZoneGraph.uplugin" 219
"../../../Engine/Plugins/Tests/EditorTests/EditorTests.uplugin" 220
"../../../Engine/Plugins/Runtime/ZoneGraphAnnotations/ZoneGraphAnnotations.uplugin" 221
"../../../Engine/Plugins/Tests/FbxAutomationTestBuilder/FbxAutomationTestBuilder.uplugin" 222
"../../../Engine/Plugins/Tests/InterchangeTests/InterchangeTests.uplugin" 223
"../../../Engine/Plugins/Web/HttpBlueprint/HttpBlueprint.uplugin" 224
"../../../Engine/Plugins/Tests/FunctionalTestingEditor/FunctionalTestingEditor.uplugin" 225
"../../../Engine/Plugins/Tests/PythonAutomationTest/PythonAutomationTest.uplugin" 226
"../../../Engine/Plugins/Tests/RHITests/RHITests.uplugin" 227
"../../../Engine/Plugins/Tests/RuntimeTests/RuntimeTests.uplugin" 228
"../../../Engine/Plugins/2D/Paper2D/Paper2D.uplugin" 229
"../../../Engine/Plugins/Tests/TestFramework/TestFramework.uplugin" 230
"../../../Engine/Plugins/Tests/WidgetAutomationTests/WidgetAutomationTests.uplugin" 231
"../../../Engine/Plugins/Tests/TestSamples/TestSamples.uplugin" 232
"../../../Engine/Plugins/AI/AISupport/AISupport.uplugin" 233
"../../../Engine/Plugins/AI/HTNPlanner/HTNPlanner.uplugin" 234
"../../../Engine/Plugins/AI/EnvironmentQueryEditor/EnvironmentQueryEditor.uplugin" 235
"../../../Engine/Plugins/AI/MassAI/MassAI.uplugin" 236
"../../../Engine/Plugins/AI/MassCrowd/MassCrowd.uplugin" 237
"../../../Engine/Plugins/AI/MLAdapter/MLAdapter.uplugin" 238
"../../../Engine/Plugins/Animation/AnimationData/AnimationData.uplugin" 239
"../../../Engine/Plugins/Animation/ACLPlugin/ACLPlugin.uplugin" 240
"../../../Engine/Plugins/Animation/AnimationLocomotionLibrary/AnimationLocomotionLibrary.uplugin" 241
"../../../Engine/Plugins/Animation/AnimationModifierLibrary/AnimationModifierLibrary.uplugin" 242
"../../../Engine/Plugins/Animation/ControlRigModules/ControlRigModules.uplugin" 243
"../../../Engine/Plugins/Animation/ControlRigSpline/ControlRigSpline.uplugin" 244
"../../../Engine/Plugins/Animation/AnimationWarping/AnimationWarping.uplugin" 245
"../../../Engine/Plugins/Tests/CQTestEnhancedInput/CQTestEnhancedInput.uplugin" 246
"../../../Engine/Plugins/Animation/BlendStack/BlendStack.uplugin" 247
"../../../Engine/Plugins/Animation/BlendSpaceMotionAnalysis/BlendSpaceMotionAnalysis.uplugin" 248
"../../../Engine/Plugins/Animation/DNACalib/DNACalib.uplugin" 249
"../../../Engine/Plugins/Animation/GameplayInsights/GameplayInsights.uplugin" 250
"../../../Engine/Plugins/Animation/DeformerGraph/DeformerGraph.uplugin" 251
"../../../Engine/Plugins/Animation/GeneSplicer/GeneSplicer.uplugin" 252
"../../../Engine/Plugins/Animation/LiveLink/LiveLink.uplugin" 253
"../../../Engine/Plugins/Animation/IKRig/IKRig.uplugin" 254
"../../../Engine/Plugins/Animation/LiveLinkCurveDebugUI/LiveLinkCurveDebugUI.uplugin" 255
"../../../Engine/Plugins/Animation/LiveLinkDevice/LiveLinkDevice.uplugin" 256
"../../../Engine/Plugins/Animation/LiveLinkExampleDevice/LiveLinkExampleDevice.uplugin" 257
"../../../Engine/Plugins/Animation/LiveLinkHub/LiveLinkHub.uplugin" 258
"../../../Engine/Plugins/Animation/PerformanceCaptureCore/PerformanceCaptureCore.uplugin" 259
"../../../Engine/Plugins/Animation/PoseSearch/PoseSearch.uplugin" 260
"../../../Engine/Plugins/Animation/MotionWarping/MotionWarping.uplugin" 261
"../../../Engine/Plugins/Animation/TweeningUtils/TweeningUtils.uplugin" 262
"../../../Engine/Plugins/Animation/RigLogic/RigLogic.uplugin" 263
"../../../Engine/Plugins/Animation/SkeletalMeshModelingTools/SkeletalMeshModelingTools.uplugin" 264
"../../../Engine/Plugins/Cameras/CameraShakePreviewer/CameraShakePreviewer.uplugin" 265
"../../../Engine/Plugins/Cameras/EngineCameras/EngineCameras.uplugin" 266
"../../../Engine/Plugins/Compositing/Composure/Composure.uplugin" 267
"../../../Engine/Plugins/Cameras/GameplayCameras/GameplayCameras.uplugin" 268
"../../../Engine/Plugins/Compositing/OpenCVLensDistortion/OpenCVLensDistortion.uplugin" 269
"../../../Engine/Plugins/Compositing/LensDistortion/LensDistortion.uplugin" 270
"../../../Engine/Plugins/Compositing/OpenColorIO/OpenColorIO.uplugin" 271
"../../../Engine/Plugins/Compression/OodleNetwork/OodleNetwork.uplugin" 272
"../../../Engine/Plugins/Developer/AnimationSharing/AnimationSharing.uplugin" 273
"../../../Engine/Plugins/Developer/BlankPlugin/BlankPlugin.uplugin" 274
"../../../Engine/Plugins/Developer/CodeLiteSourceCodeAccess/CodeLiteSourceCodeAccess.uplugin" 275
"../../../Engine/Plugins/Developer/DumpGPUServices/DumpGPUServices.uplugin" 276
"../../../Engine/Plugins/Runtime/MobilePatchingUtils/MobilePatchingUtils.uplugin" 277
"../../../Engine/Plugins/Developer/CLionSourceCodeAccess/CLionSourceCodeAccess.uplugin" 278
"../../../Engine/Plugins/Animation/AnimatorKit/AnimatorKit.uplugin" 279
"../../../Engine/Plugins/Developer/GitSourceControl/GitSourceControl.uplugin" 280
"../../../Engine/Plugins/Animation/ControlRig/ControlRig.uplugin" 281
"../../../Engine/Plugins/Developer/DirectoryPlaceholder/DirectoryPlaceholder.uplugin" 282
"../../../Engine/Plugins/Developer/FieldNotificationTrace/FieldNotificationTrace.uplugin" 283
"../../../Engine/Plugins/Developer/NamingTokens/NamingTokens.uplugin" 284
"../../../Engine/Plugins/Developer/PixWinPlugin/PixWinPlugin.uplugin" 285
"../../../Engine/Plugins/Developer/NullSourceCodeAccess/NullSourceCodeAccess.uplugin" 286
"../../../Engine/Plugins/Developer/OneSkyLocalizationService/OneSkyLocalizationService.uplugin" 287
"../../../Engine/Plugins/Developer/PerforceSourceControl/PerforceSourceControl.uplugin" 288
"../../../Engine/Plugins/Developer/PlasticSourceControl/PlasticSourceControl.uplugin" 289
"../../../Engine/Plugins/Developer/PluginUtils/PluginUtils.uplugin" 290
"../../../Engine/Plugins/Developer/RenderDocPlugin/RenderDocPlugin.uplugin" 291
"../../../Engine/Plugins/Developer/ProjectLauncher/ProjectLauncher.uplugin" 292
"../../../Engine/Plugins/Developer/PropertyAccessNode/PropertyAccessNode.uplugin" 293
"../../../Engine/Plugins/Developer/TextureFormatOodle/TextureFormatOodle.uplugin" 294
"../../../Engine/Plugins/Developer/RiderSourceCodeAccess/RiderSourceCodeAccess.uplugin" 295
"../../../Engine/Plugins/Developer/SubversionSourceControl/SubversionSourceControl.uplugin" 296
"../../../Engine/Plugins/Developer/TraceDataFiltering/TraceDataFilters.uplugin" 297
"../../../Engine/Plugins/Developer/TraceSourceFiltering/TraceSourceFilters.uplugin" 298
"../../../Engine/Plugins/Developer/UObjectPlugin/UObjectPlugin.uplugin" 299
"../../../Engine/Plugins/Developer/VisualStudioSourceCodeAccess/VisualStudioSourceCodeAccess.uplugin" 300
"../../../Engine/Plugins/Editor/AssetManagerEditor/AssetManagerEditor.uplugin" 301
"../../../Engine/Plugins/Developer/XcodeGPUDebuggerPlugin/XcodeGPUDebuggerPlugin.uplugin" 302
"../../../Engine/Plugins/Editor/AssetReferenceRestrictions/AssetReferenceRestrictions.uplugin" 303
"../../../Engine/Plugins/Developer/XCodeSourceCodeAccess/XCodeSourceCodeAccess.uplugin" 304
"../../../Engine/Plugins/Editor/AssetSearch/AssetSearch.uplugin" 305
"../../../Engine/Plugins/Editor/ChangelistReview/ChangelistReview.uplugin" 306
"../../../Engine/Plugins/Developer/VisualStudioCodeSourceCodeAccess/VisualStudioCodeSourceCodeAccess.uplugin" 307
"../../../Engine/Plugins/Editor/BlueprintHeaderView/BlueprintHeaderView.uplugin" 308
"../../../Engine/Plugins/Editor/AssetRegistryExport/AssetRegistryExport.uplugin" 309
"../../../Engine/Plugins/Developer/KDevelopSourceCodeAccess/KDevelopSourceCodeAccess.uplugin" 310
"../../../Engine/Plugins/Editor/BlueprintMaterialTextureNodes/BlueprintMaterialTextureNodes.uplugin" 311
"../../../Engine/Plugins/Editor/ConsoleVariablesEditor/ConsoleVariables.uplugin" 312
"../../../Engine/Plugins/Editor/ColorGrading/ColorGrading.uplugin" 313
"../../../Engine/Plugins/Editor/CryptoKeys/CryptoKeys.uplugin" 314
"../../../Engine/Plugins/Editor/DisplayClusterLaunch/DisplayClusterLaunch.uplugin" 315
"../../../Engine/Plugins/Editor/DataValidation/DataValidation.uplugin" 316
"../../../Engine/Plugins/Editor/EditorDebugTools/EditorDebugTools.uplugin" 317
"../../../Engine/Plugins/Editor/CurveEditorTools/CurveEditorTools.uplugin" 318
"../../../Engine/Plugins/Editor/GameplayTagsEditor/GameplayTagsEditor.uplugin" 319
"../../../Engine/Plugins/Developer/N10XSourceCodeAccess/N10XSourceCodeAccess.uplugin" 320
"../../../Engine/Plugins/Editor/EngineAssetDefinitions/EngineAssetDefinitions.uplugin" 321
"../../../Engine/Plugins/Editor/FacialAnimation/FacialAnimation.uplugin" 322
"../../../Engine/Plugins/Runtime/WindowsMoviePlayer/WindowsMoviePlayer.uplugin" 323
"../../../Engine/Plugins/Editor/GeometryMode/GeometryMode.uplugin" 324
"../../../Engine/Plugins/Editor/MaterialAnalyzer/MaterialAnalyzer.uplugin" 325
"../../../Engine/Plugins/Editor/MobileLauncherProfileWizard/MobileLauncherProfileWizard.uplugin" 326
"../../../Engine/Plugins/Editor/GuidedTutorials/GuidedTutorials.uplugin" 327
"../../../Engine/Plugins/Editor/MacGraphicsSwitching/MacGraphicsSwitching.uplugin" 328
"../../../Engine/Plugins/Editor/MeshLODToolset/MeshLODToolset.uplugin" 329
"../../../Engine/Plugins/Editor/ModelViewViewModelPreview/ModelViewViewModelPreview.uplugin" 330
"../../../Engine/Plugins/Editor/LiveUpdateForSlate/LiveUpdateForSlate.uplugin" 331
"../../../Engine/Plugins/Editor/ModelingToolsEditorMode/ModelingToolsEditorMode.uplugin" 332
"../../../Engine/Plugins/Editor/PluginBrowser/PluginBrowser.uplugin" 333
"../../../Engine/Plugins/Editor/ProxyLODPlugin/ProxyLODPlugin.uplugin" 334
"../../../Engine/Plugins/Editor/SequencerAnimTools/SequencerAnimTools.uplugin" 335
"../../../Engine/Plugins/Editor/ScriptableToolsEditorMode/ScriptableToolsEditorMode.uplugin" 336
"../../../Engine/Plugins/Editor/MakeCookedEditorAsDLC/MakeCookedEditorAsDLC.uplugin" 337
"../../../Engine/Plugins/Editor/EditorSysConfigAssistant/EditorSysConfigAssistant.uplugin" 338
"../../../Engine/Plugins/Editor/SampleToolsEditorMode/SampleToolsEditorMode.uplugin" 339
"../../../Engine/Plugins/Editor/SpeedTreeImporter/SpeedTreeImporter.uplugin" 340
"../../../Engine/Plugins/Editor/StylusInput/StylusInput.uplugin" 341
"../../../Engine/Plugins/Editor/UMGWidgetPreview/UMGWidgetPreview.uplugin" 342
"../../../Engine/Plugins/Editor/UVEditor/UVEditor.uplugin" 343
"../../../Engine/Plugins/Editor/EditorScriptingUtilities/EditorScriptingUtilities.uplugin" 344
"../../../Engine/Plugins/Editor/WaveformEditor/WaveformEditor.uplugin" 345
"../../../Engine/Plugins/Experimental/AbilitySystemGameFeatureActions/AbilitySystemGameFeatureActions.uplugin" 346
"../../../Engine/Plugins/Editor/StaticMeshEditorModeling/StaticMeshEditorModeling.uplugin" 347
"../../../Engine/Plugins/Experimental/AnimNextControlRig/AnimNextControlRig.uplugin" 348
"../../../Engine/Plugins/Experimental/AdvancedRenamer/AdvancedRenamer.uplugin" 349
"../../../Engine/Plugins/Experimental/AnimNextPoseSearch/AnimNextPoseSearch.uplugin" 350
"../../../Engine/Plugins/Experimental/AnimNextStateTree/AnimNextStateTree.uplugin" 351
"../../../Engine/Plugins/Experimental/AnimToTexture/AnimToTexture.uplugin" 352
"../../../Engine/Plugins/Experimental/AnimNext/AnimNext.uplugin" 353
"../../../Engine/Plugins/Experimental/AnimNextWarping/AnimNextWarping.uplugin" 354
"../../../Engine/Plugins/Experimental/AnimNextAnimGraph/AnimNextAnimGraph.uplugin" 355
"../../../Engine/Plugins/Experimental/AsyncMessageSystem/AsyncMessageSystem.uplugin" 356
"../../../Engine/Plugins/Experimental/AsyncMessageSystemTests/AsyncMessageSystemTests.uplugin" 357
"../../../Engine/Plugins/Experimental/AutomationUtils/AutomationUtils.uplugin" 358
"../../../Engine/Plugins/Experimental/AvalancheDataLink/AvalancheDataLink.uplugin" 359
"../../../Engine/Plugins/Experimental/AvalancheSequenceNavigator/AvalancheSequenceNavigator.uplugin" 360
"../../../Engine/Plugins/Experimental/AvalancheSceneState/AvalancheSceneState.uplugin" 361
"../../../Engine/Plugins/Experimental/ActorPalette/ActorPalette.uplugin" 362
"../../../Engine/Plugins/Experimental/BlueprintSnapNodes/BlueprintSnapNodes.uplugin" 363
"../../../Engine/Plugins/Experimental/CelestialVault/CelestialVault.uplugin" 364
"../../../Engine/Plugins/Editor/WorldPartitionHLODUtilities/WorldPartitionHLODUtilities.uplugin" 365
"../../../Engine/Plugins/Experimental/AnimNextChooser/AnimNextChooser.uplugin" 366
"../../../Engine/Plugins/Experimental/Buoyancy/Buoyancy.uplugin" 367
"../../../Engine/Plugins/Experimental/ChaosCaching/ChaosCaching.uplugin" 368
"../../../Engine/Plugins/Experimental/AvalancheDisplayCluster/AvalancheDisplayCluster.uplugin" 369
"../../../Engine/Plugins/Experimental/ChaosCachingUSD/ChaosCachingUSD.uplugin" 370
"../../../Engine/Plugins/Experimental/ChaosClothEditor/ChaosClothEditor.uplugin" 371
"../../../Engine/Plugins/Experimental/BackChannel/BackChannel.uplugin" 372
"../../../Engine/Plugins/Experimental/ChaosEditor/ChaosEditor.uplugin" 373
"../../../Engine/Plugins/Experimental/ChaosFlesh/ChaosFlesh.uplugin" 374
"../../../Engine/Plugins/Experimental/BlueprintStats/BlueprintStats.uplugin" 375
"../../../Engine/Plugins/Experimental/ChaosModularVehicleExamples/ChaosModularVehicleExamples.uplugin" 376
"../../../Engine/Plugins/Experimental/ChaosMover/ChaosMover.uplugin" 377
"../../../Engine/Plugins/Experimental/ChaosUserDataPT/ChaosUserDataPT.uplugin" 378
"../../../Engine/Plugins/Experimental/ChaosOutfitAsset/ChaosOutfitAsset.uplugin" 379
"../../../Engine/Plugins/Experimental/ChaosSolverPlugin/ChaosSolverPlugin.uplugin" 380
"../../../Engine/Plugins/Experimental/ChaosNiagara/ChaosNiagara.uplugin" 381
"../../../Engine/Plugins/Experimental/CinematicPrestreaming/CinematicPrestreaming.uplugin" 382
"../../../Engine/Plugins/Experimental/ChaosModularVehicle/ChaosModularVehicle.uplugin" 383
"../../../Engine/Plugins/Experimental/CharacterAI/CharacterAI.uplugin" 384
"../../../Engine/Plugins/Experimental/ChaosVehiclesPlugin/ChaosVehiclesPlugin.uplugin" 385
"../../../Engine/Plugins/Experimental/CineCameraRigs/CineCameraRigs.uplugin" 386
"../../../Engine/Plugins/Experimental/CineCameraSceneCapture/CineCameraSceneCapture.uplugin" 387
"../../../Engine/Plugins/Experimental/ColorCorrectRegions/ColorCorrectRegions.uplugin" 388
"../../../Engine/Plugins/Experimental/CodeView/CodeView.uplugin" 389
"../../../Engine/Plugins/Experimental/ControlFlows/ControlFlows.uplugin" 390
"../../../Engine/Plugins/Experimental/Dataflow/Dataflow.uplugin" 391
"../../../Engine/Plugins/Experimental/DataLinkOAuth/DataLinkOAuth.uplugin" 392
"../../../Engine/Plugins/Experimental/CodeEditor/CodeEditor.uplugin" 393
"../../../Engine/Plugins/Experimental/CommonConversation/CommonConversation.uplugin" 394
"../../../Engine/Plugins/Experimental/DynamicMaterialMediaStreamBridge/DynamicMaterialMediaStreamBridge.uplugin" 395
"../../../Engine/Plugins/Experimental/DefaultInstallBundleManager/DefaultInstallBundleManager.uplugin" 396
"../../../Engine/Plugins/Experimental/EditorDataStorage/EditorDataStorage.uplugin" 397
"../../../Engine/Plugins/Experimental/EditorDataStorageFeatures/EditorDataStorageFeatures.uplugin" 398
"../../../Engine/Plugins/Experimental/DaySequence/DaySequence.uplugin" 399
"../../../Engine/Plugins/Experimental/DataLink/DataLink.uplugin" 400
"../../../Engine/Plugins/Experimental/EditorTelemetry/EditorTelemetry.uplugin" 401
"../../../Engine/Plugins/Experimental/EditorPerformance/EditorPerformance.uplugin" 402
"../../../Engine/Plugins/Experimental/FieldSystemPlugin/FieldSystemPlugin.uplugin" 403
"../../../Engine/Plugins/Experimental/FastGeoStreaming/FastGeoStreaming.uplugin" 404
"../../../Engine/Plugins/Experimental/EvaluationNotifies/EvaluationNotifies.uplugin" 405
"../../../Engine/Plugins/Experimental/GameInputWindows/GameInputWindows.uplugin" 406
"../../../Engine/Plugins/Experimental/Fracture/Fracture.uplugin" 407
"../../../Engine/Plugins/Experimental/GameplayGraph/GameplayGraph.uplugin" 408
"../../../Engine/Plugins/Experimental/FullBodyIK/FullBodyIK.uplugin" 409
"../../../Engine/Plugins/Experimental/GeometryCacheLevelSequenceBaker/GeometryCacheLevelSequenceBaker.uplugin" 410
"../../../Engine/Plugins/Experimental/GameplayTargetingSystem/TargetingSystem.uplugin" 411
"../../../Engine/Plugins/Experimental/Gauntlet/Gauntlet.uplugin" 412
"../../../Engine/Plugins/Experimental/GeometryFlow/GeometryFlow.uplugin" 413
"../../../Engine/Plugins/Experimental/GameplayBehaviors/GameplayBehaviors.uplugin" 414
"../../../Engine/Plugins/Experimental/GizmoEdMode/GizmoEdMode.uplugin" 415
"../../../Engine/Plugins/Experimental/HairCardGenerator/HairCardGenerator.uplugin" 416
"../../../Engine/Plugins/Experimental/GeometryCollectionPlugin/GeometryCollectionPlugin.uplugin" 417
"../../../Engine/Plugins/Experimental/GeometryCacheAbcFile/GeometryCacheAbcFile.uplugin" 418
"../../../Engine/Plugins/Experimental/FloatingProperties/FloatingProperties.uplugin" 419
"../../../Engine/Plugins/Experimental/HairModelingToolset/HairModelingToolset.uplugin" 420
"../../../Engine/Plugins/Experimental/GeometryDataflow/GeometryDataflow.uplugin" 421
"../../../Engine/Plugins/Experimental/GPULightmass/GPULightmass.uplugin" 422
"../../../Engine/Plugins/Experimental/InlineMaterialInstance/InlineMaterialInstance.uplugin" 423
"../../../Engine/Plugins/Experimental/InstanceDataObjectFixupTool/InstanceDataObjectFixupTool.uplugin" 424
"../../../Engine/Plugins/Experimental/ImagePlate/ImagePlate.uplugin" 425
"../../../Engine/Plugins/Experimental/InteractionInterface/InteractionInterface.uplugin" 426
"../../../Engine/Plugins/Experimental/Landmass/Landmass.uplugin" 427
"../../../Engine/Plugins/Experimental/Iris/Iris.uplugin" 428
"../../../Engine/Plugins/Experimental/JWT/JWT.uplugin" 429
"../../../Engine/Plugins/Experimental/ImageWidgets/ImageWidgets.uplugin" 430
"../../../Engine/Plugins/Experimental/GizmoFramework/GizmoFramework.uplugin" 431
"../../../Engine/Plugins/Experimental/LandscapePatch/LandscapePatch.uplugin" 432
"../../../Engine/Plugins/Experimental/LevelSequenceNavigatorBridge/LevelSequenceNavigatorBridge.uplugin" 433
"../../../Engine/Plugins/Experimental/LearningAgents/LearningAgents.uplugin" 434
"../../../Engine/Plugins/Experimental/LiveLinkControlRig/LiveLinkControlRig.uplugin" 435
"../../../Engine/Plugins/Experimental/LiveLinkFaceImporter/LiveLinkFaceImporter.uplugin" 436
"../../../Engine/Plugins/Experimental/LocalizableMessage/LocalizableMessage.uplugin" 437
"../../../Engine/Plugins/Experimental/LiveLinkOpenVR/LiveLinkOpenVR.uplugin" 438
"../../../Engine/Plugins/Experimental/LowLevelNetTrace/LowLevelNetTrace.uplugin" 439
"../../../Engine/Plugins/Experimental/MediaStream/MediaStream.uplugin" 440
"../../../Engine/Plugins/Experimental/MediaViewer/MediaViewer.uplugin" 441
"../../../Engine/Plugins/Experimental/MeshModelingToolsetExp/MeshModelingToolsetExp.uplugin" 442
"../../../Engine/Plugins/Experimental/MeshResizing/MeshResizing.uplugin" 443
"../../../Engine/Plugins/Experimental/MetasoundExperimental/MetasoundExperimental.uplugin" 444
"../../../Engine/Plugins/Experimental/MLflow/MLflow.uplugin" 445
"../../../Engine/Plugins/Experimental/Mover/Mover.uplugin" 446
"../../../Engine/Plugins/Experimental/MotorSimOutputMotoSynth/MotorSimOutputMotoSynth.uplugin" 447
"../../../Engine/Plugins/Experimental/MotoSynth/MotoSynth.uplugin" 448
"../../../Engine/Plugins/Experimental/ImpostorBaker/ImpostorBaker.uplugin" 449
"../../../Engine/Plugins/Experimental/MoverIntegrations/MoverIntegrations.uplugin" 450
"../../../Engine/Plugins/Experimental/MoverTests/MoverTests.uplugin" 451
"../../../Engine/Plugins/Experimental/HairStrandsMutable/HairStrandsMutable.uplugin" 452
"../../../Engine/Plugins/Experimental/MovieSceneAnimMixer/MovieSceneAnimMixer.uplugin" 453
"../../../Engine/Plugins/Experimental/MovieScenePoseSearchTracks/MovieScenePoseSearchTracks.uplugin" 454
"../../../Engine/Plugins/Experimental/MutableClothing/MutableClothing.uplugin" 455
"../../../Engine/Plugins/Experimental/MoverAnimNext/MoverAnimNext.uplugin" 456
"../../../Engine/Plugins/Experimental/MutablePopulation/MutablePopulation.uplugin" 457
"../../../Engine/Plugins/Experimental/NeuralRendering/NeuralRendering.uplugin" 458
"../../../Engine/Plugins/Experimental/NNERuntimeBasicCpu/NNERuntimeBasicCpu.uplugin" 459
"../../../Engine/Plugins/Experimental/NaniteDisplacedMesh/NaniteDisplacedMesh.uplugin" 460
"../../../Engine/Plugins/Experimental/MoverExamples/MoverExamples.uplugin" 461
"../../../Engine/Plugins/Experimental/NNERuntimeRDG/NNERuntimeRDG.uplugin" 462
"../../../Engine/Plugins/Experimental/OpenImageDenoise/OpenImageDenoise.uplugin" 463
"../../../Engine/Plugins/Experimental/PCGBiomeCore/PCGBiomeCore.uplugin" 464
"../../../Engine/Plugins/Experimental/OptiXDenoise/OptiXDenoise.uplugin" 465
"../../../Engine/Plugins/Experimental/PanoramicCapture/PanoramicCapture.uplugin" 466
"../../../Engine/Plugins/Experimental/PCGBiomeSample/PCGBiomeSample.uplugin" 467
"../../../Engine/Plugins/Experimental/PixelStreamingPlayer/PixelStreamingPlayer.uplugin" 468
"../../../Engine/Plugins/Experimental/NNERuntimeCoreML/NNERuntimeCoreML.uplugin" 469
"../../../Engine/Plugins/Experimental/PlainProps/PlainProps.uplugin" 470
"../../../Engine/Plugins/Experimental/NFORDenoise/NFORDenoise.uplugin" 471
"../../../Engine/Plugins/Experimental/PlanarCutPlugin/PlanarCut.uplugin" 472
"../../../Engine/Plugins/Experimental/NNERuntimeIREE/NNERuntimeIREE.uplugin" 473
"../../../Engine/Plugins/Experimental/PlatformCrypto/PlatformCrypto.uplugin" 474
"../../../Engine/Plugins/Experimental/PluginTemplateTool/PluginTemplateTool.uplugin" 475
"../../../Engine/Plugins/Experimental/PluginAudit/PluginAudit.uplugin" 476
"../../../Engine/Plugins/Experimental/PSDImporter/PSDImporter.uplugin" 477
"../../../Engine/Plugins/Experimental/PluginReferenceViewer/PluginReferenceViewer.uplugin" 478
"../../../Engine/Plugins/Experimental/PSDImporterMaterialDesignerBridge/PSDImporterMaterialDesignerBridge.uplugin" 479
"../../../Engine/Plugins/Experimental/PythonFoundationPackages/PythonFoundationPackages.uplugin" 480
"../../../Engine/Plugins/Experimental/QuicMessaging/QuicMessaging.uplugin" 481
"../../../Engine/Plugins/Experimental/RawInput/RawInput.uplugin" 482
"../../../Engine/Plugins/Experimental/PlainPropsUObject/PlainPropsUObject.uplugin" 483
"../../../Engine/Plugins/Experimental/RigLogicMutable/RigLogicMutable.uplugin" 484
"../../../Engine/Plugins/Experimental/RigLogicAnimNext/RigLogicAnimNext.uplugin" 485
"../../../Engine/Plugins/Experimental/PhysicsControl/PhysicsControl.uplugin" 486
"../../../Engine/Plugins/Experimental/RemoteSession/RemoteSession.uplugin" 487
"../../../Engine/Plugins/Experimental/RuntimeTelemetry/RuntimeTelemetry.uplugin" 488
"../../../Engine/Plugins/Experimental/RenderGrid/RenderGrid.uplugin" 489
"../../../Engine/Plugins/Experimental/RazerChromaDevices/RazerChromaDevices.uplugin" 490
"../../../Engine/Plugins/Experimental/PythonScriptPlugin/PythonScriptPlugin.uplugin" 491
"../../../Engine/Plugins/Experimental/SceneState/SceneState.uplugin" 492
"../../../Engine/Plugins/Experimental/ScreenReader/ScreenReader.uplugin" 493
"../../../Engine/Plugins/Experimental/SecuritySandbox/SecuritySandbox.uplugin" 494
"../../../Engine/Plugins/Experimental/SerializationUtils/SerializationUtils.uplugin" 495
"../../../Engine/Plugins/Experimental/Shotgrid/Shotgrid.uplugin" 496
"../../../Engine/Plugins/Experimental/PostProcessMaterialChainGraph/PostProcessMaterialChainGraph.uplugin" 497
"../../../Engine/Plugins/Experimental/SlateModelViewViewModel/SlateModelViewViewModel.uplugin" 498
"../../../Engine/Plugins/Experimental/SurfaceEffects/SurfaceEffects.uplugin" 499
"../../../Engine/Plugins/Experimental/SlateScreenReader/SlateScreenReader.uplugin" 500
"../../../Engine/Plugins/Experimental/SimpleHMD/SimpleHMD.uplugin" 501
"../../../Engine/Plugins/Experimental/SequenceNavigator/SequenceNavigator.uplugin" 502
"../../../Engine/Plugins/Experimental/Tensorboard/Tensorboard.uplugin" 503
"../../../Engine/Plugins/Experimental/TargetDeviceServicesScripting/TargetDeviceServicesScripting.uplugin" 504
"../../../Engine/Plugins/Experimental/StructUtils/StructUtils.uplugin" 505
"../../../Engine/Plugins/Experimental/TetMeshing/TetMeshing.uplugin" 506
"../../../Engine/Plugins/Experimental/TextureMediaPlayer/TextureMediaPlayer.uplugin" 507
"../../../Engine/Plugins/Experimental/SlateIM/SlateIM.uplugin" 508
"../../../Engine/Plugins/Experimental/TechAudioTools/TechAudioTools.uplugin" 509
"../../../Engine/Plugins/Experimental/ToolPresets/ToolPresets.uplugin" 510
"../../../Engine/Plugins/Experimental/UIFramework/UIFramework.uplugin" 511
"../../../Engine/Plugins/Experimental/StateGraph/StateGraph.uplugin" 512
"../../../Engine/Plugins/Experimental/SkeletalReduction/SkeletalReduction.uplugin" 513
"../../../Engine/Plugins/Experimental/UserToolBoxBasicCommand/UserToolBoxBasicCommand.uplugin" 514
"../../../Engine/Plugins/Experimental/VirtualHeightfieldMesh/VirtualHeightfieldMesh.uplugin" 515
"../../../Engine/Plugins/Experimental/Volumetrics/Volumetrics.uplugin" 516
"../../../Engine/Plugins/Experimental/WaterAdvanced/WaterAdvanced.uplugin" 517
"../../../Engine/Plugins/Experimental/SubtitlesAndClosedCaptions/SubtitlesAndClosedCaptions.uplugin" 518
"../../../Engine/Plugins/Experimental/TextToSpeech/TextToSpeech.uplugin" 519
"../../../Engine/Plugins/Experimental/WaveFunctionCollapse/WaveFunctionCollapse.uplugin" 520
"../../../Engine/Plugins/Experimental/SpatialReadiness/SpatialReadiness.uplugin" 521
"../../../Engine/Plugins/Experimental/RemoteControlComponents/RemoteControlComponents.uplugin" 522
"../../../Engine/Plugins/Experimental/Workspace/Workspace.uplugin" 523
"../../../Engine/Plugins/Experimental/WebSocketNetworking/WebSocketNetworking.uplugin" 524
"../../../Engine/Plugins/Experimental/XRCreativeFramework/XRCreativeFramework.uplugin" 525
"../../../Engine/Plugins/Experimental/Water/Water.uplugin" 526
"../../../Engine/Plugins/FX/Cascade/Cascade.uplugin" 527
"../../../Engine/Plugins/FX/Niagara/Niagara.uplugin" 528
"../../../Engine/Plugins/FX/NiagaraMRQ/NiagaraMRQ.uplugin" 529
"../../../Engine/Plugins/Interchange/Assets/InterchangeAssets.uplugin" 530
"../../../Engine/Plugins/FX/CascadeToNiagaraConverter/CascadeToNiagaraConverter.uplugin" 531
"../../../Engine/Plugins/FX/NiagaraSimCaching/NiagaraSimCaching.uplugin" 532
"../../../Engine/Plugins/Interchange/Editor/InterchangeEditor.uplugin" 533
"../../../Engine/Plugins/FX/NiagaraFluids/NiagaraFluids.uplugin" 534
"../../../Engine/Plugins/Experimental/WaterExtras/WaterExtras.uplugin" 535
"../../../Engine/Plugins/Interchange/Runtime/Interchange.uplugin" 536
"../../../Engine/Plugins/FX/ExampleCustomDataInterface/ExampleCustomDataInterface.uplugin" 537
"../../../Engine/Plugins/Experimental/WebSocketMessaging/WebSocketMessaging.uplugin" 538
"../../../Engine/Plugins/MetaHuman/MetaHumanAnimator/MetaHuman.uplugin" 539
"../../../Engine/Plugins/MetaHuman/MetaHumanCalibrationProcessing/MetaHumanCalibrationProcessing.uplugin" 540
"../../../Engine/Plugins/MetaHuman/MetaHumanCharacter/MetaHumanCharacter.uplugin" 541
"../../../Engine/Plugins/MetaHuman/MetaHumanCoreTechLib/MetaHumanCoreTech.uplugin" 542
"../../../Engine/Plugins/MetaHuman/MetaHumanLiveLink/MetaHumanLiveLink.uplugin" 543
"../../../Engine/Plugins/NetcodeUnitTest/NetcodeUnitTest/NetcodeUnitTest.uplugin" 544
"../../../Engine/Plugins/Experimental/VirtualProductionUtilities/VirtualProductionUtilities.uplugin" 545
"../../../Engine/Plugins/NetcodeUnitTest/NUTUnrealEngine/NUTUnrealEngine.uplugin" 546
"../../../Engine/Plugins/Online/EOSOverlayInputProvider/EOSOverlayInputProvider.uplugin" 547
"../../../Engine/Plugins/MetaHuman/MetaHumanSDK/MetaHumanSDK.uplugin" 548
"../../../Engine/Plugins/Online/EOSShared/EOSShared.uplugin" 549
"../../../Engine/Plugins/Online/OnlineBase/OnlineBase.uplugin" 550
"../../../Engine/Plugins/Online/OnlineFramework/OnlineFramework.uplugin" 551
"../../../Engine/Plugins/Online/OnlineServicesEOS/OnlineServicesEOS.uplugin" 552
"../../../Engine/Plugins/Online/OnlineServicesEOSGS/OnlineServicesEOSGS.uplugin" 553
"../../../Engine/Plugins/Online/OnlineServicesEpicCommon/OnlineServicesEpicCommon.uplugin" 554
"../../../Engine/Plugins/Online/OnlineServices/OnlineServices.uplugin" 555
"../../../Engine/Plugins/Online/OnlineServicesNull/OnlineServicesNull.uplugin" 556
"../../../Engine/Plugins/Online/OnlineServicesOSSAdapter/OnlineServicesOSSAdapter.uplugin" 557
"../../../Engine/Plugins/Online/OnlineSubsystem/OnlineSubsystem.uplugin" 558
"../../../Engine/Plugins/Online/OnlineSubsystemAmazon/OnlineSubsystemAmazon.uplugin" 559
"../../../Engine/Plugins/Online/OnlineSubsystemEOS/OnlineSubsystemEOS.uplugin" 560
"../../../Engine/Plugins/Online/OnlineSubsystemApple/OnlineSubsystemApple.uplugin" 561
"../../../Engine/Plugins/Online/OnlineSubsystemSteam/OnlineSubsystemSteam.uplugin" 562
"../../../Engine/Plugins/Experimental/SVGImporter/SVGImporter.uplugin" 563
"../../../Engine/Plugins/Online/SocketSubsystemSteamIP/SocketSubsystemSteamIP.uplugin" 564
"../../../Engine/Plugins/Online/OnlineSubsystemFacebook/OnlineSubsystemFacebook.uplugin" 565
"../../../Engine/Plugins/Online/OnlineSubsystemGoogle/OnlineSubsystemGoogle.uplugin" 566
"../../../Engine/Plugins/Experimental/UserToolBoxCore/UserToolBoxCore.uplugin" 567
"../../../Engine/Plugins/Experimental/SubmitToolEditor/SubmitToolEditor.uplugin" 568
"../../../Engine/Plugins/PCGInterops/PCGExternalDataInterop/PCGExternalDataInterop.uplugin" 569
"../../../Engine/Plugins/PCGInterops/PCGGeometryScriptInterop/PCGGeometryScriptInterop.uplugin" 570
"../../../Engine/Plugins/Performance/AutomatedPerfTesting/AutomatedPerfTesting.uplugin" 571
"../../../Engine/Plugins/Performance/PerformanceMonitor/PerformanceMonitor.uplugin" 572
"../../../Engine/Plugins/Online/OnlineSubsystemUtils/OnlineSubsystemUtils.uplugin" 573
"../../../Engine/Plugins/Slate/SlateInsights/SlateInsights.uplugin" 574
"../../../Engine/Plugins/VirtualProduction/ActorModifier/ActorModifier.uplugin" 575
"../../../Engine/Plugins/VirtualProduction/CameraCalibration/CameraCalibration.uplugin" 576
"../../../Engine/Plugins/VirtualProduction/CameraCalibrationCore/CameraCalibrationCore.uplugin" 577
"../../../Engine/Plugins/Slate/SlateScripting/SlateScripting.uplugin" 578
"../../../Engine/Plugins/VirtualProduction/CustomDetailsView/CustomDetailsView.uplugin" 579
"../../../Engine/Plugins/Online/OnlineSubsystemTencent/OnlineSubsystemTencent.uplugin" 580
"../../../Engine/Plugins/VirtualProduction/DataCharts/DataCharts.uplugin" 581
"../../../Engine/Plugins/VirtualProduction/Avalanche/Avalanche.uplugin" 582
"../../../Engine/Plugins/VirtualProduction/ActorModifierCore/ActorModifierCore.uplugin" 583
"../../../Engine/Plugins/Online/WebAuth/WebAuth.uplugin" 584
"../../../Engine/Plugins/VirtualProduction/ClonerEffector/ClonerEffector.uplugin" 585
"../../../Engine/Plugins/VirtualProduction/DynamicMaterial/DynamicMaterial.uplugin" 586
"../../../Engine/Plugins/VirtualProduction/EpicStageApp/EpicStageApp.uplugin" 587
"../../../Engine/Plugins/VirtualProduction/GeometryMask/GeometryMask.uplugin" 588
"../../../Engine/Plugins/VirtualProduction/ICVFXTesting/ICVFXTesting.uplugin" 589
"../../../Engine/Plugins/VirtualProduction/ICVFX/ICVFX.uplugin" 590
"../../../Engine/Plugins/VirtualProduction/CaptureData/CaptureData.uplugin" 591
"../../../Engine/Plugins/Online/SocketSubsystemEOS/SocketSubsystemEOS.uplugin" 592
"../../../Engine/Plugins/VirtualProduction/CinematicAssemblyTools/CinematicAssemblyTools.uplugin" 593
"../../../Engine/Plugins/VirtualProduction/LiveLinkFreeD/LiveLinkFreeD.uplugin" 594
"../../../Engine/Plugins/VirtualProduction/LiveLinkLens/LiveLinkLens.uplugin" 595
"../../../Engine/Plugins/VirtualProduction/CameraCalibrationML/CameraCalibrationML.uplugin" 596
"../../../Engine/Plugins/VirtualProduction/LiveLinkInputDevice/LiveLinkInputDevice.uplugin" 597
"../../../Engine/Plugins/VirtualProduction/LiveLinkMasterLockit/LiveLinkMasterLockit.uplugin" 598
"../../../Engine/Plugins/VirtualProduction/LiveLinkCamera/LiveLinkCamera.uplugin" 599
"../../../Engine/Plugins/VirtualProduction/LiveLinkOpenTrackIO/LiveLinkOpenTrackIO.uplugin" 600
"../../../Engine/Plugins/VirtualProduction/LiveLinkVRPN/LiveLinkVRPN.uplugin" 601
"../../../Engine/Plugins/VirtualProduction/LiveLinkXR/LiveLinkXR.uplugin" 602
"../../../Engine/Plugins/VirtualProduction/OperatorStack/OperatorStack.uplugin" 603
"../../../Engine/Plugins/Online/OnlineSubsystemNull/OnlineSubsystemNull.uplugin" 604
"../../../Engine/Plugins/VirtualProduction/PropertyAnimator/PropertyAnimator.uplugin" 605
"../../../Engine/Plugins/VirtualProduction/MultiUserTakes/MultiUserTakes.uplugin" 606
"../../../Engine/Plugins/VirtualProduction/PropertyAnimatorCore/PropertyAnimatorCore.uplugin" 607
"../../../Engine/Plugins/VirtualProduction/PerformanceCaptureWorkflow/PerformanceCaptureWorkflow.uplugin" 608
"../../../Engine/Plugins/VirtualProduction/LevelSnapshots/LevelSnapshots.uplugin" 609
"../../../Engine/Plugins/VirtualProduction/RemoteControlInterception/RemoteControlInterception.uplugin" 610
"../../../Engine/Plugins/VirtualProduction/RemoteControl/RemoteControl.uplugin" 611
"../../../Engine/Plugins/VirtualProduction/RemoteControlProtocolMIDI/RemoteControlProtocolMIDI.uplugin" 612
"../../../Engine/Plugins/VirtualProduction/RemoteControlProtocolOSC/RemoteControlProtocolOSC.uplugin" 613
"../../../Engine/Plugins/VirtualProduction/RemoteControlWebInterface/RemoteControlWebInterface.uplugin" 614
"../../../Engine/Plugins/VirtualProduction/SequencerPlaylists/SequencerPlaylists.uplugin" 615
"../../../Engine/Plugins/VirtualProduction/StormSyncAvalancheBridge/StormSyncAvalancheBridge.uplugin" 616
"../../../Engine/Plugins/Experimental/Text3D/Text3D.uplugin" 617
"../../../Engine/Plugins/VirtualProduction/StormSync/StormSync.uplugin" 618
"../../../Engine/Plugins/Experimental/WidgetEditorToolPalette/WidgetEditorToolPalette.uplugin" 619
"../../../Engine/Plugins/VirtualProduction/Switchboard/Switchboard.uplugin" 620
"../../../Engine/Plugins/VirtualProduction/LiveLinkPrestonMDR/LiveLinkPrestonMDR.uplugin" 621
"../../../Engine/Plugins/VirtualProduction/LensComponent/LensComponent.uplugin" 622
"../../../Engine/Plugins/VirtualProduction/TextureShare/TextureShare.uplugin" 623
"../../../Engine/Plugins/VirtualProduction/TimedDataMonitor/TimedDataMonitor.uplugin" 624
"../../../Engine/Plugins/VirtualProduction/Takes/Takes.uplugin" 625
"../../../Engine/Plugins/VirtualProduction/VirtualCamera/VirtualCamera.uplugin" 626
"../../../Engine/Plugins/VirtualProduction/VirtualScouting/VirtualScouting.uplugin" 627
"../../../Engine/Plugins/VirtualProduction/VirtualCameraCore/VirtualCameraCore.uplugin" 628
"../../../Engine/Plugins/Animation/MLDeformer/ChaosFleshGenerator/ChaosFleshGenerator.uplugin" 629
"../../../Engine/Plugins/Animation/MLDeformer/ChaosClothGenerator/ChaosClothGenerator.uplugin" 630
"../../../Engine/Plugins/Animation/MLDeformer/NeuralMorphModel/NeuralMorphModel.uplugin" 631
"../../../Engine/Plugins/Animation/MLDeformer/NearestNeighborModel/NearestNeighborModel.uplugin" 632
"../../../Engine/Plugins/VirtualProduction/RemoteControlProtocolDMX/RemoteControlProtocolDMX.uplugin" 633
"../../../Engine/Plugins/Editor/ObjectMixer/ObjectMixer/ObjectMixer.uplugin" 634
"../../../Engine/Plugins/Runtime/Advertising/IOSTapJoy/IOSTapJoy.uplugin" 635
"../../../Engine/Plugins/Editor/ObjectMixer/LightMixer/LightMixer.uplugin" 636
"../../../Engine/Plugins/Animation/MLDeformer/MLDeformerFramework/MLDeformerFramework.uplugin" 637
"../../../Engine/Plugins/Animation/MLDeformer/VertexDeltaModel/VertexDeltaModel.uplugin" 638
"../../../Engine/Plugins/VirtualProduction/StageMonitoring/StageMonitoring.uplugin" 639
"../../../Engine/Plugins/Runtime/Steam/SteamShared/SteamShared.uplugin" 640
"../../../Engine/Plugins/Runtime/Analytics/Adjust/Adjust.uplugin" 641
"../../../Engine/Plugins/Runtime/Steam/SteamAudio/SteamAudio.uplugin" 642
"../../../Engine/Plugins/Runtime/Analytics/AnalyticsBlueprintLibrary/AnalyticsBlueprintLibrary.uplugin" 643
"../../../Engine/Plugins/Runtime/MeshReconstruction/DummyMeshReconstructor/DummyMeshReconstructor.uplugin" 644
"../../../Engine/Plugins/Runtime/Steam/SteamSockets/SteamSockets.uplugin" 645
"../../../Engine/Plugins/Runtime/Steam/SteamController/SteamController.uplugin" 646
"../../../Engine/Plugins/Runtime/Analytics/AnalyticsMulticast/AnalyticsMulticast.uplugin" 647
"../../../Engine/Plugins/Runtime/Analytics/FileLogging/FileLogging.uplugin" 648
"../../../Engine/Plugins/Runtime/Database/ADOSupport/ADOSupport.uplugin" 649
"../../../Engine/Plugins/Runtime/Database/RemoteDatabaseSupport/RemoteDatabaseSupport.uplugin" 650
"../../../Engine/Plugins/Runtime/Database/SQLiteCore/SQLiteCore.uplugin" 651
"../../../Engine/Plugins/Runtime/Database/DatabaseSupport/DatabaseSupport.uplugin" 652
"../../../Engine/Plugins/Runtime/XR/XRVisualization/XRVisualization.uplugin" 653
"../../../Engine/Plugins/Runtime/Database/SQLiteSupport/SQLiteSupport.uplugin" 654
"../../../Engine/Plugins/VirtualProduction/CompositePlane/CompositePlane.uplugin" 655
"../../../Engine/Plugins/Developer/Concert/ConcertMain/ConcertMain.uplugin" 656
"../../../Engine/Plugins/Editor/ContentBrowser/ContentBrowserAliasDataSource/ContentBrowserAliasDataSource.uplugin" 657
"../../../Engine/Plugins/Editor/ContentBrowser/ContentBrowserFileDataSource/ContentBrowserFileDataSource.uplugin" 658
"../../../Engine/Plugins/Experimental/CharacterFXEditor/ExampleCharacterFXEditor/ExampleCharacterFXEditor.uplugin" 659
"../../../Engine/Plugins/Editor/ContentBrowser/ContentBrowserClassDataSource/ContentBrowserClassDataSource.uplugin" 660
"../../../Engine/Plugins/Experimental/VirtualProduction/LedWallCalibration/LedWallCalibration.uplugin" 661
"../../../Engine/Plugins/Runtime/XR/XRScribe/XRScribe.uplugin" 662
"../../../Engine/Plugins/Editor/ContentBrowser/ContentBrowserAssetDataSource/ContentBrowserAssetDataSource.uplugin" 663
"../../../Engine/Plugins/Experimental/VirtualProduction/VPRoles/VPRoles.uplugin" 664
"../../../Engine/Plugins/Experimental/VirtualProduction/VPSettings/VPSettings.uplugin" 665
"../../../Engine/Plugins/Interchange/Extensions/OpenUSD/InterchangeOpenUSD.uplugin" 666
"../../../Engine/Plugins/Interchange/Extensions/OpenVDB/InterchangeOpenVDB.uplugin" 667
"../../../Engine/Plugins/Editor/Localization/PortableObjectFileDataSource/PortableObjectFileDataSource.uplugin" 668
"../../../Engine/Plugins/Online/IOS/OnlineSubsystemIOS/OnlineSubsystemIOS.uplugin" 669
"../../../Engine/Plugins/Online/VoiceChat/EOSVoiceChat/EOSVoiceChat.uplugin" 670
"../../../Engine/Plugins/Experimental/Animation/ContextualAnimation/ContextualAnimation.uplugin" 671
"../../../Engine/Plugins/Experimental/Animation/HierarchyTable/HierarchyTable.uplugin" 672
"../../../Engine/Plugins/Experimental/Animation/CurveExpression/CurveExpression.uplugin" 673
"../../../Engine/Plugins/Experimental/Animation/HierarchyTableAnimation/HierarchyTableAnimation.uplugin" 674
"../../../Engine/Plugins/Experimental/Animation/SkeletalMeshMorphTargetEditingTools/SkeletalMeshMorphTargetEditingTools.uplugin" 675
"../../../Engine/Plugins/Online/VoiceChat/VoiceChat/VoiceChat.uplugin" 676
"../../../Engine/Plugins/Experimental/Animation/Locomotor/Locomotor.uplugin" 677
"../../../Engine/Plugins/Experimental/Animation/TrajectoryTools/TrajectoryTools.uplugin" 678
"../../../Engine/Plugins/Experimental/Animation/MotionTrajectory/MotionTrajectory.uplugin" 679
"../../../Engine/Plugins/Experimental/Animation/Optimus/Optimus.uplugin" 680
"../../../Engine/Plugins/Experimental/Compositing/HoldoutComposite/HoldoutComposite.uplugin" 681
"../../../Engine/Plugins/Experimental/AVCodecs/AMFCodecs/AMFCodecs.uplugin" 682
"../../../Engine/Plugins/Experimental/AVCodecs/AVCodecsCore/AVCodecsCore.uplugin" 683
"../../../Engine/Plugins/Experimental/Animation/RigMapper/RigMapper.uplugin" 684
"../../../Engine/Plugins/Experimental/Web/WebAPI/WebAPI.uplugin" 685
"../../../Engine/Plugins/Experimental/AVCodecs/VTCodecs/VTCodecs.uplugin" 686
"../../../Engine/Plugins/Experimental/AVCodecs/LibVpxCodecs/LibVpxCodecs.uplugin" 687
"../../../Engine/Plugins/Experimental/AVCodecs/WMFCodecs/WMFCodecs.uplugin" 688
"../../../Engine/Plugins/Experimental/Compositing/CompositeCore/CompositeCore.uplugin" 689
"../../../Engine/Plugins/Experimental/MetaHuman/MetaHumanRuntime/MetaHumanRuntime.uplugin" 690
"../../../Engine/Plugins/Online/Android/AndroidFetchBackgroundDownload/AndroidFetchBackgroundDownload.uplugin" 691
"../../../Engine/Plugins/Experimental/Animation/PackedAttributes/PackedAttributes.uplugin" 692
"../../../Engine/Plugins/Online/Android/OnlineSubsystemGooglePlay/OnlineSubsystemGooglePlay.uplugin" 693
"../../../Engine/Plugins/VirtualProduction/CaptureManager/CaptureManagerDevices/CaptureManagerDevices.uplugin" 694
"../../../Engine/Plugins/VirtualProduction/CaptureManager/CaptureManagerCore/CaptureManagerCore.uplugin" 695
"../../../Engine/Plugins/VirtualProduction/CaptureManager/CaptureManagerEditor/CaptureManagerEditor.uplugin" 696
"../../../Engine/Plugins/VirtualProduction/CaptureManager/CaptureManagerApp/CaptureManagerApp.uplugin" 697
"../../../Engine/Plugins/VirtualProduction/DMX/DMXControlConsole/DMXControlConsole.uplugin" 698
"../../../Engine/Plugins/VirtualProduction/DMX/DMXGDTF/DMXGDTF.uplugin" 699
"../../../Engine/Plugins/VirtualProduction/DMX/DMXModularFeatures/DMXModularFeatures.uplugin" 700
"../../../Engine/Plugins/VirtualProduction/DMX/DMXFixtures/DMXFixtures.uplugin" 701
"../../../Engine/Plugins/VirtualProduction/DMX/DMXEngine/DMXEngine.uplugin" 702
"../../../Engine/Plugins/Experimental/AVCodecs/NVCodecs/NVCodecs.uplugin" 703
"../../../Engine/Plugins/VirtualProduction/DMX/DMXDisplayCluster/DMXDisplayCluster.uplugin" 704
"../../../Engine/Plugins/VirtualProduction/DMX/DMXPixelMapping/DMXPixelMapping.uplugin" 705
"../../../Engine/Plugins/Runtime/AR/ARUtilities/ARUtilities.uplugin" 706
"../../../Engine/Plugins/VirtualProduction/Rivermax/RivermaxSync/RivermaxSync.uplugin" 707
"../../../Engine/Plugins/VirtualProduction/DMX/DMXProtocol/DMXProtocol.uplugin" 708
"../../../Engine/Plugins/VirtualProduction/DMX/DatasmithMVR/DatasmithMVR.uplugin" 709
"../../../Engine/Plugins/Runtime/Nvidia/Reflex/Reflex.uplugin" 710
"../../../Engine/Plugins/Runtime/Nvidia/GeForceNOWWrapper/GeForceNOWWrapper.uplugin" 711
"../../../Engine/Plugins/Runtime/PacketHandlers/AESGCMHandlerComponent/AESGCMHandlerComponent.uplugin" 712
"../../../Engine/Plugins/Runtime/PacketHandlers/DTLSHandlerComponent/DTLSHandlerComponent.uplugin" 713
"../../../Engine/Plugins/VirtualProduction/Rivermax/RivermaxCore/RivermaxCore.uplugin" 714
"../../../Engine/Plugins/Experimental/CharacterFXEditor/BaseCharacterFXEditor/BaseCharacterFXEditor.uplugin" 715
"../../../Engine/Plugins/Runtime/Windows/XInputDevice/XInputDevice.uplugin" 716
"../../../Engine/Plugins/Runtime/Windows/WinDualShock/WinDualShock.uplugin" 717
"../../../Engine/Plugins/Experimental/Animation/SkeletonTemplateFramework/SkeletonTemplateFramework.uplugin" 718
"../../../Engine/Plugins/Experimental/Enterprise/DatasmithInterchange/DatasmithInterchange.uplugin" 719
"../../../Engine/Plugins/VirtualProduction/Rivermax/RivermaxMedia/RivermaxMedia.uplugin" 720
"../../../Engine/Plugins/Experimental/PCGInterops/PCGInstancedActorsInterop/PCGInstancedActorsInterop.uplugin" 721
"../../../Engine/Plugins/Experimental/PCGInterops/PCGWaterInterop/PCGWaterInterop.uplugin" 722
"../../../Engine/Plugins/Experimental/PCGInterops/PCGNiagaraInterop/PCGNiagaraInterop.uplugin" 723
"../../../Engine/Plugins/Experimental/Enterprise/DatasmithRuntime/DatasmithRuntime.uplugin" 724
"../../../Engine/Plugins/Developer/Concert/ConcertApp/DisasterRecoveryClient/DisasterRecoveryClient.uplugin" 725
"../../../Engine/Plugins/Developer/Concert/ConcertApp/MultiUserClient/MultiUserClient.uplugin" 726
"../../../Engine/Plugins/Developer/Concert/ConcertApp/MultiUserServer/MultiUserServer.uplugin" 727
"../../../Engine/Plugins/Developer/Concert/ConcertSync/ConcertSyncClient/ConcertSyncClient.uplugin" 728
"../../../Engine/Plugins/Developer/Concert/ConcertSync/ConcertSyncTest/ConcertSyncTest.uplugin" 729
"../../../Engine/Plugins/Developer/Concert/ConcertSync/ConcertSyncServer/ConcertSyncServer.uplugin" 730
"../../../Engine/Plugins/Developer/Concert/ConcertScripting/ConcertReplicationScripting/ConcertReplicationScripting.uplugin" 731
"../../../Engine/Plugins/Developer/Concert/ConcertSync/ConcertSyncCore/ConcertSyncCore.uplugin" 732
"../../../Engine/Plugins/Developer/Concert/ConcertUI/ConcertClientSharedSlate/ConcertClientSharedSlate.uplugin" 733
"../../../Engine/Plugins/Developer/Concert/ConcertInsights/ConcertInsightsVisualizer/ConcertInsightsVisualizer.uplugin" 734
"../../../Engine/Plugins/Developer/Concert/ConcertInsights/ConcertInsightsCore/ConcertInsightsCore.uplugin" 735
"../../../Engine/Plugins/Runtime/PacketHandlers/AESHandlerComponent/AESHandlerComponent.uplugin" 736
"../../../Engine/Plugins/Developer/Concert/ConcertUI/ConcertSharedSlate/ConcertSharedSlate.uplugin" 737
"../../../Engine/Plugins/Developer/Concert/ConcertInsights/ConcertInsightsServer/ConcertInsightsServer.uplugin" 738
"../../../Engine/Plugins/Runtime/AR/Google/GoogleARCoreServices/GoogleARCoreServices.uplugin" 739
"../../../Engine/Plugins/Experimental/Animation/MLDeformer/DetailPoseModel/DetailPoseModel.uplugin" 740
"../../../Engine/Plugins/Runtime/AR/AppleAR/AppleARKit/AppleARKit.uplugin" 741
"../../../Engine/Plugins/Runtime/AR/Google/GoogleARCore/GoogleARCore.uplugin" 742
"../../../Engine/Plugins/Experimental/Enterprise/DataprepGeometryOperations/DataprepGeometryOperations.uplugin" 743
"../../../Engine/Plugins/Runtime/AR/AppleAR/AppleARKitFaceSupport/AppleARKitFaceSupport.uplugin" 744
"../../../Engine/Plugins/Developer/Concert/ConcertInsights/ConcertInsightsClient/ConcertInsightsClient.uplugin" 745
"../../../Engine/Platforms/Android/Plugins/RigLogic/RigLogic_Android.uplugin" 746
"../../../Engine/Platforms/Android/Plugins/Animation/ACLPlugin/ACLPlugin_Android.uplugin" 747
"../../../Engine/Platforms/IOS/Plugins/RigLogic/RigLogic_IOS.uplugin" 748
"../../../Engine/Content/Internationalization/icudt64l/cnvalias.icu" 749
"../../../Engine/Content/Internationalization/icudt64l/res_index.res" 750
"../../../Engine/Content/Internationalization/icudt64l/plurals.res" 751
"../../../Engine/Content/Internationalization/icudt64l/lang/ru.res" 752
"../../../Engine/Content/Internationalization/icudt64l/lang/pool.res" 753
"../../../Engine/Content/Internationalization/icudt64l/lang/root.res" 754
"../../../Engine/Content/Internationalization/icudt64l/region/ru.res" 755
"../../../Engine/Content/Internationalization/icudt64l/region/pool.res" 756
"../../../Engine/Content/Internationalization/icudt64l/region/root.res" 757
"../../../Engine/Content/Internationalization/icudt64l/lang/en.res" 758
"../../../Engine/Content/Internationalization/icudt64l/region/en.res" 759
"../../../Engine/Content/Internationalization/icudt64l/windowsZones.res" 760
"../../../Engine/Content/Internationalization/icudt64l/zoneinfo64.res" 761
"../../../Engine/Content/Internationalization/icudt64l/keyTypeData.res" 762
"../../../Engine/Content/Internationalization/icudt64l/timezoneTypes.res" 763
"../../../Engine/Content/Internationalization/icudt64l/likelySubtags.res" 764
"../../../Engine/Content/Internationalization/icudt64l/ru_RU.res" 765
"../../../Engine/Content/Internationalization/icudt64l/pool.res" 766
"../../../Engine/Content/Internationalization/icudt64l/ru.res" 767
"../../../Engine/Content/Internationalization/icudt64l/root.res" 768
"../../../Engine/Content/Internationalization/icudt64l/supplementalData.res" 769
"../../../Engine/Config/ConfigRedirects.ini" 770
"C:/Users/?????/AppData/Local/UnrealEngine/5.6/Saved/Config/WindowsEditor/Manifest.ini" 771
"../../../Engine/Config/BaseEngine.ini" 772
"../../../Engine/Config/Windows/BaseWindowsEngine.ini" 773
"C:/Documents/Unreal Projects/HackAndSlash/goyslop/Config/DefaultEngine.ini" 774
"../../../Engine/Config/BaseGame.ini" 775
"C:/Documents/Unreal Projects/HackAndSlash/goyslop/Config/DefaultGame.ini" 776
"../../../Engine/Config/Windows/WindowsGame.ini" 777
"C:/Documents/Unreal Projects/HackAndSlash/goyslop/Saved/Config/WindowsEditor/Game.ini" 778
"../../../Engine/Config/BaseInput.ini" 779
"../../../Engine/Config/Windows/BaseWindowsInput.ini" 780
"C:/Documents/Unreal Projects/HackAndSlash/goyslop/Config/DefaultInput.ini" 781
"../../../Engine/Config/Windows/WindowsInput.ini" 782
"../../../Engine/Config/BaseDeviceProfiles.ini" 783
"../../../Engine/Config/BaseGameUserSettings.ini" 784
"C:/Documents/Unreal Projects/HackAndSlash/goyslop/Saved/Config/WindowsEditor/GameUserSettings.ini" 785
"../../../Engine/Config/BaseScalability.ini" 786
"../../../Engine/Config/BaseRuntimeOptions.ini" 787
"../../../Engine/Config/BaseInstallBundle.ini" 788
"../../../Engine/Config/BaseHardware.ini" 789
"../../../Engine/Config/BaseCompat.ini" 790
"../../../Engine/Config/BaseLightmass.ini" 791
"../../../Engine/Config/BaseEditor.ini" 792
"C:/Documents/Unreal Projects/HackAndSlash/goyslop/Config/DefaultEditor.ini" 793
"C:/Documents/Unreal Projects/HackAndSlash/goyslop/Saved/Config/WindowsEditor/Editor.ini" 794
"../../../Engine/Config/BaseMaterialExpressions.ini" 795
"../../../Engine/Config/BaseEditorPerProjectUserSettings.ini" 796
"C:/Documents/Unreal Projects/HackAndSlash/goyslop/Config/DefaultEditorPerProjectUserSettings.ini" 797
"../../../Engine/Config/Windows/WindowsEditorPerProjectUserSettings.ini" 798
"C:/Documents/Unreal Projects/HackAndSlash/goyslop/Saved/Config/WindowsEditor/EditorPerProjectUserSettings.ini" 799
"../../../Engine/Config/BaseEditorSettings.ini" 800
"../../../Engine/Config/Windows/WindowsEditorSettings.ini" 801
"C:/Users/?????/AppData/Local/UnrealEngine/5.6/Saved/Config/WindowsEditor/EditorSettings.ini" 802
"../../../Engine/Config/BaseEditorKeyBindings.ini" 803
"C:/Users/?????/AppData/Local/UnrealEngine/5.6/Saved/Config/WindowsEditor/EditorLayout.ini" 804
"C:/Documents/Unreal Projects/HackAndSlash/goyslop/Binaries/Win64/HackAndSlash-Win64-Shipping.target" 805
"../../../Engine/Config/IOS/BaseIOSEngine.ini" 806
"../../../Engine/Config/Mac/BaseMacEngine.ini" 807
"../../../Engine/Config/Unix/UnixEngine.ini" 808
"../../../Engine/Config/TVOS/TVOSEngine.ini" 809
"../../../Engine/Binaries/Win64/BootstrapPackagedGame-Win64-Shipping.target" 810
"../../../Engine/Binaries/Win64/BuildPatchTool-Win64-Shipping.target" 811
"../../../Engine/Binaries/Win64/CrashReportClient-Win64-Shipping.target" 812
"../../../Engine/Binaries/Win64/CrashReportClientEditor-Win64-Shipping.target" 813
"../../../Engine/Config/Linux/BaseLinuxEngine.ini" 814
"../../../Engine/Binaries/Win64/DatasmithCADWorker.target" 815
"../../../Engine/Binaries/Win64/EpicWebHelper-Win64-Shipping.target" 816
"../../../Engine/Binaries/Win64/InterchangeWorker.target" 817
"../../../Engine/Config/IOS/BaseIOSGame.ini" 818
"../../../Engine/Config/Linux/LinuxEngine.ini" 819
"../../../Engine/Binaries/Win64/LiveCodingConsole.target" 820
"../../../Engine/Config/Mac/MacGame.ini" 821
"../../../Engine/Config/IOS/IOSGame.ini" 822
"../../../Engine/Config/Android/BaseAndroidEngine.ini" 823
"../../../Engine/Binaries/Win64/LiveLinkHub.target" 824
"../../../Engine/Config/Android/AndroidEngine.ini" 825
"../../../Engine/Config/Mac/BaseMacInput.ini" 826
"../../../Engine/Config/IOS/BaseIOSInput.ini" 827
"../../../Engine/Config/Android/BaseAndroidGame.ini" 828
"../../../Engine/Config/Linux/LinuxGame.ini" 829
"../../../Engine/Config/Android/BaseAndroidInput.ini" 830
"../../../Engine/Config/IOS/IOSScalability.ini" 831
"../../../Engine/Config/Android/AndroidScalability.ini" 832
"../../../Engine/Config/IOS/BaseIOSInstallBundle.ini" 833
"../../../Engine/Config/Android/BaseAndroidInstallBundle.ini" 834
"../../../Engine/Platforms/VisionOS/Config/BaseVisionOSEngine.ini" 835
"../../../Engine/Platforms/VisionOS/Config/VisionOSEngine.ini" 836
"../../../Engine/Binaries/Win64/ShaderCompileWorker.target" 837
"../../../Engine/Binaries/Win64/SwitchboardListener.target" 838
"../../../Engine/Binaries/Win64/SwitchboardListenerHelper.target" 839
"../../../Engine/Binaries/Win64/UnrealEditor-Win64-DebugGame.target" 840
"../../../Engine/Binaries/Win64/UnrealEditor.target" 841
"../../../Engine/Config/PluginBase.ini" 842
"../../../Engine/Plugins/ChaosVD/Config/DefaultChaosVD.ini" 843
"../../../Engine/Plugins/EnhancedInput/Config/BaseEnhancedInput.ini" 844
"../../../Engine/Plugins/Fab/Config/BaseFab.ini" 845
"../../../Engine/Plugins/TraceUtilities/Config/BaseTraceUtilities.ini" 846
"../../../Engine/Plugins/Enterprise/DatasmithContent/Config/BaseDatasmithContent.ini" 847
"../../../Engine/Plugins/Enterprise/GLTFExporter/Config/BaseGLTFExporter.ini" 848
"../../../Engine/Plugins/Enterprise/GLTFExporter/Config/DefaultGLTFExporter.ini" 849
"../../../Engine/Plugins/Enterprise/VariantManagerContent/Config/BaseVariantManagerContent.ini" 850
"../../../Engine/Plugins/Runtime/GameplayStateTree/Config/BaseGameplayStateTree.ini" 851
"../../../Engine/Plugins/Runtime/HairStrands/Config/BaseHairStrands.ini" 852
"../../../Engine/Plugins/Runtime/Metasound/Config/BaseMetasound.ini" 853
"../../../Engine/Plugins/Runtime/Metasound/Config/DefaultMetasound.ini" 854
"../../../Engine/Plugins/Runtime/PropertyBindingUtils/Config/BasePropertyBindingUtils.ini" 855
"../../../Engine/Plugins/Runtime/RigVM/Config/BaseRigVM.ini" 856
"../../../Engine/Plugins/Runtime/StateTree/Config/BaseStateTree.ini" 857
"../../../Engine/Plugins/Runtime/Synthesis/Config/BaseSynthesis.ini" 858
"../../../Engine/Plugins/Runtime/USDCore/Config/BaseUSDCore.ini" 859
"../../../Engine/Plugins/2D/Paper2D/Config/BasePaper2D.ini" 860
"../../../Engine/Plugins/Animation/ControlRig/Config/BaseControlRig.ini" 861
"../../../Engine/Plugins/Animation/DeformerGraph/Config/BaseDeformerGraph.ini" 862
"../../../Engine/Plugins/Animation/LiveLink/Config/BaseLiveLink.ini" 863
"../../../Engine/Plugins/Animation/IKRig/Config/BaseIKRig.ini" 864
"../../../Engine/Plugins/Cameras/GameplayCameras/Config/BaseGameplayCameras.ini" 865
"../../../Engine/Plugins/Editor/EditorScriptingUtilities/Config/BaseEditorScriptingUtilities.ini" 866
"../../../Engine/Plugins/Experimental/FullBodyIK/Config/BaseFullBodyIK.ini" 867
"../../../Engine/Plugins/Experimental/ToolPresets/Config/BaseToolPresets.ini" 868
"../../../Engine/Plugins/FX/Niagara/Config/BaseNiagara.ini" 869
"C:/Documents/Unreal Projects/HackAndSlash/goyslop/Saved/Config/WindowsEditor/Niagara.ini" 870
"../../../Engine/Plugins/Interchange/Assets/Config/BaseInterchangeAssets.ini" 871
"../../../Engine/Plugins/Interchange/Runtime/Config/BaseInterchange.ini" 872
"../../../Engine/Plugins/MetaHuman/MetaHumanSDK/Config/BaseMetaHumanSDK.ini" 873
"../../../Engine/Plugins/VirtualProduction/CameraCalibrationCore/Config/BaseCameraCalibrationCore.ini" 874
"../../../Engine/Plugins/VirtualProduction/Takes/Config/BaseTakes.ini" 875
"../../../Engine/Plugins/Experimental/Compositing/CompositeCore/Config/BaseCompositeCore.ini" 876
"../../../Engine/Plugins/ChaosVD/Config/Engine.ini" 877
"../../../Engine/Plugins/EnhancedInput/Config/Input.ini" 878
"../../../Engine/Plugins/Runtime/InputDebugging/Config/Input.ini" 879
"../../../Engine/Plugins/Runtime/Windows/XInputDevice/Config/Input.ini" 880
"../../../Engine/Plugins/NNE/NNEDenoiser/Config/Game.ini" 881
"../../../Engine/Plugins/Runtime/RigVM/Config/Editor.ini" 882
"../../../Engine/Plugins/Online/OnlineSubsystemUtils/Config/Editor.ini" 883
"../../../Engine/Plugins/Editor/ModelingToolsEditorMode/Binaries/Win64/UnrealEditor.modules" 884
"../../../Engine/Plugins/Runtime/MeshModelingToolset/Binaries/Win64/UnrealEditor.modules" 885
"../../../Engine/Plugins/Experimental/MeshModelingToolsetExp/Binaries/Win64/UnrealEditor.modules" 886
"../../../Engine/Plugins/Editor/MeshLODToolset/Binaries/Win64/UnrealEditor.modules" 887
"../../../Engine/Plugins/Experimental/ToolPresets/Binaries/Win64/UnrealEditor.modules" 888
"../../../Engine/Plugins/Editor/StylusInput/Binaries/Win64/UnrealEditor.modules" 889
"../../../Engine/Plugins/Runtime/GeometryProcessing/Binaries/Win64/UnrealEditor.modules" 890
"../../../Engine/Plugins/Editor/ProxyLODPlugin/Binaries/Win64/UnrealEditor.modules" 891
"../../../Engine/Plugins/Experimental/PlanarCutPlugin/Binaries/Win64/UnrealEditor.modules" 892
"../../../Engine/Plugins/Runtime/GeometryCache/Binaries/Win64/UnrealEditor.modules" 893
"../../../Engine/Plugins/Experimental/GeometryFlow/Binaries/Win64/UnrealEditor.modules" 894
"../../../Engine/Plugins/Editor/EditorScriptingUtilities/Binaries/Win64/UnrealEditor.modules" 895
"../../../Engine/Plugins/FX/Niagara/Binaries/Win64/UnrealEditor.modules" 896
"../../../Engine/Plugins/Experimental/PythonScriptPlugin/Binaries/Win64/UnrealEditor.modules" 897
"../../../Engine/Plugins/Editor/ContentBrowser/ContentBrowserFileDataSource/Binaries/Win64/UnrealEditor.modules" 898
"../../../Engine/Plugins/Runtime/GameplayStateTree/Binaries/Win64/UnrealEditor.modules" 899
"../../../Engine/Plugins/Runtime/StateTree/Binaries/Win64/UnrealEditor.modules" 900
"../../../Engine/Plugins/Animation/GameplayInsights/Binaries/Win64/UnrealEditor.modules" 901
"../../../Engine/Plugins/Runtime/PropertyAccess/Binaries/Win64/UnrealEditor.modules" 902
"../../../Engine/Plugins/Runtime/PropertyBindingUtils/Binaries/Win64/UnrealEditor.modules" 903
"../../../Engine/Plugins/Animation/MotionWarping/Binaries/Win64/UnrealEditor.modules" 904
"../../../Engine/Plugins/Experimental/GPULightmass/Binaries/Win64/UnrealEditor.modules" 905
"../../../Engine/Plugins/Bridge/Binaries/Win64/UnrealEditor.modules" 906
"../../../Engine/Plugins/MetaHuman/MetaHumanSDK/Binaries/Win64/UnrealEditor.modules" 907
"../../../Engine/Plugins/Animation/ControlRig/Binaries/Win64/UnrealEditor.modules" 908
"../../../Engine/Plugins/Runtime/HairStrands/Binaries/Win64/UnrealEditor.modules" 909
"../../../Engine/Plugins/Animation/RigLogic/Binaries/Win64/UnrealEditor.modules" 910
"../../../Engine/Plugins/Online/EOSShared/Binaries/Win64/UnrealEditor.modules" 911
"../../../Engine/Plugins/Runtime/RigVM/Binaries/Win64/UnrealEditor.modules" 912
"../../../Engine/Plugins/MovieScene/LevelSequenceEditor/Binaries/Win64/UnrealEditor.modules" 913
"../../../Engine/Plugins/MovieScene/SequencerScripting/Binaries/Win64/UnrealEditor.modules" 914
"../../../Engine/Plugins/Animation/TweeningUtils/Binaries/Win64/UnrealEditor.modules" 915
"../../../Engine/Plugins/Animation/DeformerGraph/Binaries/Win64/UnrealEditor.modules" 916
"../../../Engine/Plugins/Experimental/Dataflow/Binaries/Win64/UnrealEditor.modules" 917
"../../../Engine/Plugins/Runtime/ComputeFramework/Binaries/Win64/UnrealEditor.modules" 918
"../../../Engine/Plugins/Experimental/CharacterFXEditor/BaseCharacterFXEditor/Binaries/Win64/UnrealEditor.modules" 919
"../../../Engine/Plugins/Runtime/ProceduralMeshComponent/Binaries/Win64/UnrealEditor.modules" 920
"../../../Engine/Plugins/Experimental/ChaosCaching/Binaries/Win64/UnrealEditor.modules" 921
"../../../Engine/Plugins/Experimental/EditorDataStorage/Binaries/Win64/UnrealEditor.modules" 922
"../../../Engine/Plugins/Experimental/EditorDataStorageFeatures/Binaries/Win64/UnrealEditor.modules" 923
"../../../Engine/Plugins/VirtualProduction/Takes/Binaries/Win64/UnrealEditor.modules" 924
"../../../Engine/Plugins/Runtime/AudioCapture/Binaries/Win64/UnrealEditor.modules" 925
"../../../Engine/Plugins/Developer/NamingTokens/Binaries/Win64/UnrealEditor.modules" 926
"../../../Engine/Plugins/Editor/EngineAssetDefinitions/Binaries/Win64/UnrealEditor.modules" 927
"../../../Engine/Plugins/ChaosCloth/Binaries/Win64/UnrealEditor.modules" 928
"../../../Engine/Plugins/ChaosInsights/Binaries/Win64/UnrealEditor.modules" 929
"../../../Engine/Plugins/ChaosVD/Binaries/Win64/UnrealEditor.modules" 930
"../../../Engine/Plugins/CmdLinkServer/Binaries/Win64/UnrealEditor.modules" 931
"../../../Engine/Plugins/EnhancedInput/Binaries/Win64/UnrealEditor.modules" 932
"../../../Engine/Plugins/Editor/DataValidation/Binaries/Win64/UnrealEditor.modules" 933
"../../../Engine/Plugins/Fab/Binaries/Win64/UnrealEditor.modules" 934
"../../../Engine/Plugins/Interchange/Runtime/Binaries/Win64/UnrealEditor.modules" 935
"../../../Engine/Plugins/Enterprise/VariantManagerContent/Binaries/Win64/UnrealEditor.modules" 936
"../../../Engine/Plugins/Enterprise/VariantManager/Binaries/Win64/UnrealEditor.modules" 937
"../../../Engine/Plugins/Interchange/Assets/Binaries/Win64/UnrealEditor.modules" 938
"../../../Engine/Plugins/FastBuildController/Binaries/Win64/UnrealEditor.modules" 939
"../../../Engine/Plugins/IoStoreInsights/Binaries/Win64/UnrealEditor.modules" 940
"../../../Engine/Plugins/MassInsights/Binaries/Win64/UnrealEditor.modules" 941
"../../../Engine/Plugins/MeshPainting/Binaries/Win64/UnrealEditor.modules" 942
"../../../Engine/Plugins/Interchange/Editor/Binaries/Win64/UnrealEditor.modules" 943
"../../../Engine/Plugins/RenderGraphInsights/Binaries/Win64/UnrealEditor.modules" 944
"../../../Engine/Plugins/TraceUtilities/Binaries/Win64/UnrealEditor.modules" 945
"../../../Engine/Plugins/UbaController/Binaries/Win64/UnrealEditor.modules" 946
"../../../Engine/Plugins/WorldMetrics/Binaries/Win64/UnrealEditor.modules" 947
"../../../Engine/Plugins/XGEController/Binaries/Win64/UnrealEditor.modules" 948
"../../../Engine/Plugins/Enterprise/DatasmithContent/Binaries/Win64/UnrealEditor.modules" 949
"../../../Engine/Plugins/Enterprise/GLTFExporter/Binaries/Win64/UnrealEditor.modules" 950
"../../../Engine/Plugins/Importers/AlembicImporter/Binaries/Win64/UnrealEditor.modules" 951
"../../../Engine/Plugins/Marketplace/FabLauncher/Binaries/Win64/UnrealEditor.modules" 952
"../../../Engine/Plugins/Importers/USDImporter/Binaries/Win64/UnrealEditor.modules" 953
"../../../Engine/Plugins/Runtime/USDCore/Binaries/Win64/UnrealEditor.modules" 954
"../../../Engine/Plugins/Runtime/Analytics/AnalyticsBlueprintLibrary/Binaries/Win64/UnrealEditor.modules" 955
"../../../Engine/Plugins/Animation/LiveLink/Binaries/Win64/UnrealEditor.modules" 956
"../../../Engine/Plugins/Editor/ContentBrowser/ContentBrowserAssetDataSource/Binaries/Win64/UnrealEditor.modules" 957
"../../../Engine/Plugins/Media/AndroidMedia/Binaries/Win64/UnrealEditor.modules" 958
"../../../Engine/Plugins/Media/AvfMedia/Binaries/Win64/UnrealEditor.modules" 959
"../../../Engine/Plugins/Media/ImgMedia/Binaries/Win64/UnrealEditor.modules" 960
"../../../Engine/Plugins/Media/MediaPlayerEditor/Binaries/Win64/UnrealEditor.modules" 961
"../../../Engine/Plugins/Media/MediaCompositing/Binaries/Win64/UnrealEditor.modules" 962
"../../../Engine/Plugins/Media/MediaPlate/Binaries/Win64/UnrealEditor.modules" 963
"../../../Engine/Plugins/Experimental/Compositing/CompositeCore/Binaries/Win64/UnrealEditor.modules" 964
"../../../Engine/Plugins/Media/WmfMedia/Binaries/Win64/UnrealEditor.modules" 965
"../../../Engine/Plugins/Messaging/TcpMessaging/Binaries/Win64/UnrealEditor.modules" 966
"../../../Engine/Plugins/Messaging/UdpMessaging/Binaries/Win64/UnrealEditor.modules" 967
"../../../Engine/Plugins/MovieScene/ActorSequence/Binaries/Win64/UnrealEditor.modules" 968
"../../../Engine/Plugins/NNE/NNEDenoiser/Binaries/Win64/UnrealEditor.modules" 969
"../../../Engine/Plugins/NNE/NNERuntimeORT/Binaries/Win64/UnrealEditor.modules" 970
"../../../Engine/Plugins/Portal/LauncherChunkInstaller/Binaries/Win64/UnrealEditor.modules" 971
"../../../Engine/Plugins/Runtime/ActorLayerUtilities/Binaries/Win64/UnrealEditor.modules" 972
"../../../Engine/Plugins/Runtime/AndroidDeviceProfileSelector/Binaries/Win64/UnrealEditor.modules" 973
"../../../Engine/Plugins/Runtime/AndroidFileServer/Binaries/Win64/UnrealEditor.modules" 974
"../../../Engine/Plugins/Runtime/AndroidPermission/Binaries/Win64/UnrealEditor.modules" 975
"../../../Engine/Plugins/Runtime/AppleImageUtils/Binaries/Win64/UnrealEditor.modules" 976
"../../../Engine/Plugins/Runtime/AssetTags/Binaries/Win64/UnrealEditor.modules" 977
"../../../Engine/Plugins/Runtime/ArchVisCharacter/Binaries/Win64/UnrealEditor.modules" 978
"../../../Engine/Plugins/Runtime/CableComponent/Binaries/Win64/UnrealEditor.modules" 979
"../../../Engine/Plugins/Runtime/ChunkDownloader/Binaries/Win64/UnrealEditor.modules" 980
"../../../Engine/Plugins/Runtime/CustomMeshComponent/Binaries/Win64/UnrealEditor.modules" 981
"../../../Engine/Plugins/Runtime/ExampleDeviceProfileSelector/Binaries/Win64/UnrealEditor.modules" 982
"../../../Engine/Plugins/Runtime/GooglePAD/Binaries/Win64/UnrealEditor.modules" 983
"../../../Engine/Plugins/Runtime/InputDebugging/Binaries/Win64/UnrealEditor.modules" 984
"../../../Engine/Plugins/Runtime/LocationServicesBPLibrary/Binaries/Win64/UnrealEditor.modules" 985
"../../../Engine/Plugins/Runtime/Metasound/Binaries/Win64/UnrealEditor.modules" 986
"../../../Engine/Plugins/Runtime/AudioWidgets/Binaries/Win64/UnrealEditor.modules" 987
"../../../Engine/Plugins/Runtime/AudioSynesthesia/Binaries/Win64/UnrealEditor.modules" 988
"../../../Engine/Plugins/Runtime/WaveTable/Binaries/Win64/UnrealEditor.modules" 989
"../../../Engine/Plugins/Runtime/MsQuic/Binaries/Win64/UnrealEditor.modules" 990
"../../../Engine/Plugins/Runtime/MobilePatchingUtils/Binaries/Win64/UnrealEditor.modules" 991
"../../../Engine/Plugins/Runtime/ResonanceAudio/Binaries/Win64/UnrealEditor.modules" 992
"../../../Engine/Plugins/Runtime/SoundFields/Binaries/Win64/UnrealEditor.modules" 993
"../../../Engine/Plugins/Runtime/Synthesis/Binaries/Win64/UnrealEditor.modules" 994
"../../../Engine/Plugins/Runtime/WebMMoviePlayer/Binaries/Win64/UnrealEditor.modules" 995
"../../../Engine/Plugins/Media/WebMMedia/Binaries/Win64/UnrealEditor.modules" 996
"../../../Engine/Plugins/Runtime/WindowsDeviceProfileSelector/Binaries/Win64/UnrealEditor.modules" 997
"../../../Engine/Plugins/Runtime/WindowsMoviePlayer/Binaries/Win64/UnrealEditor.modules" 998
"../../../Engine/Plugins/Tests/InterchangeTests/Binaries/Win64/UnrealEditor.modules" 999
"../../../Engine/Plugins/2D/Paper2D/Binaries/Win64/UnrealEditor.modules" 1000
"../../../Engine/Plugins/AI/AISupport/Binaries/Win64/UnrealEditor.modules" 1001
"../../../Engine/Plugins/AI/EnvironmentQueryEditor/Binaries/Win64/UnrealEditor.modules" 1002
"../../../Engine/Plugins/Animation/AnimationData/Binaries/Win64/UnrealEditor.modules" 1003
"../../../Engine/Plugins/Animation/ACLPlugin/Binaries/Win64/UnrealEditor.modules" 1004
"../../../Engine/Plugins/Animation/AnimationModifierLibrary/Binaries/Win64/UnrealEditor.modules" 1005
"../../../Engine/Plugins/Animation/BlendSpaceMotionAnalysis/Binaries/Win64/UnrealEditor.modules" 1006
"../../../Engine/Plugins/Animation/ControlRigSpline/Binaries/Win64/UnrealEditor.modules" 1007
"../../../Engine/Plugins/Animation/IKRig/Binaries/Win64/UnrealEditor.modules" 1008
"../../../Engine/Plugins/Experimental/FullBodyIK/Binaries/Win64/UnrealEditor.modules" 1009
"../../../Engine/Plugins/Animation/SkeletalMeshModelingTools/Binaries/Win64/UnrealEditor.modules" 1010
"../../../Engine/Plugins/Cameras/CameraShakePreviewer/Binaries/Win64/UnrealEditor.modules" 1011
"../../../Engine/Plugins/Cameras/GameplayCameras/Binaries/Win64/UnrealEditor.modules" 1012
"../../../Engine/Plugins/VirtualProduction/CameraCalibrationCore/Binaries/Win64/UnrealEditor.modules" 1013
"../../../Engine/Plugins/MovieScene/TemplateSequence/Binaries/Win64/UnrealEditor.modules" 1014
"../../../Engine/Plugins/Cameras/EngineCameras/Binaries/Win64/UnrealEditor.modules" 1015
"../../../Engine/Plugins/Compression/OodleNetwork/Binaries/Win64/UnrealEditor.modules" 1016
"../../../Engine/Plugins/Developer/AnimationSharing/Binaries/Win64/UnrealEditor.modules" 1017
"../../../Engine/Plugins/Runtime/SignificanceManager/Binaries/Win64/UnrealEditor.modules" 1018
"../../../Engine/Plugins/Developer/DumpGPUServices/Binaries/Win64/UnrealEditor.modules" 1019
"../../../Engine/Plugins/Developer/CLionSourceCodeAccess/Binaries/Win64/UnrealEditor.modules" 1020
"../../../Engine/Plugins/Developer/GitSourceControl/Binaries/Win64/UnrealEditor.modules" 1021
"../../../Engine/Plugins/Developer/N10XSourceCodeAccess/Binaries/Win64/UnrealEditor.modules" 1022
"../../../Engine/Plugins/Developer/PixWinPlugin/Binaries/Win64/UnrealEditor.modules" 1023
"../../../Engine/Plugins/Developer/PerforceSourceControl/Binaries/Win64/UnrealEditor.modules" 1024
"../../../Engine/Plugins/Developer/PluginUtils/Binaries/Win64/UnrealEditor.modules" 1025
"../../../Engine/Plugins/Developer/PlasticSourceControl/Binaries/Win64/UnrealEditor.modules" 1026
"../../../Engine/Plugins/Developer/RenderDocPlugin/Binaries/Win64/UnrealEditor.modules" 1027
"../../../Engine/Plugins/Developer/ProjectLauncher/Binaries/Win64/UnrealEditor.modules" 1028
"../../../Engine/Plugins/Developer/TextureFormatOodle/Binaries/Win64/UnrealEditor.modules" 1029
"../../../Engine/Plugins/Developer/PropertyAccessNode/Binaries/Win64/UnrealEditor.modules" 1030
"../../../Engine/Plugins/Developer/RiderSourceCodeAccess/Binaries/Win64/UnrealEditor.modules" 1031
"../../../Engine/Plugins/Developer/SubversionSourceControl/Binaries/Win64/UnrealEditor.modules" 1032
"../../../Engine/Plugins/Developer/UObjectPlugin/Binaries/Win64/UnrealEditor.modules" 1033
"../../../Engine/Plugins/Developer/VisualStudioSourceCodeAccess/Binaries/Win64/UnrealEditor.modules" 1034
"../../../Engine/Plugins/Editor/AssetManagerEditor/Binaries/Win64/UnrealEditor.modules" 1035
"../../../Engine/Plugins/Editor/ChangelistReview/Binaries/Win64/UnrealEditor.modules" 1036
"../../../Engine/Plugins/Developer/VisualStudioCodeSourceCodeAccess/Binaries/Win64/UnrealEditor.modules" 1037
"../../../Engine/Plugins/Editor/BlueprintHeaderView/Binaries/Win64/UnrealEditor.modules" 1038
"../../../Engine/Plugins/Editor/ColorGrading/Binaries/Win64/UnrealEditor.modules" 1039
"../../../Engine/Plugins/Editor/ObjectMixer/ObjectMixer/Binaries/Win64/UnrealEditor.modules" 1040
"../../../Engine/Plugins/Editor/CryptoKeys/Binaries/Win64/UnrealEditor.modules" 1041
"../../../Engine/Plugins/Editor/CurveEditorTools/Binaries/Win64/UnrealEditor.modules" 1042
"../../../Engine/Plugins/Editor/EditorDebugTools/Binaries/Win64/UnrealEditor.modules" 1043
"../../../Engine/Plugins/Editor/GameplayTagsEditor/Binaries/Win64/UnrealEditor.modules" 1044
"../../../Engine/Plugins/Editor/FacialAnimation/Binaries/Win64/UnrealEditor.modules" 1045
"../../../Engine/Plugins/Editor/GeometryMode/Binaries/Win64/UnrealEditor.modules" 1046
"../../../Engine/Plugins/Editor/MaterialAnalyzer/Binaries/Win64/UnrealEditor.modules" 1047
"../../../Engine/Plugins/Editor/MobileLauncherProfileWizard/Binaries/Win64/UnrealEditor.modules" 1048
"../../../Engine/Plugins/Editor/PluginBrowser/Binaries/Win64/UnrealEditor.modules" 1049
"../../../Engine/Plugins/Editor/SequencerAnimTools/Binaries/Win64/UnrealEditor.modules" 1050
"../../../Engine/Plugins/Editor/SpeedTreeImporter/Binaries/Win64/UnrealEditor.modules" 1051
"../../../Engine/Plugins/Editor/UMGWidgetPreview/Binaries/Win64/UnrealEditor.modules" 1052
"../../../Engine/Plugins/Editor/UVEditor/Binaries/Win64/UnrealEditor.modules" 1053
"../../../Engine/Plugins/Editor/WorldPartitionHLODUtilities/Binaries/Win64/UnrealEditor.modules" 1054
"../../../Engine/Plugins/Experimental/AdvancedRenamer/Binaries/Win64/UnrealEditor.modules" 1055
"../../../Engine/Plugins/Experimental/AutomationUtils/Binaries/Win64/UnrealEditor.modules" 1056
"../../../Engine/Plugins/Experimental/BackChannel/Binaries/Win64/UnrealEditor.modules" 1057
"../../../Engine/Plugins/Experimental/ChaosEditor/Binaries/Win64/UnrealEditor.modules" 1058
"../../../Engine/Plugins/Experimental/GeometryCollectionPlugin/Binaries/Win64/UnrealEditor.modules" 1059
"../../../Engine/Plugins/Experimental/Fracture/Binaries/Win64/UnrealEditor.modules" 1060
"../../../Engine/Plugins/Experimental/ChaosSolverPlugin/Binaries/Win64/UnrealEditor.modules" 1061
"../../../Engine/Plugins/Experimental/GeometryDataflow/Binaries/Win64/UnrealEditor.modules" 1062
"../../../Engine/Plugins/Experimental/ChaosUserDataPT/Binaries/Win64/UnrealEditor.modules" 1063
"../../../Engine/Plugins/Experimental/ChaosNiagara/Binaries/Win64/UnrealEditor.modules" 1064
"../../../Engine/Plugins/Experimental/CharacterAI/Binaries/Win64/UnrealEditor.modules" 1065
"../../../Engine/Plugins/Experimental/EditorTelemetry/Binaries/Win64/UnrealEditor.modules" 1066
"../../../Engine/Plugins/Experimental/EditorPerformance/Binaries/Win64/UnrealEditor.modules" 1067
"../../../Engine/Plugins/Experimental/LevelSequenceNavigatorBridge/Binaries/Win64/UnrealEditor.modules" 1068
"../../../Engine/Plugins/Experimental/SequenceNavigator/Binaries/Win64/UnrealEditor.modules" 1069
"../../../Engine/Plugins/Experimental/LocalizableMessage/Binaries/Win64/UnrealEditor.modules" 1070
"../../../Engine/Plugins/Experimental/NFORDenoise/Binaries/Win64/UnrealEditor.modules" 1071
"../../../Engine/Plugins/Experimental/PlatformCrypto/Binaries/Win64/UnrealEditor.modules" 1072
"../../../Engine/Plugins/Experimental/RuntimeTelemetry/Binaries/Win64/UnrealEditor.modules" 1073
"../../../Engine/Plugins/Experimental/SkeletalReduction/Binaries/Win64/UnrealEditor.modules" 1074
"../../../Engine/Plugins/FX/Cascade/Binaries/Win64/UnrealEditor.modules" 1075
"../../../Engine/Plugins/FX/NiagaraSimCaching/Binaries/Win64/UnrealEditor.modules" 1076
"../../../Engine/Plugins/Online/OnlineBase/Binaries/Win64/UnrealEditor.modules" 1077
"../../../Engine/Plugins/Online/OnlineSubsystem/Binaries/Win64/UnrealEditor.modules" 1078
"../../../Engine/Plugins/Online/OnlineSubsystemUtils/Binaries/Win64/UnrealEditor.modules" 1079
"../../../Engine/Plugins/Online/OnlineServices/Binaries/Win64/UnrealEditor.modules" 1080
"../../../Engine/Plugins/Online/OnlineSubsystemNull/Binaries/Win64/UnrealEditor.modules" 1081
"../../../Engine/Plugins/Editor/ObjectMixer/LightMixer/Binaries/Win64/UnrealEditor.modules" 1082
"../../../Engine/Plugins/Editor/ContentBrowser/ContentBrowserClassDataSource/Binaries/Win64/UnrealEditor.modules" 1083
"../../../Engine/Plugins/Editor/Localization/PortableObjectFileDataSource/Binaries/Win64/UnrealEditor.modules" 1084
"../../../Engine/Plugins/Runtime/Windows/XInputDevice/Binaries/Win64/UnrealEditor.modules" 1085
"../../../Engine/Config/BaseSourceControlSettings.ini" 1086
"../../../Engine/Content/Internationalization/icudt64l/coll/ucadata.icu" 1087
"../../../Engine/Content/Internationalization/icudt64l/coll/ru.res" 1088
"../../../Engine/Content/Internationalization/icudt64l/coll/root.res" 1089
"../../../Engine/Content/Certificates/ThirdParty/cacert.pem" 1090
"../../../Engine/Config/ConsoleVariables.ini" 1091
"../../../Engine/Binaries/Win64/Android/UnrealEditor.modules" 1092
"../../../Engine/Binaries/Win64/IOS/UnrealEditor.modules" 1093
"../../../Engine/Binaries/Win64/Linux/UnrealEditor.modules" 1094
"../../../Engine/Content/Localization/Editor/en/Editor.locres" 1095
"../../../Engine/Content/Localization/EditorTutorials/en/EditorTutorials.locres" 1096
"../../../Engine/Content/Localization/Keywords/en/Keywords.locres" 1097
"../../../Engine/Content/Localization/Category/en/Category.locres" 1098
"../../../Engine/Content/Localization/ToolTips/en/ToolTips.locres" 1099
"../../../Engine/Content/Localization/PropertyNames/en/PropertyNames.locres" 1100
"../../../Engine/Content/Localization/Engine/en/Engine.locres" 1101
"../../../Engine/Plugins/MetaHuman/MetaHumanSDK/Content/Localization/MetaHumanSDK/en/MetaHumanSDK.locres" 1102
"../../../Engine/Plugins/Online/OnlineSubsystem/Content/Localization/OnlineSubsystem/en/OnlineSubsystem.locres" 1103
"../../../Engine/Plugins/Online/OnlineSubsystemUtils/Content/Localization/OnlineSubsystemUtils/en/OnlineSubsystemUtils.locres" 1104
"../../../Engine/Plugins/Online/IOS/OnlineSubsystemIOS/Content/Localization/OnlineSubsystemIOS/en/OnlineSubsystemIOS.locres" 1105
"../../../Engine/Plugins/Online/Android/OnlineSubsystemGooglePlay/Content/Localization/OnlineSubsystemGooglePlay/en/OnlineSubsystemGooglePlay.locres" 1106
"../../../Engine/Content/Internationalization/icudt64l/en.res" 1107
"../../../Engine/Content/Internationalization/icudt64l/numberingSystems.res" 1108
"../../../Engine/Content/Internationalization/icudt64l/curr/en.res" 1109
"../../../Engine/Content/Internationalization/icudt64l/curr/pool.res" 1110
"../../../Engine/Content/Internationalization/icudt64l/curr/root.res" 1111
"../../../Engine/Content/Internationalization/icudt64l/lang/af.res" 1112
"../../../Engine/Content/Internationalization/icudt64l/region/af.res" 1113
"../../../Engine/Content/Internationalization/icudt64l/lang/agq.res" 1114
"../../../Engine/Content/Internationalization/icudt64l/region/agq.res" 1115
"../../../Engine/Content/Internationalization/icudt64l/lang/ak.res" 1116
"../../../Engine/Content/Internationalization/icudt64l/region/ak.res" 1117
"../../../Engine/Content/Internationalization/icudt64l/lang/am.res" 1118
"../../../Engine/Content/Internationalization/icudt64l/region/am.res" 1119
"../../../Engine/Content/Internationalization/icudt64l/lang/ar.res" 1120
"../../../Engine/Content/Internationalization/icudt64l/region/ar.res" 1121
"../../../Engine/Content/Internationalization/icudt64l/region/ar_AE.res" 1122
"../../../Engine/Content/Internationalization/icudt64l/lang/ar_EG.res" 1123
"../../../Engine/Content/Internationalization/icudt64l/lang/ar_LY.res" 1124
"../../../Engine/Content/Internationalization/icudt64l/region/ar_LY.res" 1125
"../../../Engine/Content/Internationalization/icudt64l/lang/ar_SA.res" 1126
"../../../Engine/Content/Internationalization/icudt64l/region/ar_SA.res" 1127
"../../../Engine/Content/Internationalization/icudt64l/lang/as.res" 1128
"../../../Engine/Content/Internationalization/icudt64l/region/as.res" 1129
"../../../Engine/Content/Internationalization/icudt64l/lang/asa.res" 1130
"../../../Engine/Content/Internationalization/icudt64l/region/asa.res" 1131
"../../../Engine/Content/Internationalization/icudt64l/lang/ast.res" 1132
"../../../Engine/Content/Internationalization/icudt64l/region/ast.res" 1133
"../../../Engine/Content/Internationalization/icudt64l/lang/az.res" 1134
"../../../Engine/Content/Internationalization/icudt64l/lang/az_Cyrl.res" 1135
"../../../Engine/Content/Internationalization/icudt64l/lang/az_AZ.res" 1136
"../../../Engine/Content/Internationalization/icudt64l/lang/az_Latn_AZ.res" 1137
"../../../Engine/Content/Internationalization/icudt64l/lang/az_Latn.res" 1138
"../../../Engine/Content/Internationalization/icudt64l/region/az_AZ.res" 1139
"../../../Engine/Content/Internationalization/icudt64l/region/az_Latn_AZ.res" 1140
"../../../Engine/Content/Internationalization/icudt64l/region/az_Latn.res" 1141
"../../../Engine/Content/Internationalization/icudt64l/region/az.res" 1142
"../../../Engine/Content/Internationalization/icudt64l/region/az_Cyrl.res" 1143
"../../../Engine/Content/Internationalization/icudt64l/lang/bas.res" 1144
"../../../Engine/Content/Internationalization/icudt64l/region/bas.res" 1145
"../../../Engine/Content/Internationalization/icudt64l/lang/be.res" 1146
"../../../Engine/Content/Internationalization/icudt64l/region/be.res" 1147
"../../../Engine/Content/Internationalization/icudt64l/lang/bem.res" 1148
"../../../Engine/Content/Internationalization/icudt64l/region/bem.res" 1149
"../../../Engine/Content/Internationalization/icudt64l/lang/bez.res" 1150
"../../../Engine/Content/Internationalization/icudt64l/region/bez.res" 1151
"../../../Engine/Content/Internationalization/icudt64l/lang/bg.res" 1152
"../../../Engine/Content/Internationalization/icudt64l/region/bg.res" 1153
"../../../Engine/Content/Internationalization/icudt64l/lang/bm.res" 1154
"../../../Engine/Content/Internationalization/icudt64l/region/bm.res" 1155
"../../../Engine/Content/Internationalization/icudt64l/lang/bn.res" 1156
"../../../Engine/Content/Internationalization/icudt64l/region/bn.res" 1157
"../../../Engine/Content/Internationalization/icudt64l/lang/bn_IN.res" 1158
"../../../Engine/Content/Internationalization/icudt64l/region/bn_IN.res" 1159
"../../../Engine/Content/Internationalization/icudt64l/lang/bo.res" 1160
"../../../Engine/Content/Internationalization/icudt64l/region/bo.res" 1161
"../../../Engine/Content/Internationalization/icudt64l/region/bo_IN.res" 1162
"../../../Engine/Content/Internationalization/icudt64l/lang/br.res" 1163
"../../../Engine/Content/Internationalization/icudt64l/region/br.res" 1164
"../../../Engine/Content/Internationalization/icudt64l/lang/brx.res" 1165
"../../../Engine/Content/Internationalization/icudt64l/region/brx.res" 1166
"../../../Engine/Content/Internationalization/icudt64l/lang/bs.res" 1167
"../../../Engine/Content/Internationalization/icudt64l/lang/bs_Cyrl.res" 1168
"../../../Engine/Content/Internationalization/icudt64l/lang/bs_BA.res" 1169
"../../../Engine/Content/Internationalization/icudt64l/lang/bs_Latn_BA.res" 1170
"../../../Engine/Content/Internationalization/icudt64l/lang/bs_Latn.res" 1171
"../../../Engine/Content/Internationalization/icudt64l/region/bs_BA.res" 1172
"../../../Engine/Content/Internationalization/icudt64l/region/bs_Latn_BA.res" 1173
"../../../Engine/Content/Internationalization/icudt64l/region/bs_Latn.res" 1174
"../../../Engine/Content/Internationalization/icudt64l/region/bs.res" 1175
"../../../Engine/Content/Internationalization/icudt64l/region/bs_Cyrl.res" 1176
"../../../Engine/Content/Internationalization/icudt64l/lang/ca.res" 1177
"../../../Engine/Content/Internationalization/icudt64l/region/ca.res" 1178
"../../../Engine/Content/Internationalization/icudt64l/lang/ccp.res" 1179
"../../../Engine/Content/Internationalization/icudt64l/region/ccp.res" 1180
"../../../Engine/Content/Internationalization/icudt64l/lang/ce.res" 1181
"../../../Engine/Content/Internationalization/icudt64l/region/ce.res" 1182
"../../../Engine/Content/Internationalization/icudt64l/lang/ceb.res" 1183
"../../../Engine/Content/Internationalization/icudt64l/region/ceb.res" 1184
"../../../Engine/Content/Internationalization/icudt64l/lang/cgg.res" 1185
"../../../Engine/Content/Internationalization/icudt64l/region/cgg.res" 1186
"../../../Engine/Content/Internationalization/icudt64l/lang/chr.res" 1187
"../../../Engine/Content/Internationalization/icudt64l/region/chr.res" 1188
"../../../Engine/Content/Internationalization/icudt64l/lang/ckb.res" 1189
"../../../Engine/Content/Internationalization/icudt64l/region/ckb.res" 1190
"../../../Engine/Content/Internationalization/icudt64l/lang/cs.res" 1191
"../../../Engine/Content/Internationalization/icudt64l/region/cs.res" 1192
"../../../Engine/Content/Internationalization/icudt64l/lang/cy.res" 1193
"../../../Engine/Content/Internationalization/icudt64l/region/cy.res" 1194
"../../../Engine/Content/Internationalization/icudt64l/lang/da.res" 1195
"../../../Engine/Content/Internationalization/icudt64l/region/da.res" 1196
"../../../Engine/Content/Internationalization/icudt64l/lang/dav.res" 1197
"../../../Engine/Content/Internationalization/icudt64l/region/dav.res" 1198
"../../../Engine/Content/Internationalization/icudt64l/lang/de.res" 1199
"../../../Engine/Content/Internationalization/icudt64l/lang/de_AT.res" 1200
"../../../Engine/Content/Internationalization/icudt64l/region/de_AT.res" 1201
"../../../Engine/Content/Internationalization/icudt64l/region/de.res" 1202
"../../../Engine/Content/Internationalization/icudt64l/lang/de_CH.res" 1203
"../../../Engine/Content/Internationalization/icudt64l/region/de_CH.res" 1204
"../../../Engine/Content/Internationalization/icudt64l/lang/de_LU.res" 1205
"../../../Engine/Content/Internationalization/icudt64l/lang/dje.res" 1206
"../../../Engine/Content/Internationalization/icudt64l/region/dje.res" 1207
"../../../Engine/Content/Internationalization/icudt64l/lang/dsb.res" 1208
"../../../Engine/Content/Internationalization/icudt64l/region/dsb.res" 1209
"../../../Engine/Content/Internationalization/icudt64l/lang/dua.res" 1210
"../../../Engine/Content/Internationalization/icudt64l/region/dua.res" 1211
"../../../Engine/Content/Internationalization/icudt64l/lang/dyo.res" 1212
"../../../Engine/Content/Internationalization/icudt64l/region/dyo.res" 1213
"../../../Engine/Content/Internationalization/icudt64l/lang/dz.res" 1214
"../../../Engine/Content/Internationalization/icudt64l/region/dz.res" 1215
"../../../Engine/Content/Internationalization/icudt64l/lang/ebu.res" 1216
"../../../Engine/Content/Internationalization/icudt64l/region/ebu.res" 1217
"../../../Engine/Content/Internationalization/icudt64l/lang/ee.res" 1218
"../../../Engine/Content/Internationalization/icudt64l/region/ee.res" 1219
"../../../Engine/Content/Internationalization/icudt64l/lang/el.res" 1220
"../../../Engine/Content/Internationalization/icudt64l/region/el.res" 1221
"../../../Engine/Content/Internationalization/icudt64l/lang/en_001.res" 1222
"../../../Engine/Content/Internationalization/icudt64l/lang/en_150.res" 1223
"../../../Engine/Content/Internationalization/icudt64l/region/en_150.res" 1224
"../../../Engine/Content/Internationalization/icudt64l/lang/en_AG.res" 1225
"../../../Engine/Content/Internationalization/icudt64l/region/en_AG.res" 1226
"../../../Engine/Content/Internationalization/icudt64l/lang/en_AI.res" 1227
"../../../Engine/Content/Internationalization/icudt64l/region/en_AI.res" 1228
"../../../Engine/Content/Internationalization/icudt64l/lang/en_AT.res" 1229
"../../../Engine/Content/Internationalization/icudt64l/region/en_AT.res" 1230
"../../../Engine/Content/Internationalization/icudt64l/lang/en_AU.res" 1231
"../../../Engine/Content/Internationalization/icudt64l/region/en_AU.res" 1232
"../../../Engine/Content/Internationalization/icudt64l/lang/en_BB.res" 1233
"../../../Engine/Content/Internationalization/icudt64l/region/en_BB.res" 1234
"../../../Engine/Content/Internationalization/icudt64l/lang/en_BE.res" 1235
"../../../Engine/Content/Internationalization/icudt64l/region/en_BE.res" 1236
"../../../Engine/Content/Internationalization/icudt64l/lang/en_BM.res" 1237
"../../../Engine/Content/Internationalization/icudt64l/region/en_BM.res" 1238
"../../../Engine/Content/Internationalization/icudt64l/lang/en_BS.res" 1239
"../../../Engine/Content/Internationalization/icudt64l/region/en_BS.res" 1240
"../../../Engine/Content/Internationalization/icudt64l/lang/en_BW.res" 1241
"../../../Engine/Content/Internationalization/icudt64l/region/en_BW.res" 1242
"../../../Engine/Content/Internationalization/icudt64l/lang/en_BZ.res" 1243
"../../../Engine/Content/Internationalization/icudt64l/region/en_BZ.res" 1244
"../../../Engine/Content/Internationalization/icudt64l/lang/en_CA.res" 1245
"../../../Engine/Content/Internationalization/icudt64l/region/en_CA.res" 1246
"../../../Engine/Content/Internationalization/icudt64l/lang/en_CC.res" 1247
"../../../Engine/Content/Internationalization/icudt64l/region/en_CC.res" 1248
"../../../Engine/Content/Internationalization/icudt64l/lang/en_CH.res" 1249
"../../../Engine/Content/Internationalization/icudt64l/region/en_CH.res" 1250
"../../../Engine/Content/Internationalization/icudt64l/lang/en_CK.res" 1251
"../../../Engine/Content/Internationalization/icudt64l/region/en_CK.res" 1252
"../../../Engine/Content/Internationalization/icudt64l/lang/en_CM.res" 1253
"../../../Engine/Content/Internationalization/icudt64l/region/en_CM.res" 1254
"../../../Engine/Content/Internationalization/icudt64l/lang/en_CX.res" 1255
"../../../Engine/Content/Internationalization/icudt64l/region/en_CX.res" 1256
"../../../Engine/Content/Internationalization/icudt64l/lang/en_CY.res" 1257
"../../../Engine/Content/Internationalization/icudt64l/region/en_CY.res" 1258
"../../../Engine/Content/Internationalization/icudt64l/lang/en_DE.res" 1259
"../../../Engine/Content/Internationalization/icudt64l/region/en_DE.res" 1260
"../../../Engine/Content/Internationalization/icudt64l/lang/en_DG.res" 1261
"../../../Engine/Content/Internationalization/icudt64l/region/en_DG.res" 1262
"../../../Engine/Content/Internationalization/icudt64l/lang/en_DK.res" 1263
"../../../Engine/Content/Internationalization/icudt64l/region/en_DK.res" 1264
"../../../Engine/Content/Internationalization/icudt64l/lang/en_DM.res" 1265
"../../../Engine/Content/Internationalization/icudt64l/region/en_DM.res" 1266
"../../../Engine/Content/Internationalization/icudt64l/lang/en_ER.res" 1267
"../../../Engine/Content/Internationalization/icudt64l/region/en_ER.res" 1268
"../../../Engine/Content/Internationalization/icudt64l/lang/en_FI.res" 1269
"../../../Engine/Content/Internationalization/icudt64l/region/en_FI.res" 1270
"../../../Engine/Content/Internationalization/icudt64l/lang/en_FJ.res" 1271
"../../../Engine/Content/Internationalization/icudt64l/region/en_FJ.res" 1272
"../../../Engine/Content/Internationalization/icudt64l/lang/en_FK.res" 1273
"../../../Engine/Content/Internationalization/icudt64l/region/en_FK.res" 1274
"../../../Engine/Content/Internationalization/icudt64l/lang/en_FM.res" 1275
"../../../Engine/Content/Internationalization/icudt64l/region/en_FM.res" 1276
"../../../Engine/Content/Internationalization/icudt64l/lang/en_GB.res" 1277
"../../../Engine/Content/Internationalization/icudt64l/region/en_GB.res" 1278
"../../../Engine/Content/Internationalization/icudt64l/lang/en_GD.res" 1279
"../../../Engine/Content/Internationalization/icudt64l/region/en_GD.res" 1280
"../../../Engine/Content/Internationalization/icudt64l/lang/en_GG.res" 1281
"../../../Engine/Content/Internationalization/icudt64l/region/en_GG.res" 1282
"../../../Engine/Content/Internationalization/icudt64l/lang/en_GH.res" 1283
"../../../Engine/Content/Internationalization/icudt64l/region/en_GH.res" 1284
"../../../Engine/Content/Internationalization/icudt64l/lang/en_GI.res" 1285
"../../../Engine/Content/Internationalization/icudt64l/region/en_GI.res" 1286
"../../../Engine/Content/Internationalization/icudt64l/lang/en_GM.res" 1287
"../../../Engine/Content/Internationalization/icudt64l/region/en_GM.res" 1288
"../../../Engine/Content/Internationalization/icudt64l/lang/en_GY.res" 1289
"../../../Engine/Content/Internationalization/icudt64l/region/en_GY.res" 1290
"../../../Engine/Content/Internationalization/icudt64l/lang/en_HK.res" 1291
"../../../Engine/Content/Internationalization/icudt64l/region/en_HK.res" 1292
"../../../Engine/Content/Internationalization/icudt64l/lang/en_IE.res" 1293
"../../../Engine/Content/Internationalization/icudt64l/region/en_IE.res" 1294
"../../../Engine/Content/Internationalization/icudt64l/lang/en_IL.res" 1295
"../../../Engine/Content/Internationalization/icudt64l/region/en_IL.res" 1296
"../../../Engine/Content/Internationalization/icudt64l/lang/en_IM.res" 1297
"../../../Engine/Content/Internationalization/icudt64l/region/en_IM.res" 1298
"../../../Engine/Content/Internationalization/icudt64l/lang/en_IN.res" 1299
"../../../Engine/Content/Internationalization/icudt64l/region/en_IN.res" 1300
"../../../Engine/Content/Internationalization/icudt64l/lang/en_IO.res" 1301
"../../../Engine/Content/Internationalization/icudt64l/region/en_IO.res" 1302
"../../../Engine/Content/Internationalization/icudt64l/lang/en_JE.res" 1303
"../../../Engine/Content/Internationalization/icudt64l/region/en_JE.res" 1304
"../../../Engine/Content/Internationalization/icudt64l/lang/en_JM.res" 1305
"../../../Engine/Content/Internationalization/icudt64l/region/en_JM.res" 1306
"../../../Engine/Content/Internationalization/icudt64l/lang/en_KE.res" 1307
"../../../Engine/Content/Internationalization/icudt64l/region/en_KE.res" 1308
"../../../Engine/Content/Internationalization/icudt64l/lang/en_KI.res" 1309
"../../../Engine/Content/Internationalization/icudt64l/region/en_KI.res" 1310
"../../../Engine/Content/Internationalization/icudt64l/lang/en_KN.res" 1311
"../../../Engine/Content/Internationalization/icudt64l/region/en_KN.res" 1312
"../../../Engine/Content/Internationalization/icudt64l/lang/en_KY.res" 1313
"../../../Engine/Content/Internationalization/icudt64l/region/en_KY.res" 1314
"../../../Engine/Content/Internationalization/icudt64l/lang/en_LC.res" 1315
"../../../Engine/Content/Internationalization/icudt64l/region/en_LC.res" 1316
"../../../Engine/Content/Internationalization/icudt64l/lang/en_LR.res" 1317
"../../../Engine/Content/Internationalization/icudt64l/region/en_LR.res" 1318
"../../../Engine/Content/Internationalization/icudt64l/lang/en_LS.res" 1319
"../../../Engine/Content/Internationalization/icudt64l/region/en_LS.res" 1320
"../../../Engine/Content/Internationalization/icudt64l/lang/en_MG.res" 1321
"../../../Engine/Content/Internationalization/icudt64l/region/en_MG.res" 1322
"../../../Engine/Content/Internationalization/icudt64l/lang/en_MO.res" 1323
"../../../Engine/Content/Internationalization/icudt64l/region/en_MO.res" 1324
"../../../Engine/Content/Internationalization/icudt64l/lang/en_MS.res" 1325
"../../../Engine/Content/Internationalization/icudt64l/region/en_MS.res" 1326
"../../../Engine/Content/Internationalization/icudt64l/lang/en_MT.res" 1327
"../../../Engine/Content/Internationalization/icudt64l/region/en_MT.res" 1328
"../../../Engine/Content/Internationalization/icudt64l/lang/en_MU.res" 1329
"../../../Engine/Content/Internationalization/icudt64l/region/en_MU.res" 1330
"../../../Engine/Content/Internationalization/icudt64l/lang/en_MW.res" 1331
"../../../Engine/Content/Internationalization/icudt64l/region/en_MW.res" 1332
"../../../Engine/Content/Internationalization/icudt64l/lang/en_MY.res" 1333
"../../../Engine/Content/Internationalization/icudt64l/region/en_MY.res" 1334
"../../../Engine/Content/Internationalization/icudt64l/lang/en_NA.res" 1335
"../../../Engine/Content/Internationalization/icudt64l/region/en_NA.res" 1336
"../../../Engine/Content/Internationalization/icudt64l/lang/en_NF.res" 1337
"../../../Engine/Content/Internationalization/icudt64l/region/en_NF.res" 1338
"../../../Engine/Content/Internationalization/icudt64l/lang/en_NG.res" 1339
"../../../Engine/Content/Internationalization/icudt64l/region/en_NG.res" 1340
"../../../Engine/Content/Internationalization/icudt64l/lang/en_NL.res" 1341
"../../../Engine/Content/Internationalization/icudt64l/region/en_NL.res" 1342
"../../../Engine/Content/Internationalization/icudt64l/lang/en_NR.res" 1343
"../../../Engine/Content/Internationalization/icudt64l/region/en_NR.res" 1344
"../../../Engine/Content/Internationalization/icudt64l/lang/en_NU.res" 1345
"../../../Engine/Content/Internationalization/icudt64l/region/en_NU.res" 1346
"../../../Engine/Content/Internationalization/icudt64l/lang/en_NZ.res" 1347
"../../../Engine/Content/Internationalization/icudt64l/region/en_NZ.res" 1348
"../../../Engine/Content/Internationalization/icudt64l/lang/en_PG.res" 1349
"../../../Engine/Content/Internationalization/icudt64l/region/en_PG.res" 1350
"../../../Engine/Content/Internationalization/icudt64l/lang/en_PH.res" 1351
"../../../Engine/Content/Internationalization/icudt64l/region/en_PH.res" 1352
"../../../Engine/Content/Internationalization/icudt64l/lang/en_PK.res" 1353
"../../../Engine/Content/Internationalization/icudt64l/region/en_PK.res" 1354
"../../../Engine/Content/Internationalization/icudt64l/lang/en_PN.res" 1355
"../../../Engine/Content/Internationalization/icudt64l/region/en_PN.res" 1356
"../../../Engine/Content/Internationalization/icudt64l/lang/en_PW.res" 1357
"../../../Engine/Content/Internationalization/icudt64l/region/en_PW.res" 1358
"../../../Engine/Content/Internationalization/icudt64l/lang/en_RW.res" 1359
"../../../Engine/Content/Internationalization/icudt64l/region/en_RW.res" 1360
"../../../Engine/Content/Internationalization/icudt64l/lang/en_SB.res" 1361
"../../../Engine/Content/Internationalization/icudt64l/region/en_SB.res" 1362
"../../../Engine/Content/Internationalization/icudt64l/lang/en_SC.res" 1363
"../../../Engine/Content/Internationalization/icudt64l/region/en_SC.res" 1364
"../../../Engine/Content/Internationalization/icudt64l/lang/en_SD.res" 1365
"../../../Engine/Content/Internationalization/icudt64l/region/en_SD.res" 1366
"../../../Engine/Content/Internationalization/icudt64l/lang/en_SE.res" 1367
"../../../Engine/Content/Internationalization/icudt64l/region/en_SE.res" 1368
"../../../Engine/Content/Internationalization/icudt64l/lang/en_SG.res" 1369
"../../../Engine/Content/Internationalization/icudt64l/region/en_SG.res" 1370
"../../../Engine/Content/Internationalization/icudt64l/lang/en_SH.res" 1371
"../../../Engine/Content/Internationalization/icudt64l/region/en_SH.res" 1372
"../../../Engine/Content/Internationalization/icudt64l/lang/en_SI.res" 1373
"../../../Engine/Content/Internationalization/icudt64l/region/en_SI.res" 1374
"../../../Engine/Content/Internationalization/icudt64l/lang/en_SL.res" 1375
"../../../Engine/Content/Internationalization/icudt64l/region/en_SL.res" 1376
"../../../Engine/Content/Internationalization/icudt64l/lang/en_SS.res" 1377
"../../../Engine/Content/Internationalization/icudt64l/region/en_SS.res" 1378
"../../../Engine/Content/Internationalization/icudt64l/lang/en_SX.res" 1379
"../../../Engine/Content/Internationalization/icudt64l/region/en_SX.res" 1380
"../../../Engine/Content/Internationalization/icudt64l/lang/en_SZ.res" 1381
"../../../Engine/Content/Internationalization/icudt64l/region/en_SZ.res" 1382
"../../../Engine/Content/Internationalization/icudt64l/lang/en_TC.res" 1383
"../../../Engine/Content/Internationalization/icudt64l/region/en_TC.res" 1384
"../../../Engine/Content/Internationalization/icudt64l/lang/en_TK.res" 1385
"../../../Engine/Content/Internationalization/icudt64l/region/en_TK.res" 1386
"../../../Engine/Content/Internationalization/icudt64l/lang/en_TO.res" 1387
"../../../Engine/Content/Internationalization/icudt64l/region/en_TO.res" 1388
"../../../Engine/Content/Internationalization/icudt64l/lang/en_TT.res" 1389
"../../../Engine/Content/Internationalization/icudt64l/region/en_TT.res" 1390
"../../../Engine/Content/Internationalization/icudt64l/lang/en_TV.res" 1391
"../../../Engine/Content/Internationalization/icudt64l/region/en_TV.res" 1392
"../../../Engine/Content/Internationalization/icudt64l/lang/en_TZ.res" 1393
"../../../Engine/Content/Internationalization/icudt64l/region/en_TZ.res" 1394
"../../../Engine/Content/Internationalization/icudt64l/lang/en_UG.res" 1395
"../../../Engine/Content/Internationalization/icudt64l/region/en_UG.res" 1396
"../../../Engine/Content/Internationalization/icudt64l/lang/en_VC.res" 1397
"../../../Engine/Content/Internationalization/icudt64l/region/en_VC.res" 1398
"../../../Engine/Content/Internationalization/icudt64l/lang/en_VG.res" 1399
"../../../Engine/Content/Internationalization/icudt64l/region/en_VG.res" 1400
"../../../Engine/Content/Internationalization/icudt64l/lang/en_VU.res" 1401
"../../../Engine/Content/Internationalization/icudt64l/region/en_VU.res" 1402
"../../../Engine/Content/Internationalization/icudt64l/lang/en_WS.res" 1403
"../../../Engine/Content/Internationalization/icudt64l/region/en_WS.res" 1404
"../../../Engine/Content/Internationalization/icudt64l/lang/en_ZA.res" 1405
"../../../Engine/Content/Internationalization/icudt64l/region/en_ZA.res" 1406
"../../../Engine/Content/Internationalization/icudt64l/lang/en_ZM.res" 1407
"../../../Engine/Content/Internationalization/icudt64l/region/en_ZM.res" 1408
"../../../Engine/Content/Internationalization/icudt64l/lang/en_ZW.res" 1409
"../../../Engine/Content/Internationalization/icudt64l/region/en_ZW.res" 1410
"../../../Engine/Content/Internationalization/icudt64l/lang/eo.res" 1411
"../../../Engine/Content/Internationalization/icudt64l/region/eo.res" 1412
"../../../Engine/Content/Internationalization/icudt64l/lang/es.res" 1413
"../../../Engine/Content/Internationalization/icudt64l/lang/es_419.res" 1414
"../../../Engine/Content/Internationalization/icudt64l/region/es_419.res" 1415
"../../../Engine/Content/Internationalization/icudt64l/region/es.res" 1416
"../../../Engine/Content/Internationalization/icudt64l/lang/es_AR.res" 1417
"../../../Engine/Content/Internationalization/icudt64l/region/es_AR.res" 1418
"../../../Engine/Content/Internationalization/icudt64l/lang/es_BO.res" 1419
"../../../Engine/Content/Internationalization/icudt64l/region/es_BO.res" 1420
"../../../Engine/Content/Internationalization/icudt64l/lang/es_BR.res" 1421
"../../../Engine/Content/Internationalization/icudt64l/region/es_BR.res" 1422
"../../../Engine/Content/Internationalization/icudt64l/lang/es_BZ.res" 1423
"../../../Engine/Content/Internationalization/icudt64l/region/es_BZ.res" 1424
"../../../Engine/Content/Internationalization/icudt64l/lang/es_CL.res" 1425
"../../../Engine/Content/Internationalization/icudt64l/region/es_CL.res" 1426
"../../../Engine/Content/Internationalization/icudt64l/lang/es_CO.res" 1427
"../../../Engine/Content/Internationalization/icudt64l/region/es_CO.res" 1428
"../../../Engine/Content/Internationalization/icudt64l/lang/es_CR.res" 1429
"../../../Engine/Content/Internationalization/icudt64l/region/es_CR.res" 1430
"../../../Engine/Content/Internationalization/icudt64l/lang/es_CU.res" 1431
"../../../Engine/Content/Internationalization/icudt64l/region/es_CU.res" 1432
"../../../Engine/Content/Internationalization/icudt64l/lang/es_DO.res" 1433
"../../../Engine/Content/Internationalization/icudt64l/region/es_DO.res" 1434
"../../../Engine/Content/Internationalization/icudt64l/lang/es_EC.res" 1435
"../../../Engine/Content/Internationalization/icudt64l/region/es_EC.res" 1436
"../../../Engine/Content/Internationalization/icudt64l/lang/es_GT.res" 1437
"../../../Engine/Content/Internationalization/icudt64l/region/es_GT.res" 1438
"../../../Engine/Content/Internationalization/icudt64l/lang/es_HN.res" 1439
"../../../Engine/Content/Internationalization/icudt64l/region/es_HN.res" 1440
"../../../Engine/Content/Internationalization/icudt64l/lang/es_MX.res" 1441
"../../../Engine/Content/Internationalization/icudt64l/region/es_MX.res" 1442
"../../../Engine/Content/Internationalization/icudt64l/lang/es_NI.res" 1443
"../../../Engine/Content/Internationalization/icudt64l/region/es_NI.res" 1444
"../../../Engine/Content/Internationalization/icudt64l/lang/es_PA.res" 1445
"../../../Engine/Content/Internationalization/icudt64l/region/es_PA.res" 1446
"../../../Engine/Content/Internationalization/icudt64l/lang/es_PE.res" 1447
"../../../Engine/Content/Internationalization/icudt64l/region/es_PE.res" 1448
"../../../Engine/Content/Internationalization/icudt64l/lang/es_PR.res" 1449
"../../../Engine/Content/Internationalization/icudt64l/region/es_PR.res" 1450
"../../../Engine/Content/Internationalization/icudt64l/lang/es_PY.res" 1451
"../../../Engine/Content/Internationalization/icudt64l/region/es_PY.res" 1452
"../../../Engine/Content/Internationalization/icudt64l/lang/es_SV.res" 1453
"../../../Engine/Content/Internationalization/icudt64l/region/es_SV.res" 1454
"../../../Engine/Content/Internationalization/icudt64l/lang/es_US.res" 1455
"../../../Engine/Content/Internationalization/icudt64l/region/es_US.res" 1456
"../../../Engine/Content/Internationalization/icudt64l/lang/es_UY.res" 1457
"../../../Engine/Content/Internationalization/icudt64l/region/es_UY.res" 1458
"../../../Engine/Content/Internationalization/icudt64l/lang/es_VE.res" 1459
"../../../Engine/Content/Internationalization/icudt64l/region/es_VE.res" 1460
"../../../Engine/Content/Internationalization/icudt64l/lang/et.res" 1461
"../../../Engine/Content/Internationalization/icudt64l/region/et.res" 1462
"../../../Engine/Content/Internationalization/icudt64l/lang/eu.res" 1463
"../../../Engine/Content/Internationalization/icudt64l/region/eu.res" 1464
"../../../Engine/Content/Internationalization/icudt64l/lang/ewo.res" 1465
"../../../Engine/Content/Internationalization/icudt64l/region/ewo.res" 1466
"../../../Engine/Content/Internationalization/icudt64l/lang/fa.res" 1467
"../../../Engine/Content/Internationalization/icudt64l/lang/fa_AF.res" 1468
"../../../Engine/Content/Internationalization/icudt64l/region/fa_AF.res" 1469
"../../../Engine/Content/Internationalization/icudt64l/region/fa.res" 1470
"../../../Engine/Content/Internationalization/icudt64l/lang/ff.res" 1471
"../../../Engine/Content/Internationalization/icudt64l/lang/ff_Latn.res" 1472
"../../../Engine/Content/Internationalization/icudt64l/region/ff.res" 1473
"../../../Engine/Content/Internationalization/icudt64l/region/ff_Latn.res" 1474
"../../../Engine/Content/Internationalization/icudt64l/lang/ff_CM.res" 1475
"../../../Engine/Content/Internationalization/icudt64l/lang/ff_Latn_CM.res" 1476
"../../../Engine/Content/Internationalization/icudt64l/region/ff_CM.res" 1477
"../../../Engine/Content/Internationalization/icudt64l/region/ff_Latn_CM.res" 1478
"../../../Engine/Content/Internationalization/icudt64l/lang/ff_GN.res" 1479
"../../../Engine/Content/Internationalization/icudt64l/lang/ff_Latn_GN.res" 1480
"../../../Engine/Content/Internationalization/icudt64l/region/ff_GN.res" 1481
"../../../Engine/Content/Internationalization/icudt64l/region/ff_Latn_GN.res" 1482
"../../../Engine/Content/Internationalization/icudt64l/lang/ff_MR.res" 1483
"../../../Engine/Content/Internationalization/icudt64l/lang/ff_Latn_MR.res" 1484
"../../../Engine/Content/Internationalization/icudt64l/region/ff_MR.res" 1485
"../../../Engine/Content/Internationalization/icudt64l/region/ff_Latn_MR.res" 1486
"../../../Engine/Content/Internationalization/icudt64l/lang/ff_SN.res" 1487
"../../../Engine/Content/Internationalization/icudt64l/lang/ff_Latn_SN.res" 1488
"../../../Engine/Content/Internationalization/icudt64l/region/ff_SN.res" 1489
"../../../Engine/Content/Internationalization/icudt64l/region/ff_Latn_SN.res" 1490
"../../../Engine/Content/Internationalization/icudt64l/lang/fi.res" 1491
"../../../Engine/Content/Internationalization/icudt64l/region/fi.res" 1492
"../../../Engine/Content/Internationalization/icudt64l/lang/fil.res" 1493
"../../../Engine/Content/Internationalization/icudt64l/lang/fil_PH.res" 1494
"../../../Engine/Content/Internationalization/icudt64l/region/fil_PH.res" 1495
"../../../Engine/Content/Internationalization/icudt64l/region/fil.res" 1496
"../../../Engine/Content/Internationalization/icudt64l/lang/fo.res" 1497
"../../../Engine/Content/Internationalization/icudt64l/region/fo.res" 1498
"../../../Engine/Content/Internationalization/icudt64l/lang/fr.res" 1499
"../../../Engine/Content/Internationalization/icudt64l/lang/fr_BE.res" 1500
"../../../Engine/Content/Internationalization/icudt64l/region/fr_BE.res" 1501
"../../../Engine/Content/Internationalization/icudt64l/region/fr.res" 1502
"../../../Engine/Content/Internationalization/icudt64l/lang/fr_CA.res" 1503
"../../../Engine/Content/Internationalization/icudt64l/region/fr_CA.res" 1504
"../../../Engine/Content/Internationalization/icudt64l/lang/fr_CH.res" 1505
"../../../Engine/Content/Internationalization/icudt64l/lang/fur.res" 1506
"../../../Engine/Content/Internationalization/icudt64l/region/fur.res" 1507
"../../../Engine/Content/Internationalization/icudt64l/lang/fy.res" 1508
"../../../Engine/Content/Internationalization/icudt64l/region/fy.res" 1509
"../../../Engine/Content/Internationalization/icudt64l/lang/ga.res" 1510
"../../../Engine/Content/Internationalization/icudt64l/region/ga.res" 1511
"../../../Engine/Content/Internationalization/icudt64l/lang/gd.res" 1512
"../../../Engine/Content/Internationalization/icudt64l/region/gd.res" 1513
"../../../Engine/Content/Internationalization/icudt64l/lang/gl.res" 1514
"../../../Engine/Content/Internationalization/icudt64l/region/gl.res" 1515
"../../../Engine/Content/Internationalization/icudt64l/lang/gsw.res" 1516
"../../../Engine/Content/Internationalization/icudt64l/region/gsw.res" 1517
"../../../Engine/Content/Internationalization/icudt64l/lang/gu.res" 1518
"../../../Engine/Content/Internationalization/icudt64l/region/gu.res" 1519
"../../../Engine/Content/Internationalization/icudt64l/lang/guz.res" 1520
"../../../Engine/Content/Internationalization/icudt64l/region/guz.res" 1521
"../../../Engine/Content/Internationalization/icudt64l/lang/gv.res" 1522
"../../../Engine/Content/Internationalization/icudt64l/region/gv.res" 1523
"../../../Engine/Content/Internationalization/icudt64l/lang/ha.res" 1524
"../../../Engine/Content/Internationalization/icudt64l/region/ha.res" 1525
"../../../Engine/Content/Internationalization/icudt64l/lang/ha_NE.res" 1526
"../../../Engine/Content/Internationalization/icudt64l/region/ha_NE.res" 1527
"../../../Engine/Content/Internationalization/icudt64l/lang/haw.res" 1528
"../../../Engine/Content/Internationalization/icudt64l/region/haw.res" 1529
"../../../Engine/Content/Internationalization/icudt64l/lang/he.res" 1530
"../../../Engine/Content/Internationalization/icudt64l/lang/he_IL.res" 1531
"../../../Engine/Content/Internationalization/icudt64l/region/he_IL.res" 1532
"../../../Engine/Content/Internationalization/icudt64l/region/he.res" 1533
"../../../Engine/Content/Internationalization/icudt64l/lang/hi.res" 1534
"../../../Engine/Content/Internationalization/icudt64l/region/hi.res" 1535
"../../../Engine/Content/Internationalization/icudt64l/lang/hr.res" 1536
"../../../Engine/Content/Internationalization/icudt64l/region/hr.res" 1537
"../../../Engine/Content/Internationalization/icudt64l/lang/hsb.res" 1538
"../../../Engine/Content/Internationalization/icudt64l/region/hsb.res" 1539
"../../../Engine/Content/Internationalization/icudt64l/lang/hu.res" 1540
"../../../Engine/Content/Internationalization/icudt64l/region/hu.res" 1541
"../../../Engine/Content/Internationalization/icudt64l/lang/hy.res" 1542
"../../../Engine/Content/Internationalization/icudt64l/region/hy.res" 1543
"../../../Engine/Content/Internationalization/icudt64l/lang/ia.res" 1544
"../../../Engine/Content/Internationalization/icudt64l/region/ia.res" 1545
"../../../Engine/Content/Internationalization/icudt64l/lang/id.res" 1546
"../../../Engine/Content/Internationalization/icudt64l/lang/id_ID.res" 1547
"../../../Engine/Content/Internationalization/icudt64l/region/id_ID.res" 1548
"../../../Engine/Content/Internationalization/icudt64l/region/id.res" 1549
"../../../Engine/Content/Internationalization/icudt64l/lang/ig.res" 1550
"../../../Engine/Content/Internationalization/icudt64l/region/ig.res" 1551
"../../../Engine/Content/Internationalization/icudt64l/lang/ii.res" 1552
"../../../Engine/Content/Internationalization/icudt64l/region/ii.res" 1553
"../../../Engine/Content/Internationalization/icudt64l/lang/is.res" 1554
"../../../Engine/Content/Internationalization/icudt64l/region/is.res" 1555
"../../../Engine/Content/Internationalization/icudt64l/lang/it.res" 1556
"../../../Engine/Content/Internationalization/icudt64l/region/it.res" 1557
"../../../Engine/Content/Internationalization/icudt64l/lang/ja.res" 1558
"../../../Engine/Content/Internationalization/icudt64l/lang/ja_JP.res" 1559
"../../../Engine/Content/Internationalization/icudt64l/region/ja_JP.res" 1560
"../../../Engine/Content/Internationalization/icudt64l/region/ja.res" 1561
"../../../Engine/Content/Internationalization/icudt64l/lang/jgo.res" 1562
"../../../Engine/Content/Internationalization/icudt64l/region/jgo.res" 1563
"../../../Engine/Content/Internationalization/icudt64l/lang/jmc.res" 1564
"../../../Engine/Content/Internationalization/icudt64l/region/jmc.res" 1565
"../../../Engine/Content/Internationalization/icudt64l/lang/jv.res" 1566
"../../../Engine/Content/Internationalization/icudt64l/region/jv.res" 1567
"../../../Engine/Content/Internationalization/icudt64l/lang/ka.res" 1568
"../../../Engine/Content/Internationalization/icudt64l/region/ka.res" 1569
"../../../Engine/Content/Internationalization/icudt64l/lang/kab.res" 1570
"../../../Engine/Content/Internationalization/icudt64l/region/kab.res" 1571
"../../../Engine/Content/Internationalization/icudt64l/lang/kam.res" 1572
"../../../Engine/Content/Internationalization/icudt64l/region/kam.res" 1573
"../../../Engine/Content/Internationalization/icudt64l/lang/kde.res" 1574
"../../../Engine/Content/Internationalization/icudt64l/region/kde.res" 1575
"../../../Engine/Content/Internationalization/icudt64l/lang/kea.res" 1576
"../../../Engine/Content/Internationalization/icudt64l/region/kea.res" 1577
"../../../Engine/Content/Internationalization/icudt64l/lang/khq.res" 1578
"../../../Engine/Content/Internationalization/icudt64l/region/khq.res" 1579
"../../../Engine/Content/Internationalization/icudt64l/lang/ki.res" 1580
"../../../Engine/Content/Internationalization/icudt64l/region/ki.res" 1581
"../../../Engine/Content/Internationalization/icudt64l/lang/kk.res" 1582
"../../../Engine/Content/Internationalization/icudt64l/region/kk.res" 1583
"../../../Engine/Content/Internationalization/icudt64l/lang/kkj.res" 1584
"../../../Engine/Content/Internationalization/icudt64l/region/kkj.res" 1585
"../../../Engine/Content/Internationalization/icudt64l/lang/kl.res" 1586
"../../../Engine/Content/Internationalization/icudt64l/region/kl.res" 1587
"../../../Engine/Content/Internationalization/icudt64l/lang/kln.res" 1588
"../../../Engine/Content/Internationalization/icudt64l/region/kln.res" 1589
"../../../Engine/Content/Internationalization/icudt64l/lang/km.res" 1590
"../../../Engine/Content/Internationalization/icudt64l/region/km.res" 1591
"../../../Engine/Content/Internationalization/icudt64l/lang/kn.res" 1592
"../../../Engine/Content/Internationalization/icudt64l/region/kn.res" 1593
"../../../Engine/Content/Internationalization/icudt64l/lang/ko.res" 1594
"../../../Engine/Content/Internationalization/icudt64l/region/ko_KP.res" 1595
"../../../Engine/Content/Internationalization/icudt64l/region/ko.res" 1596
"../../../Engine/Content/Internationalization/icudt64l/lang/kok.res" 1597
"../../../Engine/Content/Internationalization/icudt64l/region/kok.res" 1598
"../../../Engine/Content/Internationalization/icudt64l/lang/ks.res" 1599
"../../../Engine/Content/Internationalization/icudt64l/region/ks.res" 1600
"../../../Engine/Content/Internationalization/icudt64l/lang/ksb.res" 1601
"../../../Engine/Content/Internationalization/icudt64l/region/ksb.res" 1602
"../../../Engine/Content/Internationalization/icudt64l/lang/ksf.res" 1603
"../../../Engine/Content/Internationalization/icudt64l/region/ksf.res" 1604
"../../../Engine/Content/Internationalization/icudt64l/lang/ksh.res" 1605
"../../../Engine/Content/Internationalization/icudt64l/region/ksh.res" 1606
"../../../Engine/Content/Internationalization/icudt64l/lang/ku.res" 1607
"../../../Engine/Content/Internationalization/icudt64l/region/ku.res" 1608
"../../../Engine/Content/Internationalization/icudt64l/lang/kw.res" 1609
"../../../Engine/Content/Internationalization/icudt64l/region/kw.res" 1610
"../../../Engine/Content/Internationalization/icudt64l/lang/ky.res" 1611
"../../../Engine/Content/Internationalization/icudt64l/region/ky.res" 1612
"../../../Engine/Content/Internationalization/icudt64l/lang/lag.res" 1613
"../../../Engine/Content/Internationalization/icudt64l/region/lag.res" 1614
"../../../Engine/Content/Internationalization/icudt64l/lang/lb.res" 1615
"../../../Engine/Content/Internationalization/icudt64l/region/lb.res" 1616
"../../../Engine/Content/Internationalization/icudt64l/lang/lg.res" 1617
"../../../Engine/Content/Internationalization/icudt64l/region/lg.res" 1618
"../../../Engine/Content/Internationalization/icudt64l/lang/lkt.res" 1619
"../../../Engine/Content/Internationalization/icudt64l/region/lkt.res" 1620
"../../../Engine/Content/Internationalization/icudt64l/lang/ln.res" 1621
"../../../Engine/Content/Internationalization/icudt64l/region/ln.res" 1622
"../../../Engine/Content/Internationalization/icudt64l/lang/lo.res" 1623
"../../../Engine/Content/Internationalization/icudt64l/region/lo.res" 1624
"../../../Engine/Content/Internationalization/icudt64l/lang/lrc.res" 1625
"../../../Engine/Content/Internationalization/icudt64l/region/lrc.res" 1626
"../../../Engine/Content/Internationalization/icudt64l/lang/lt.res" 1627
"../../../Engine/Content/Internationalization/icudt64l/region/lt.res" 1628
"../../../Engine/Content/Internationalization/icudt64l/lang/lu.res" 1629
"../../../Engine/Content/Internationalization/icudt64l/region/lu.res" 1630
"../../../Engine/Content/Internationalization/icudt64l/lang/luo.res" 1631
"../../../Engine/Content/Internationalization/icudt64l/region/luo.res" 1632
"../../../Engine/Content/Internationalization/icudt64l/lang/luy.res" 1633
"../../../Engine/Content/Internationalization/icudt64l/region/luy.res" 1634
"../../../Engine/Content/Internationalization/icudt64l/lang/lv.res" 1635
"../../../Engine/Content/Internationalization/icudt64l/region/lv.res" 1636
"../../../Engine/Content/Internationalization/icudt64l/lang/mas.res" 1637
"../../../Engine/Content/Internationalization/icudt64l/region/mas.res" 1638
"../../../Engine/Content/Internationalization/icudt64l/lang/mer.res" 1639
"../../../Engine/Content/Internationalization/icudt64l/region/mer.res" 1640
"../../../Engine/Content/Internationalization/icudt64l/lang/mfe.res" 1641
"../../../Engine/Content/Internationalization/icudt64l/region/mfe.res" 1642
"../../../Engine/Content/Internationalization/icudt64l/lang/mg.res" 1643
"../../../Engine/Content/Internationalization/icudt64l/region/mg.res" 1644
"../../../Engine/Content/Internationalization/icudt64l/lang/mgh.res" 1645
"../../../Engine/Content/Internationalization/icudt64l/region/mgh.res" 1646
"../../../Engine/Content/Internationalization/icudt64l/lang/mgo.res" 1647
"../../../Engine/Content/Internationalization/icudt64l/region/mgo.res" 1648
"../../../Engine/Content/Internationalization/icudt64l/lang/mi.res" 1649
"../../../Engine/Content/Internationalization/icudt64l/region/mi.res" 1650
"../../../Engine/Content/Internationalization/icudt64l/lang/mk.res" 1651
"../../../Engine/Content/Internationalization/icudt64l/region/mk.res" 1652
"../../../Engine/Content/Internationalization/icudt64l/lang/ml.res" 1653
"../../../Engine/Content/Internationalization/icudt64l/region/ml.res" 1654
"../../../Engine/Content/Internationalization/icudt64l/lang/mn.res" 1655
"../../../Engine/Content/Internationalization/icudt64l/region/mn.res" 1656
"../../../Engine/Content/Internationalization/icudt64l/lang/mr.res" 1657
"../../../Engine/Content/Internationalization/icudt64l/region/mr.res" 1658
"../../../Engine/Content/Internationalization/icudt64l/lang/ms.res" 1659
"../../../Engine/Content/Internationalization/icudt64l/region/ms.res" 1660
"../../../Engine/Content/Internationalization/icudt64l/lang/mt.res" 1661
"../../../Engine/Content/Internationalization/icudt64l/region/mt.res" 1662
"../../../Engine/Content/Internationalization/icudt64l/lang/mua.res" 1663
"../../../Engine/Content/Internationalization/icudt64l/region/mua.res" 1664
"../../../Engine/Content/Internationalization/icudt64l/lang/my.res" 1665
"../../../Engine/Content/Internationalization/icudt64l/region/my.res" 1666
"../../../Engine/Content/Internationalization/icudt64l/lang/mzn.res" 1667
"../../../Engine/Content/Internationalization/icudt64l/region/mzn.res" 1668
"../../../Engine/Content/Internationalization/icudt64l/lang/naq.res" 1669
"../../../Engine/Content/Internationalization/icudt64l/region/naq.res" 1670
"../../../Engine/Content/Internationalization/icudt64l/lang/nb.res" 1671
"../../../Engine/Content/Internationalization/icudt64l/lang/nb_NO.res" 1672
"../../../Engine/Content/Internationalization/icudt64l/region/nb_NO.res" 1673
"../../../Engine/Content/Internationalization/icudt64l/region/nb.res" 1674
"../../../Engine/Content/Internationalization/icudt64l/lang/nd.res" 1675
"../../../Engine/Content/Internationalization/icudt64l/region/nd.res" 1676
"../../../Engine/Content/Internationalization/icudt64l/lang/nds.res" 1677
"../../../Engine/Content/Internationalization/icudt64l/region/nds.res" 1678
"../../../Engine/Content/Internationalization/icudt64l/lang/ne.res" 1679
"../../../Engine/Content/Internationalization/icudt64l/region/ne.res" 1680
"../../../Engine/Content/Internationalization/icudt64l/lang/nl.res" 1681
"../../../Engine/Content/Internationalization/icudt64l/region/nl.res" 1682
"../../../Engine/Content/Internationalization/icudt64l/lang/nmg.res" 1683
"../../../Engine/Content/Internationalization/icudt64l/region/nmg.res" 1684
"../../../Engine/Content/Internationalization/icudt64l/lang/nn.res" 1685
"../../../Engine/Content/Internationalization/icudt64l/lang/nn_NO.res" 1686
"../../../Engine/Content/Internationalization/icudt64l/region/nn_NO.res" 1687
"../../../Engine/Content/Internationalization/icudt64l/region/nn.res" 1688
"../../../Engine/Content/Internationalization/icudt64l/lang/nnh.res" 1689
"../../../Engine/Content/Internationalization/icudt64l/region/nnh.res" 1690
"../../../Engine/Content/Internationalization/icudt64l/lang/nus.res" 1691
"../../../Engine/Content/Internationalization/icudt64l/region/nus.res" 1692
"../../../Engine/Content/Internationalization/icudt64l/lang/nyn.res" 1693
"../../../Engine/Content/Internationalization/icudt64l/region/nyn.res" 1694
"../../../Engine/Content/Internationalization/icudt64l/lang/om.res" 1695
"../../../Engine/Content/Internationalization/icudt64l/region/om.res" 1696
"../../../Engine/Content/Internationalization/icudt64l/lang/or.res" 1697
"../../../Engine/Content/Internationalization/icudt64l/region/or.res" 1698
"../../../Engine/Content/Internationalization/icudt64l/lang/os.res" 1699
"../../../Engine/Content/Internationalization/icudt64l/region/os.res" 1700
"../../../Engine/Content/Internationalization/icudt64l/lang/pa.res" 1701
"../../../Engine/Content/Internationalization/icudt64l/lang/pa_Arab.res" 1702
"../../../Engine/Content/Internationalization/icudt64l/lang/pa_PK.res" 1703
"../../../Engine/Content/Internationalization/icudt64l/lang/pa_Arab_PK.res" 1704
"../../../Engine/Content/Internationalization/icudt64l/region/pa_PK.res" 1705
"../../../Engine/Content/Internationalization/icudt64l/region/pa_Arab_PK.res" 1706
"../../../Engine/Content/Internationalization/icudt64l/region/pa_Arab.res" 1707
"../../../Engine/Content/Internationalization/icudt64l/lang/pa_Guru.res" 1708
"../../../Engine/Content/Internationalization/icudt64l/lang/pa_IN.res" 1709
"../../../Engine/Content/Internationalization/icudt64l/lang/pa_Guru_IN.res" 1710
"../../../Engine/Content/Internationalization/icudt64l/region/pa_IN.res" 1711
"../../../Engine/Content/Internationalization/icudt64l/region/pa_Guru_IN.res" 1712
"../../../Engine/Content/Internationalization/icudt64l/region/pa_Guru.res" 1713
"../../../Engine/Content/Internationalization/icudt64l/region/pa.res" 1714
"../../../Engine/Content/Internationalization/icudt64l/lang/pl.res" 1715
"../../../Engine/Content/Internationalization/icudt64l/region/pl.res" 1716
"../../../Engine/Content/Internationalization/icudt64l/lang/ps.res" 1717
"../../../Engine/Content/Internationalization/icudt64l/region/ps.res" 1718
"../../../Engine/Content/Internationalization/icudt64l/lang/ps_PK.res" 1719
"../../../Engine/Content/Internationalization/icudt64l/region/ps_PK.res" 1720
"../../../Engine/Content/Internationalization/icudt64l/lang/pt.res" 1721
"../../../Engine/Content/Internationalization/icudt64l/lang/pt_AO.res" 1722
"../../../Engine/Content/Internationalization/icudt64l/lang/pt_PT.res" 1723
"../../../Engine/Content/Internationalization/icudt64l/region/pt_AO.res" 1724
"../../../Engine/Content/Internationalization/icudt64l/region/pt_PT.res" 1725
"../../../Engine/Content/Internationalization/icudt64l/region/pt.res" 1726
"../../../Engine/Content/Internationalization/icudt64l/lang/pt_CH.res" 1727
"../../../Engine/Content/Internationalization/icudt64l/region/pt_CH.res" 1728
"../../../Engine/Content/Internationalization/icudt64l/lang/pt_CV.res" 1729
"../../../Engine/Content/Internationalization/icudt64l/region/pt_CV.res" 1730
"../../../Engine/Content/Internationalization/icudt64l/lang/pt_GQ.res" 1731
"../../../Engine/Content/Internationalization/icudt64l/region/pt_GQ.res" 1732
"../../../Engine/Content/Internationalization/icudt64l/lang/pt_GW.res" 1733
"../../../Engine/Content/Internationalization/icudt64l/region/pt_GW.res" 1734
"../../../Engine/Content/Internationalization/icudt64l/lang/pt_LU.res" 1735
"../../../Engine/Content/Internationalization/icudt64l/region/pt_LU.res" 1736
"../../../Engine/Content/Internationalization/icudt64l/lang/pt_MO.res" 1737
"../../../Engine/Content/Internationalization/icudt64l/region/pt_MO.res" 1738
"../../../Engine/Content/Internationalization/icudt64l/lang/pt_MZ.res" 1739
"../../../Engine/Content/Internationalization/icudt64l/region/pt_MZ.res" 1740
"../../../Engine/Content/Internationalization/icudt64l/lang/pt_ST.res" 1741
"../../../Engine/Content/Internationalization/icudt64l/region/pt_ST.res" 1742
"../../../Engine/Content/Internationalization/icudt64l/lang/pt_TL.res" 1743
"../../../Engine/Content/Internationalization/icudt64l/region/pt_TL.res" 1744
"../../../Engine/Content/Internationalization/icudt64l/lang/qu.res" 1745
"../../../Engine/Content/Internationalization/icudt64l/region/qu.res" 1746
"../../../Engine/Content/Internationalization/icudt64l/lang/rm.res" 1747
"../../../Engine/Content/Internationalization/icudt64l/region/rm.res" 1748
"../../../Engine/Content/Internationalization/icudt64l/lang/rn.res" 1749
"../../../Engine/Content/Internationalization/icudt64l/region/rn.res" 1750
"../../../Engine/Content/Internationalization/icudt64l/lang/ro.res" 1751
"../../../Engine/Content/Internationalization/icudt64l/lang/ro_MD.res" 1752
"../../../Engine/Content/Internationalization/icudt64l/region/ro_MD.res" 1753
"../../../Engine/Content/Internationalization/icudt64l/region/ro.res" 1754
"../../../Engine/Content/Internationalization/icudt64l/lang/rof.res" 1755
"../../../Engine/Content/Internationalization/icudt64l/region/rof.res" 1756
"../../../Engine/Content/Internationalization/icudt64l/region/ru_UA.res" 1757
"../../../Engine/Content/Internationalization/icudt64l/lang/rw.res" 1758
"../../../Engine/Content/Internationalization/icudt64l/region/rw.res" 1759
"../../../Engine/Content/Internationalization/icudt64l/lang/rwk.res" 1760
"../../../Engine/Content/Internationalization/icudt64l/region/rwk.res" 1761
"../../../Engine/Content/Internationalization/icudt64l/lang/sah.res" 1762
"../../../Engine/Content/Internationalization/icudt64l/region/sah.res" 1763
"../../../Engine/Content/Internationalization/icudt64l/lang/saq.res" 1764
"../../../Engine/Content/Internationalization/icudt64l/region/saq.res" 1765
"../../../Engine/Content/Internationalization/icudt64l/lang/sbp.res" 1766
"../../../Engine/Content/Internationalization/icudt64l/region/sbp.res" 1767
"../../../Engine/Content/Internationalization/icudt64l/lang/sd.res" 1768
"../../../Engine/Content/Internationalization/icudt64l/region/sd.res" 1769
"../../../Engine/Content/Internationalization/icudt64l/lang/se.res" 1770
"../../../Engine/Content/Internationalization/icudt64l/lang/se_FI.res" 1771
"../../../Engine/Content/Internationalization/icudt64l/region/se_FI.res" 1772
"../../../Engine/Content/Internationalization/icudt64l/region/se.res" 1773
"../../../Engine/Content/Internationalization/icudt64l/lang/seh.res" 1774
"../../../Engine/Content/Internationalization/icudt64l/region/seh.res" 1775
"../../../Engine/Content/Internationalization/icudt64l/lang/ses.res" 1776
"../../../Engine/Content/Internationalization/icudt64l/region/ses.res" 1777
"../../../Engine/Content/Internationalization/icudt64l/lang/sg.res" 1778
"../../../Engine/Content/Internationalization/icudt64l/region/sg.res" 1779
"../../../Engine/Content/Internationalization/icudt64l/lang/shi.res" 1780
"../../../Engine/Content/Internationalization/icudt64l/lang/shi_Latn.res" 1781
"../../../Engine/Content/Internationalization/icudt64l/lang/shi_MA.res" 1782
"../../../Engine/Content/Internationalization/icudt64l/lang/shi_Tfng_MA.res" 1783
"../../../Engine/Content/Internationalization/icudt64l/lang/shi_Tfng.res" 1784
"../../../Engine/Content/Internationalization/icudt64l/region/shi_MA.res" 1785
"../../../Engine/Content/Internationalization/icudt64l/region/shi_Tfng_MA.res" 1786
"../../../Engine/Content/Internationalization/icudt64l/region/shi_Tfng.res" 1787
"../../../Engine/Content/Internationalization/icudt64l/region/shi.res" 1788
"../../../Engine/Content/Internationalization/icudt64l/region/shi_Latn.res" 1789
"../../../Engine/Content/Internationalization/icudt64l/lang/si.res" 1790
"../../../Engine/Content/Internationalization/icudt64l/region/si.res" 1791
"../../../Engine/Content/Internationalization/icudt64l/lang/sk.res" 1792
"../../../Engine/Content/Internationalization/icudt64l/region/sk.res" 1793
"../../../Engine/Content/Internationalization/icudt64l/lang/sl.res" 1794
"../../../Engine/Content/Internationalization/icudt64l/region/sl.res" 1795
"../../../Engine/Content/Internationalization/icudt64l/lang/smn.res" 1796
"../../../Engine/Content/Internationalization/icudt64l/region/smn.res" 1797
"../../../Engine/Content/Internationalization/icudt64l/lang/sn.res" 1798
"../../../Engine/Content/Internationalization/icudt64l/region/sn.res" 1799
"../../../Engine/Content/Internationalization/icudt64l/lang/so.res" 1800
"../../../Engine/Content/Internationalization/icudt64l/region/so.res" 1801
"../../../Engine/Content/Internationalization/icudt64l/lang/sq.res" 1802
"../../../Engine/Content/Internationalization/icudt64l/region/sq.res" 1803
"../../../Engine/Content/Internationalization/icudt64l/lang/sr.res" 1804
"../../../Engine/Content/Internationalization/icudt64l/lang/sr_Cyrl.res" 1805
"../../../Engine/Content/Internationalization/icudt64l/lang/sr_BA.res" 1806
"../../../Engine/Content/Internationalization/icudt64l/lang/sr_Cyrl_BA.res" 1807
"../../../Engine/Content/Internationalization/icudt64l/region/sr_BA.res" 1808
"../../../Engine/Content/Internationalization/icudt64l/region/sr_Cyrl_BA.res" 1809
"../../../Engine/Content/Internationalization/icudt64l/region/sr_Cyrl.res" 1810
"../../../Engine/Content/Internationalization/icudt64l/region/sr.res" 1811
"../../../Engine/Content/Internationalization/icudt64l/lang/sr_ME.res" 1812
"../../../Engine/Content/Internationalization/icudt64l/lang/sr_Latn_ME.res" 1813
"../../../Engine/Content/Internationalization/icudt64l/lang/sr_Latn.res" 1814
"../../../Engine/Content/Internationalization/icudt64l/region/sr_ME.res" 1815
"../../../Engine/Content/Internationalization/icudt64l/region/sr_Latn_ME.res" 1816
"../../../Engine/Content/Internationalization/icudt64l/region/sr_Latn.res" 1817
"../../../Engine/Content/Internationalization/icudt64l/lang/sr_Cyrl_ME.res" 1818
"../../../Engine/Content/Internationalization/icudt64l/region/sr_Cyrl_ME.res" 1819
"../../../Engine/Content/Internationalization/icudt64l/lang/sr_RS.res" 1820
"../../../Engine/Content/Internationalization/icudt64l/lang/sr_Cyrl_RS.res" 1821
"../../../Engine/Content/Internationalization/icudt64l/region/sr_RS.res" 1822
"../../../Engine/Content/Internationalization/icudt64l/region/sr_Cyrl_RS.res" 1823
"../../../Engine/Content/Internationalization/icudt64l/lang/sr_XK.res" 1824
"../../../Engine/Content/Internationalization/icudt64l/lang/sr_Cyrl_XK.res" 1825
"../../../Engine/Content/Internationalization/icudt64l/region/sr_XK.res" 1826
"../../../Engine/Content/Internationalization/icudt64l/region/sr_Cyrl_XK.res" 1827
"../../../Engine/Content/Internationalization/icudt64l/lang/sr_Latn_BA.res" 1828
"../../../Engine/Content/Internationalization/icudt64l/region/sr_Latn_BA.res" 1829
"../../../Engine/Content/Internationalization/icudt64l/lang/sr_Latn_RS.res" 1830
"../../../Engine/Content/Internationalization/icudt64l/region/sr_Latn_RS.res" 1831
"../../../Engine/Content/Internationalization/icudt64l/lang/sr_Latn_XK.res" 1832
"../../../Engine/Content/Internationalization/icudt64l/region/sr_Latn_XK.res" 1833
"../../../Engine/Content/Internationalization/icudt64l/lang/sv.res" 1834
"../../../Engine/Content/Internationalization/icudt64l/region/sv.res" 1835
"../../../Engine/Content/Internationalization/icudt64l/lang/sv_FI.res" 1836
"../../../Engine/Content/Internationalization/icudt64l/lang/sw.res" 1837
"../../../Engine/Content/Internationalization/icudt64l/lang/sw_CD.res" 1838
"../../../Engine/Content/Internationalization/icudt64l/region/sw_CD.res" 1839
"../../../Engine/Content/Internationalization/icudt64l/region/sw.res" 1840
"../../../Engine/Content/Internationalization/icudt64l/lang/sw_KE.res" 1841
"../../../Engine/Content/Internationalization/icudt64l/region/sw_KE.res" 1842
"../../../Engine/Content/Internationalization/icudt64l/lang/ta.res" 1843
"../../../Engine/Content/Internationalization/icudt64l/region/ta.res" 1844
"../../../Engine/Content/Internationalization/icudt64l/lang/te.res" 1845
"../../../Engine/Content/Internationalization/icudt64l/region/te.res" 1846
"../../../Engine/Content/Internationalization/icudt64l/lang/teo.res" 1847
"../../../Engine/Content/Internationalization/icudt64l/region/teo.res" 1848
"../../../Engine/Content/Internationalization/icudt64l/lang/tg.res" 1849
"../../../Engine/Content/Internationalization/icudt64l/region/tg.res" 1850
"../../../Engine/Content/Internationalization/icudt64l/lang/th.res" 1851
"../../../Engine/Content/Internationalization/icudt64l/lang/th_TH.res" 1852
"../../../Engine/Content/Internationalization/icudt64l/region/th_TH.res" 1853
"../../../Engine/Content/Internationalization/icudt64l/region/th.res" 1854
"../../../Engine/Content/Internationalization/icudt64l/lang/ti.res" 1855
"../../../Engine/Content/Internationalization/icudt64l/region/ti.res" 1856
"../../../Engine/Content/Internationalization/icudt64l/lang/tk.res" 1857
"../../../Engine/Content/Internationalization/icudt64l/region/tk.res" 1858
"../../../Engine/Content/Internationalization/icudt64l/lang/to.res" 1859
"../../../Engine/Content/Internationalization/icudt64l/region/to.res" 1860
"../../../Engine/Content/Internationalization/icudt64l/lang/tr.res" 1861
"../../../Engine/Content/Internationalization/icudt64l/region/tr.res" 1862
"../../../Engine/Content/Internationalization/icudt64l/lang/tt.res" 1863
"../../../Engine/Content/Internationalization/icudt64l/region/tt.res" 1864
"../../../Engine/Content/Internationalization/icudt64l/lang/twq.res" 1865
"../../../Engine/Content/Internationalization/icudt64l/region/twq.res" 1866
"../../../Engine/Content/Internationalization/icudt64l/lang/tzm.res" 1867
"../../../Engine/Content/Internationalization/icudt64l/region/tzm.res" 1868
"../../../Engine/Content/Internationalization/icudt64l/lang/ug.res" 1869
"../../../Engine/Content/Internationalization/icudt64l/region/ug.res" 1870
"../../../Engine/Content/Internationalization/icudt64l/lang/uk.res" 1871
"../../../Engine/Content/Internationalization/icudt64l/region/uk.res" 1872
"../../../Engine/Content/Internationalization/icudt64l/lang/ur.res" 1873
"../../../Engine/Content/Internationalization/icudt64l/lang/ur_IN.res" 1874
"../../../Engine/Content/Internationalization/icudt64l/region/ur_IN.res" 1875
"../../../Engine/Content/Internationalization/icudt64l/region/ur.res" 1876
"../../../Engine/Content/Internationalization/icudt64l/lang/uz.res" 1877
"../../../Engine/Content/Internationalization/icudt64l/lang/uz_Arab.res" 1878
"../../../Engine/Content/Internationalization/icudt64l/lang/uz_AF.res" 1879
"../../../Engine/Content/Internationalization/icudt64l/lang/uz_Arab_AF.res" 1880
"../../../Engine/Content/Internationalization/icudt64l/region/uz_AF.res" 1881
"../../../Engine/Content/Internationalization/icudt64l/region/uz_Arab_AF.res" 1882
"../../../Engine/Content/Internationalization/icudt64l/region/uz_Arab.res" 1883
"../../../Engine/Content/Internationalization/icudt64l/lang/uz_Cyrl.res" 1884
"../../../Engine/Content/Internationalization/icudt64l/lang/uz_UZ.res" 1885
"../../../Engine/Content/Internationalization/icudt64l/lang/uz_Latn_UZ.res" 1886
"../../../Engine/Content/Internationalization/icudt64l/lang/uz_Latn.res" 1887
"../../../Engine/Content/Internationalization/icudt64l/region/uz_UZ.res" 1888
"../../../Engine/Content/Internationalization/icudt64l/region/uz_Latn_UZ.res" 1889
"../../../Engine/Content/Internationalization/icudt64l/region/uz_Latn.res" 1890
"../../../Engine/Content/Internationalization/icudt64l/region/uz.res" 1891
"../../../Engine/Content/Internationalization/icudt64l/region/uz_Cyrl.res" 1892
"../../../Engine/Content/Internationalization/icudt64l/lang/vai.res" 1893
"../../../Engine/Content/Internationalization/icudt64l/lang/vai_Latn.res" 1894
"../../../Engine/Content/Internationalization/icudt64l/lang/vai_LR.res" 1895
"../../../Engine/Content/Internationalization/icudt64l/lang/vai_Vaii_LR.res" 1896
"../../../Engine/Content/Internationalization/icudt64l/lang/vai_Vaii.res" 1897
"../../../Engine/Content/Internationalization/icudt64l/region/vai_LR.res" 1898
"../../../Engine/Content/Internationalization/icudt64l/region/vai_Vaii_LR.res" 1899
"../../../Engine/Content/Internationalization/icudt64l/region/vai_Vaii.res" 1900
"../../../Engine/Content/Internationalization/icudt64l/region/vai.res" 1901
"../../../Engine/Content/Internationalization/icudt64l/region/vai_Latn.res" 1902
"../../../Engine/Content/Internationalization/icudt64l/lang/vi.res" 1903
"../../../Engine/Content/Internationalization/icudt64l/region/vi.res" 1904
"../../../Engine/Content/Internationalization/icudt64l/lang/vun.res" 1905
"../../../Engine/Content/Internationalization/icudt64l/region/vun.res" 1906
"../../../Engine/Content/Internationalization/icudt64l/lang/wae.res" 1907
"../../../Engine/Content/Internationalization/icudt64l/region/wae.res" 1908
"../../../Engine/Content/Internationalization/icudt64l/lang/wo.res" 1909
"../../../Engine/Content/Internationalization/icudt64l/region/wo.res" 1910
"../../../Engine/Content/Internationalization/icudt64l/lang/xh.res" 1911
"../../../Engine/Content/Internationalization/icudt64l/region/xh.res" 1912
"../../../Engine/Content/Internationalization/icudt64l/lang/xog.res" 1913
"../../../Engine/Content/Internationalization/icudt64l/region/xog.res" 1914
"../../../Engine/Content/Internationalization/icudt64l/lang/yav.res" 1915
"../../../Engine/Content/Internationalization/icudt64l/region/yav.res" 1916
"../../../Engine/Content/Internationalization/icudt64l/lang/yi.res" 1917
"../../../Engine/Content/Internationalization/icudt64l/region/yi.res" 1918
"../../../Engine/Content/Internationalization/icudt64l/lang/yo.res" 1919
"../../../Engine/Content/Internationalization/icudt64l/lang/yo_BJ.res" 1920
"../../../Engine/Content/Internationalization/icudt64l/region/yo_BJ.res" 1921
"../../../Engine/Content/Internationalization/icudt64l/region/yo.res" 1922
"../../../Engine/Content/Internationalization/icudt64l/lang/yue.res" 1923
"../../../Engine/Content/Internationalization/icudt64l/lang/yue_Hans.res" 1924
"../../../Engine/Content/Internationalization/icudt64l/lang/yue_CN.res" 1925
"../../../Engine/Content/Internationalization/icudt64l/lang/yue_Hans_CN.res" 1926
"../../../Engine/Content/Internationalization/icudt64l/region/yue_CN.res" 1927
"../../../Engine/Content/Internationalization/icudt64l/region/yue_Hans_CN.res" 1928
"../../../Engine/Content/Internationalization/icudt64l/region/yue_Hans.res" 1929
"../../../Engine/Content/Internationalization/icudt64l/lang/yue_Hant.res" 1930
"../../../Engine/Content/Internationalization/icudt64l/lang/yue_HK.res" 1931
"../../../Engine/Content/Internationalization/icudt64l/lang/yue_Hant_HK.res" 1932
"../../../Engine/Content/Internationalization/icudt64l/region/yue_HK.res" 1933
"../../../Engine/Content/Internationalization/icudt64l/region/yue_Hant_HK.res" 1934
"../../../Engine/Content/Internationalization/icudt64l/region/yue_Hant.res" 1935
"../../../Engine/Content/Internationalization/icudt64l/region/yue.res" 1936
"../../../Engine/Content/Internationalization/icudt64l/lang/zgh.res" 1937
"../../../Engine/Content/Internationalization/icudt64l/region/zgh.res" 1938
"../../../Engine/Content/Internationalization/icudt64l/lang/zh.res" 1939
"../../../Engine/Content/Internationalization/icudt64l/lang/zh_Hans.res" 1940
"../../../Engine/Content/Internationalization/icudt64l/lang/zh_CN.res" 1941
"../../../Engine/Content/Internationalization/icudt64l/lang/zh_Hans_CN.res" 1942
"../../../Engine/Content/Internationalization/icudt64l/region/zh_CN.res" 1943
"../../../Engine/Content/Internationalization/icudt64l/region/zh_Hans_CN.res" 1944
"../../../Engine/Content/Internationalization/icudt64l/region/zh_Hans.res" 1945
"../../../Engine/Content/Internationalization/icudt64l/region/zh.res" 1946
"../../../Engine/Content/Internationalization/icudt64l/lang/zh_HK.res" 1947
"../../../Engine/Content/Internationalization/icudt64l/lang/zh_Hant_HK.res" 1948
"../../../Engine/Content/Internationalization/icudt64l/lang/zh_Hant.res" 1949
"../../../Engine/Content/Internationalization/icudt64l/region/zh_HK.res" 1950
"../../../Engine/Content/Internationalization/icudt64l/region/zh_Hant_HK.res" 1951
"../../../Engine/Content/Internationalization/icudt64l/region/zh_Hant.res" 1952
"../../../Engine/Content/Internationalization/icudt64l/lang/zh_MO.res" 1953
"../../../Engine/Content/Internationalization/icudt64l/lang/zh_Hant_MO.res" 1954
"../../../Engine/Content/Internationalization/icudt64l/region/zh_MO.res" 1955
"../../../Engine/Content/Internationalization/icudt64l/region/zh_Hant_MO.res" 1956
"../../../Engine/Content/Internationalization/icudt64l/lang/zh_SG.res" 1957
"../../../Engine/Content/Internationalization/icudt64l/lang/zh_Hans_SG.res" 1958
"../../../Engine/Content/Internationalization/icudt64l/region/zh_SG.res" 1959
"../../../Engine/Content/Internationalization/icudt64l/region/zh_Hans_SG.res" 1960
"../../../Engine/Content/Internationalization/icudt64l/lang/zh_TW.res" 1961
"../../../Engine/Content/Internationalization/icudt64l/lang/zh_Hant_TW.res" 1962
"../../../Engine/Content/Internationalization/icudt64l/region/zh_TW.res" 1963
"../../../Engine/Content/Internationalization/icudt64l/region/zh_Hant_TW.res" 1964
"../../../Engine/Content/Internationalization/icudt64l/lang/zu.res" 1965
"../../../Engine/Content/Internationalization/icudt64l/region/zu.res" 1966
"../../../Engine/Content/Internationalization/icudt64l/lang/no.res" 1967
"../../../Engine/Content/Internationalization/icudt64l/lang/tl.res" 1968
"../../../Engine/Config/Android/DataDrivenPlatformInfo.ini" 1969
"../../../Engine/Config/IOS/DataDrivenPlatformInfo.ini" 1970
"../../../Engine/Config/Linux/DataDrivenPlatformInfo.ini" 1971
"../../../Engine/Config/Mac/DataDrivenPlatformInfo.ini" 1972
"../../../Engine/Config/TVOS/DataDrivenPlatformInfo.ini" 1973
"../../../Engine/Config/Unix/DataDrivenPlatformInfo.ini" 1974
"../../../Engine/Config/VulkanPC/DataDrivenPlatformInfo.ini" 1975
"../../../Engine/Config/Windows/DataDrivenPlatformInfo.ini" 1976
"../../../Engine/Platforms/VisionOS/Config/DataDrivenPlatformInfo.ini" 1977
"../../../Engine/Content/Renderer/TessellationTable.bin" 1978
"../../../Engine/DerivedDataCache/Compressed.ddp" 1979
"C:/Users/?????/AppData/Local/UnrealEngine/5.6/Saved/Zen/zen.version" 1980
"C:/Users/?????/AppData/Local/UnrealEngine/Common/Zen/Install/zen.version" 1981
"C:/Users/?????/AppData/Local/UnrealEngine/Common/Zen/Install/zenserver.runcontext" 1982
"C:/Users/?????/AppData/Local/UnrealEngine/Common/DerivedDataCache/TestData/0/TestData_4kb.dat" 1983
"C:/Users/?????/AppData/Local/UnrealEngine/Common/DerivedDataCache/TestData/1/TestData_4kb.dat" 1984
"C:/Users/?????/AppData/Local/UnrealEngine/Common/DerivedDataCache/TestData/0/TestData_8kb.dat" 1985
"C:/Users/?????/AppData/Local/UnrealEngine/Common/DerivedDataCache/TestData/1/TestData_8kb.dat" 1986
"C:/Users/?????/AppData/Local/UnrealEngine/Common/DerivedDataCache/TestData/0/TestData_16kb.dat" 1987
"C:/Users/?????/AppData/Local/UnrealEngine/Common/DerivedDataCache/TestData/1/TestData_16kb.dat" 1988
"C:/Users/?????/AppData/Local/UnrealEngine/Common/DerivedDataCache/TestData/0/TestData_64kb.dat" 1989
"C:/Users/?????/AppData/Local/UnrealEngine/Common/DerivedDataCache/TestData/1/TestData_64kb.dat" 1990
"C:/Users/?????/AppData/Local/UnrealEngine/Common/DerivedDataCache/TestData/0/TestData_128kb.dat" 1991
"C:/Users/?????/AppData/Local/UnrealEngine/Common/DerivedDataCache/TestData/1/TestData_128kb.dat" 1992
"C:/Users/?????/AppData/Local/UnrealEngine/Common/DerivedDataCache/TestData/0/TestData_256kb.dat" 1993
"C:/Users/?????/AppData/Local/UnrealEngine/Common/DerivedDataCache/TestData/1/TestData_256kb.dat" 1994
"C:/Users/?????/AppData/Roaming/Unreal Engine/UnrealBuildTool/BuildConfiguration.xml" 1995
"C:/Documents/Unreal Projects/HackAndSlash/goyslop/Intermediate/ShaderAutogen/PCD3D_SM6/AutogenShaderHeaders.ush" 1996
"../../../Engine/Shaders/Private/HairStrands/HairStrandsVertexFactory.ush" 1997
"../../../Engine/Shaders/Private/VertexFactoryCommon.ush" 1998
"../../../Engine/Shaders/Private/Common.ush" 1999
"../../../Engine/Shaders/Public/Platform.ush" 2000
"../../../Engine/Shaders/Public/FP16Math.ush" 2001
"../../../Engine/Shaders/Public/Platform/D3D/D3DCommon.ush" 2002
"../../../Engine/Shaders/Shared/HLSLReservedSpaces.h" 2003
"../../../Engine/Shaders/Public/BindlessResources.ush" 2004
"../../../Engine/Shaders/Public/Platform/D3D/PlatformBindlessResources.ush" 2005
"../../../Engine/Shaders/Shared/RayTracingBuiltInResources.h" 2006
"../../../Engine/Shaders/Shared/RayTracingDefinitions.h" 2007
"../../../Engine/Shaders/Public/OverloadMacros.ush" 2008
"../../../Engine/Shaders/Public/ShaderVersion.ush" 2009
"../../../Engine/Shaders/Shared/ThirdParty/NVIDIA/nvHLSLExtns.h" 2010
"../../../Engine/Shaders/Shared/ThirdParty/NVIDIA/nvHLSLExtnsInternal.h" 2011
"../../../Engine/Shaders/Shared/ThirdParty/NVIDIA/nvShaderExtnEnums.h" 2012
"../../../Engine/Shaders/Private/PackUnpack.ush" 2013
"../../../Engine/Shaders/Private/GeneratedUniformBufferTypes.ush" 2014
"../../../Engine/Shaders/Private/Nanite/NanitePackedNaniteView.ush" 2015
"../../../Engine/Shaders/Private/HairStrands/HairStrandsVisibilityCommonStruct.ush" 2016
"../../../Engine/Shaders/Private/HairStrands/HairStrandsVoxelPageCommonStruct.ush" 2017
"../../../Engine/Shaders/Private/HairStrands/HairStrandsDeepShadowCommonStruct.ush" 2018
"../../../Engine/Shaders/Shared/LightSceneData.h" 2019
"../../../Engine/Shaders/Shared/HLSLTypeAliases.h" 2020
"../../../Engine/Shaders/Private/LargeWorldCoordinates.ush" 2021
"../../../Engine/Shaders/Private/DoubleFloat.ush" 2022
"../../../Engine/Shaders/Private/RandomPCG.ush" 2023
"../../../Engine/Shaders/Private/DoubleFloatOperations.ush" 2024
"../../../Engine/Shaders/Private/DoubleFloatVectorDefinition.ush" 2025
"../../../Engine/Shaders/Private/LWCOperations.ush" 2026
"../../../Engine/Shaders/Shared/LightViewData.h" 2027
"../../../Engine/Shaders/Shared/RayTracingTypes.h" 2028
"../../../Engine/Shaders/Shared/HLSLStaticAssert.h" 2029
"../../../Engine/Shaders/Private/CommonViewUniformBuffer.ush" 2030
"../../../Engine/Shaders/Private/InstancedStereo.ush" 2031
"../../../Engine/Shaders/Private/Definitions.usf" 2032
"../../../Engine/Shaders/Private/AssertionMacros.ush" 2033
"../../../Engine/Shaders/Private/FastMath.ush" 2034
"../../../Engine/Shaders/Private/FastMathThirdParty.ush" 2035
"../../../Engine/Shaders/Private/Random.ush" 2036
"../../../Engine/Shaders/Private/RandomInterleavedGradientNoise.ush" 2037
"../../../Engine/Shaders/Private/SceneData.ush" 2038
"../../../Engine/Shaders/Private/OctahedralCommon.ush" 2039
"../../../Engine/Shaders/Private/WaveOpUtil.ush" 2040
"../../../Engine/Shaders/Private/ByteBuffer.ush" 2041
"../../../Engine/Shaders/Shared/SceneDefinitions.h" 2042
"../../../Engine/Shaders/Private/SceneDataMobileLoader.ush" 2043
"../../../Engine/Shaders/Private/LocalVertexFactoryCommon.ush" 2044
"../../../Engine/Shaders/Private/HairStrands/HairStrandsVisibilityCommon.ush" 2045
"../../../Engine/Shaders/Shared/HairStrandsDefinitions.h" 2046
"../../../Engine/Shaders/Private/HairStrands/HairStrandsVertexFactoryCommon.ush" 2047
"../../../Engine/Shaders/Private/HairStrands/HairStrandsPack.ush" 2048
"../../../Engine/Shaders/Private/HairStrands/HairStrandsAttributeCommon.ush" 2049
"../../../Engine/Shaders/Private/HairStrands/HairStrandsAttributeTemplate.ush" 2050
"../../../Engine/Shaders/Private/VertexFactoryDefaultInterface.ush" 2051
"../../../Engine/Shaders/Private/HairStrands/HairCardsVertexFactory.ush" 2052
"../../../Engine/Shaders/Private/HairStrands/HairCardsAttributeCommon.ush" 2053
"../../../Engine/Shaders/Private/RayTracing/RayTracingCommon.ush" 2054
"../../../Engine/Shaders/Private/ShadingCommon.ush" 2055
"../../../Engine/Shaders/Shared/RayTracingPayloadType.h" 2056
"../../../Engine/Shaders/Private/RayTracing/RayTracingRayCone.ush" 2057
"../../../Engine/Shaders/Private/Substrate/Substrate.ush" 2058
"../../../Engine/Shaders/Private/ShadingEnergyConservation.ush" 2059
"../../../Engine/Shaders/Private/ShadingEnergyConservationTemplate.ush" 2060
"../../../Engine/Shaders/Private/BRDF.ush" 2061
"../../../Engine/Shaders/Private/ColorSpace.ush" 2062
"../../../Engine/Shaders/Private/DeferredShadingCommon.ush" 2063
"../../../Engine/Shaders/Private/LightAccumulator.ush" 2064
"../../../Engine/Shaders/Private/SceneTexturesCommon.ush" 2065
"../../../Engine/Shaders/Private/MonteCarlo.ush" 2066
"../../../Engine/Shaders/Private/GBufferHelpers.ush" 2067
"../../../Engine/Shaders/Private/SceneTextureParameters.ush" 2068
"../../../Engine/Shaders/Private/ParticipatingMediaCommon.ush" 2069
"../../../Engine/Shaders/Private/ThinFilmBSDF.ush" 2070
"../../../Engine/Shaders/Private/MortonCode.ush" 2071
"../../../Engine/Shaders/Private/SubsurfaceProfileCommon.ush" 2072
"../../../Engine/Shaders/Private/BurleyNormalizedSSSCommon.ush" 2073
"../../../Engine/Shaders/Private/GammaCorrectionCommon.ush" 2074
"../../../Engine/Shaders/Shared/SubstrateDefinitions.h" 2075
"../../../Engine/Shaders/Private/Substrate/SubstrateStatisticalOperators.ush" 2076
"../../../Engine/Shaders/Private/Substrate/SubstrateSubsurface.ush" 2077
"../../../Engine/Shaders/Private/TransmissionCommon.ush" 2078
"../../../Engine/Shaders/Private/Substrate/SubstrateExportCommon.ush" 2079
"../../../Engine/Shaders/Private/SpecularProfileCommon.ush" 2080
"../../../Engine/Shaders/Private/RayTracing/RayTracingCommonMetal.ush" 2081
"../../../Engine/Shaders/Private/PositionReconstructionCommon.ush" 2082
"../../../Engine/Shaders/Private/RayTracing/TraceRayInline.ush" 2083
"../../../Engine/Shaders/Private/RayTracing/TraceRayInlineCommon.ush" 2084
"../../../Engine/Shaders/Private/RayTracing/TraceRayInlineVulkan.ush" 2085
"../../../Engine/Shaders/Private/RayTracing/TraceRayInlineMetal.ush" 2086
"../../../Engine/Shaders/Private/RayTracing/TraceRayInlineD3D12.ush" 2087
"../../../Engine/Shaders/Private/RayTracing/RayTracingHitGroupCommon.ush" 2088
"../../../Engine/Shaders/Private/Nanite/NaniteRayTrace.ush" 2089
"../../../Engine/Shaders/Private/Nanite/NaniteDataDecode.ush" 2090
"../../../Engine/Shaders/Private/BitPacking.ush" 2091
"../../../Engine/Shaders/Private/BitStreamReaderImplementation.ush" 2092
"../../../Engine/Shaders/Private/BoneTransform.ush" 2093
"../../../Engine/Shaders/Private/Quaternion.ush" 2094
"../../../Engine/Shaders/Shared/NaniteDefinitions.h" 2095
"../../../Engine/Shaders/Shared/SkinningDefinitions.h" 2096
"../../../Engine/Shaders/Private/Nanite/NaniteAttributeDecode.ush" 2097
"../../../Engine/Shaders/Private/Barycentrics.ush" 2098
"../../../Engine/Shaders/Private/DualNumber.ush" 2099
"../../../Engine/Shaders/Shared/ThirdParty/RayTriangleIntersection.h" 2100
"../../../Engine/Shaders/Private/Nanite/NaniteVertexFetch.ush" 2101
"../../../Engine/Shaders/Private/Nanite/NaniteSceneCommon.ush" 2102
"../../../Engine/Plugins/FX/Niagara/Shaders/Private/NiagaraSpriteVertexFactory.ush" 2103
"../../../Engine/Shaders/Private/ParticleVertexFactoryCommon.ush" 2104
"../../../Engine/Plugins/FX/Niagara/Shaders/Private/NiagaraVFCommon.usf" 2105
"../../../Engine/Plugins/FX/Niagara/Shaders/Private/NiagaraVFParticleAccess.usf" 2106
"../../../Engine/Plugins/FX/Niagara/Shaders/Private/NiagaraParticleAccess.ush" 2107
"../../../Engine/Plugins/FX/Niagara/Shaders/Private/NiagaraRibbonVertexFactory.ush" 2108
"../../../Engine/Plugins/FX/Niagara/Shaders/Private/NiagaraMeshVertexFactory.ush" 2109
"../../../Engine/Plugins/FX/Niagara/Shaders/Private/NiagaraCommon.ush" 2110
"../../../Engine/Plugins/FX/Niagara/Shaders/Private/NiagaraMeshParticleUtils.ush" 2111
"../../../Engine/Shaders/Private/VectorFieldVisualizationVertexFactory.ush" 2112
"../../../Engine/Shaders/Private/Nanite/NaniteVertexFactory.ush" 2113
"../../../Engine/Shaders/Private/LightmapData.ush" 2114
"../../../Engine/Shaders/Private/SplineMeshCommon.ush" 2115
"../../../Engine/Shaders/Shared/SplineMeshShaderParams.h" 2116
"../../../Engine/Shaders/Private/ShaderPrint.ush" 2117
"../../../Engine/Shaders/Private/ShaderPrintCommon.ush" 2118
"../../../Engine/Shaders/Private/MiniFontCommon.ush" 2119
"../../../Engine/Shaders/Private/MaterialCache/MaterialCacheCommon.ush" 2120
"../../../Engine/Shaders/Shared/MaterialCacheDefinitions.h" 2121
"../../../Engine/Shaders/Private/Nanite/NaniteVertexDeformation.ush" 2122
"../../../Engine/Shaders/Private/ViewData.ush" 2123
"../../../Engine/Shaders/Shared/ViewDefinitions.h" 2124
"../../../Engine/Shaders/Private/Matrices.ush" 2125
"../../../Engine/Shaders/Private/ParticleSpriteVertexFactory.ush" 2126
"../../../Engine/Shaders/Private/ParticleGPUSpriteVertexFactory.ush" 2127
"../../../Engine/Shaders/Private/ParticleSimulationCommon.ush" 2128
"../../../Engine/Shaders/Private/ParticleBeamTrailVertexFactory.ush" 2129
"../../../Engine/Shaders/Private/MeshParticleVertexFactory.ush" 2130
"../../../Engine/Shaders/Private/LocalVertexFactory.ush" 2131
"../../../Engine/Shaders/Private/GpuSkinCommon.ush" 2132
"../../../Engine/Shaders/Private/GpuSkinVertexFactory.ush" 2133
"../../../Engine/Shaders/Private/GeometryCollectionVertexFactory.ush" 2134
"../../../Engine/Shaders/Private/GeometryCacheVertexFactory.ush" 2135
"../../../Engine/Shaders/Private/LandscapeVertexFactory.ush" 2136
"../../../Engine/Plugins/Experimental/Compositing/CompositeCore/Shaders/Private/CompositeCoreMerge.usf" 2137
"../../../Engine/Shaders/Private/ScreenPass.ush" 2138
"../../../Engine/Shaders/Private/LensDistortion.ush" 2139
"../../../Engine/Plugins/Experimental/Compositing/CompositeCore/Shaders/Private/CompositeCoreDisplayTransform.usf" 2140
"../../../Engine/Plugins/Experimental/Compositing/CompositeCore/Shaders/Private/CompositeCoreDilate.usf" 2141
"../../../Engine/Plugins/VirtualProduction/CameraCalibrationCore/Shaders/Private/CrosshairOverlay.usf" 2142
"../../../Engine/Plugins/VirtualProduction/CameraCalibrationCore/Shaders/Private/DisplacementMapBlending.usf" 2143
"../../../Engine/Plugins/VirtualProduction/CameraCalibrationCore/Shaders/Private/RecenterSTDisplacementMaps.usf" 2144
"../../../Engine/Plugins/VirtualProduction/CameraCalibrationCore/Shaders/Private/FillSTDisplacementMap.usf" 2145
"../../../Engine/Plugins/VirtualProduction/CameraCalibrationCore/Shaders/Private/InvertDisplacementMap.usf" 2146
"../../../Engine/Plugins/VirtualProduction/CameraCalibrationCore/Shaders/Private/CropDisplacementMap.usf" 2147
"../../../Engine/Plugins/VirtualProduction/CameraCalibrationCore/Shaders/Private/BlendDisplacementMaps.usf" 2148
"../../../Engine/Plugins/VirtualProduction/CameraCalibrationCore/Shaders/Private/DrawDisplacementMaps.usf" 2149
"../../../Engine/Plugins/VirtualProduction/CameraCalibrationCore/Shaders/Private/UndistortImagePoints.usf" 2150
"../../../Engine/Plugins/VirtualProduction/CameraCalibrationCore/Shaders/Private/DistortionSTMapProcessor.usf" 2151
"../../../Engine/Plugins/Experimental/NFORDenoise/Shaders/NFORDenoise.usf" 2152
"../../../Engine/Plugins/Experimental/NFORDenoise/Shaders/NFORRegressionCommon.ush" 2153
"../../../Engine/Plugins/Experimental/NFORDenoise/Shaders/NFORRegression.ush" 2154
"../../../Engine/Plugins/Experimental/GPULightmass/Shaders/Private/BrickAllocationManagement.usf" 2155
"../../../Engine/Plugins/Experimental/GPULightmass/Shaders/Private/BrickAllocationDefs.ush" 2156
"../../../Engine/Plugins/Experimental/GPULightmass/Shaders/Private/VolumetricLightmapVoxelization.usf" 2157
"../../../Engine/Shaders/Private/MaterialTemplate.ush" 2158
"../../../Engine/Shaders/Private/WorldSpaceMath.ush" 2159
"../../../Engine/Shaders/Private/EyeAdaptationCommon.ush" 2160
"../../../Engine/Shaders/Private/SobolRandom.ush" 2161
"../../../Engine/Shaders/Private/DepthOfFieldCommon.ush" 2162
"../../../Engine/Shaders/Private/CircleDOFCommon.ush" 2163
"../../../Engine/Shaders/Private/DistanceField/GlobalDistanceFieldShared.ush" 2164
"../../../Engine/Shaders/Private/PhysicsFieldSampler.ush" 2165
"../../../Engine/Shaders/Private/PhysicsFieldShared.ush" 2166
"../../../Engine/Shaders/Private/HairShadingCommon.ush" 2167
"../../../Engine/Shaders/Private/SparseVolumeTexture/SparseVolumeTextureCommon.ush" 2168
"../../../Engine/Shaders/Shared/EnvironmentComponentsFlags.h" 2169
"../../../Engine/Shaders/Private/MeshPaintTextureCommon.ush" 2170
"../../../Engine/Shaders/Private/VirtualTextureMaterial.ush" 2171
"../../../Engine/Shaders/Private/MaterialCache/MaterialCacheMaterialCommon.ush" 2172
"../../../Engine/Shaders/Private/MaterialCache/MaterialCacheABuffer.ush" 2173
"../../../Engine/Shaders/Private/SpeedTreeCommon.ush" 2174
"../../../Engine/Shaders/Private/VirtualTextureCommon.ush" 2175
"../../../Engine/Shaders/Private/MaterialTexture.ush" 2176
"../../../Engine/Shaders/Private/MinMaterialTexCoords.ush" 2177
"../../../Engine/Shaders/Private/SkyAtmosphereCommon.ush" 2178
"../../../Engine/Shaders/Private/SingleLayerWaterCommon.ush" 2179
"../../../Engine/Shaders/Private/TextureSampling.ush" 2180
"../../../Engine/Shaders/Private/PaniniProjection.ush" 2181
"../../../Engine/Shaders/Private/DBufferNormalReprojection.ush" 2182
"../../../Engine/Shaders/Public/SubstratePublic.ush" 2183
"../../../Engine/Shaders/Private/Substrate/SubstrateTree.ush" 2184
"../../../Engine/Shaders/Private/Substrate/SubstrateEvaluation.ush" 2185
"../../../Engine/Shaders/Private/Substrate/Glint/GlintThirdParty.ush" 2186
"../../../Engine/Shaders/Private/BlueNoise.ush" 2187
"../../../Engine/Shaders/Private/SHCommon.ush" 2188
"../../../Engine/Shaders/Private/ShadingModels.ush" 2189
"../../../Engine/Shaders/Private/CapsuleLight.ush" 2190
"../../../Engine/Shaders/Private/RectLight.ush" 2191
"../../../Engine/Shaders/Private/LightData.ush" 2192
"../../../Engine/Shaders/Shared/LightDefinitions.h" 2193
"../../../Engine/Shaders/Private/AreaLightCommon.ush" 2194
"../../../Engine/Shaders/Private/HairBsdf.ush" 2195
"../../../Engine/Shaders/Private/MobileGGX.ush" 2196
"../../../Engine/Shaders/Private/ShadingModelsSampling.ush" 2197
"../../../Engine/Shaders/Private/HairStrands/HairBsdfSample.ush" 2198
"../../../Engine/Shaders/Private/HairStrands/HairStrandsCommon.ush" 2199
"../../../Engine/Shaders/Private/HairStrands/HairStrandsDeepTransmittanceCommon.ush" 2200
"../../../Engine/Shaders/Private/HairStrands/HairStrandsDeepTransmittanceDualScattering.ush" 2201
"../../../Engine/Shaders/Private/HairStrands/HairStrandsEnvironmentLightingCommon.ush" 2202
"../../../Engine/Shaders/Private/Substrate/SubstrateLegacyConversion.ush" 2203
"../../../Engine/Shaders/Private/DBufferDecalShared.ush" 2204
"../../../Engine/Plugins/Experimental/GPULightmass/Shaders/Private/LightmapBufferClear.usf" 2205
"../../../Engine/Plugins/Experimental/GPULightmass/Shaders/Private/LightmapEncoding.ush" 2206
"../../../Engine/Plugins/Experimental/GPULightmass/Shaders/Private/BatchedTiles.ush" 2207
"../../../Engine/Plugins/Experimental/GPULightmass/Shaders/Private/LightmapOutput.usf" 2208
"../../../Engine/Plugins/Experimental/GPULightmass/Shaders/Private/FirstBounceRayGuidingCDFBuild.usf" 2209
"../../../Engine/Shaders/Private/PathTracing/Material/FirstBounceRayGuidingCommon.ush" 2210
"../../../Engine/Plugins/Experimental/GPULightmass/Shaders/Private/StaticShadowDepthMap.usf" 2211
"../../../Engine/Plugins/Experimental/GPULightmass/Shaders/Private/LightmapCommon.ush" 2212
"../../../Engine/Shaders/Private/PathTracing/PathTracingCommon.ush" 2213
"../../../Engine/Shaders/Private/PathTracing/Material/PathTracingMaterialCommon.ush" 2214
"../../../Engine/Shaders/Private/PathTracing/Utilities/PathTracingRandomSequence.ush" 2215
"../../../Engine/Shaders/Private/PathTracing/Utilities/PathTracingRIS.ush" 2216
"../../../Engine/Shaders/Shared/PathTracingDefinitions.h" 2217
"../../../Engine/Plugins/Experimental/GPULightmass/Shaders/Private/LightmapPathTracing.usf" 2218
"../../../Engine/Shaders/Private/PostProcessCommon.ush" 2219
"../../../Engine/Shaders/Private/RayTracing/RayTracingDirectionalLight.ush" 2220
"../../../Engine/Shaders/Private/RayTracing/RayTracingRectLight.ush" 2221
"../../../Engine/Shaders/Private/LightShaderParameters.ush" 2222
"../../../Engine/Shaders/Private/RayTracing/RayTracingSphereLight.ush" 2223
"../../../Engine/Shaders/Private/RayTracing/RayTracingCapsuleLight.ush" 2224
"../../../Engine/Shaders/Private/CapsuleLightSampling.ush" 2225
"../../../Engine/Shaders/Private/PathTracing/Light/PathTracingLightGrid.ush" 2226
"../../../Engine/Shaders/Private/Visualization.ush" 2227
"../../../Engine/Shaders/Private/Hash.ush" 2228
"../../../Engine/Shaders/Private/ColorMap.ush" 2229
"../../../Engine/Plugins/Experimental/GPULightmass/Shaders/Private/IrradianceCachingCommon.ush" 2230
"../../../Engine/Shaders/Private/HashTable.ush" 2231
"../../../Engine/Shaders/Private/PathTracing/Light/PathTracingLightSampling.ush" 2232
"../../../Engine/Shaders/Private/PathTracing/Light/PathTracingLightCommon.ush" 2233
"../../../Engine/Shaders/Private/PathTracing/Light/PathTracingDirectionalLight.ush" 2234
"../../../Engine/Shaders/Private/PathTracing/Light/PathTracingPointLight.ush" 2235
"../../../Engine/Shaders/Private/PathTracing/Light/PathTracingCapsuleLight.ush" 2236
"../../../Engine/Shaders/Private/IntersectionUtils.ush" 2237
"../../../Engine/Shaders/Private/PathTracing/Light/PathTracingRectLight.ush" 2238
"../../../Engine/Shaders/Private/PathTracing/Light/PathTracingSkyLight.ush" 2239
"../../../Engine/Shaders/Private/RayTracing/RayTracingSkyLightCommon.ush" 2240
"../../../Engine/Shaders/Private/PathTracing/Material/PathTracingMaterialSampling.ush" 2241
"../../../Engine/Shaders/Private/PathTracing/Material/PathTracingFresnel.ush" 2242
"../../../Engine/Shaders/Private/PathTracing/Material/PathTracingLambert.ush" 2243
"../../../Engine/Shaders/Private/PathTracing/Material/PathTracingGlossy.ush" 2244
"../../../Engine/Shaders/Private/PathTracing/Material/PathTracingSubstrate.ush" 2245
"../../../Engine/Shaders/Private/PathTracing/Material/PathTracingSubstrateCommon.ush" 2246
"../../../Engine/Shaders/Private/PathTracing/Material/PathTracingSubstrateFoliage.ush" 2247
"../../../Engine/Shaders/Private/PathTracing/Material/PathTracingSubstrateSolidGlass.ush" 2248
"../../../Engine/Shaders/Private/PathTracing/Material/PathTracingSubstrateThinGlass.ush" 2249
"../../../Engine/Shaders/Private/PathTracing/Material/PathTracingSolidGlass.ush" 2250
"../../../Engine/Shaders/Private/PathTracing/Material/PathTracingEnergyConservation.ush" 2251
"../../../Engine/Shaders/Private/PathTracing/Material/PathTracingThinGlass.ush" 2252
"../../../Engine/Shaders/Private/PathTracing/Material/PathTracingDefaultLit.ush" 2253
"../../../Engine/Shaders/Private/PathTracing/Material/PathTracingClearCoat.ush" 2254
"../../../Engine/Shaders/Private/PathTracing/Material/PathTracingTwoSidedFoliage.ush" 2255
"../../../Engine/Shaders/Private/PathTracing/Material/PathTracingCloth.ush" 2256
"../../../Engine/Shaders/Private/PathTracing/Material/PathTracingSubsurfaceProfile.ush" 2257
"../../../Engine/Shaders/Private/PathTracing/Material/PathTracingEye.ush" 2258
"../../../Engine/Shaders/Private/PathTracing/Material/PathTracingHair.ush" 2259
"../../../Engine/Shaders/Private/PathTracing/Material/PathTracingMedium.ush" 2260
"../../../Engine/Shaders/Private/PathTracing/Material/PathTracingRadianceProbe.ush" 2261
"../../../Engine/Plugins/Experimental/GPULightmass/Shaders/Private/LightmapGBuffer.usf" 2262
"../../../Engine/Plugins/Experimental/GPULightmass/Shaders/Private/IrradianceCacheVisualization.usf" 2263
"../../../Engine/Plugins/Runtime/HairStrands/Shaders/Private/NiagaraCopyVelocityGrid.usf" 2264
"../../../Engine/Plugins/Runtime/HairStrands/Shaders/Private/NiagaraClearVelocityGrid.usf" 2265
"../../../Engine/Plugins/Runtime/HairStrands/Shaders/Private/NiagaraClearPressureGrid.usf" 2266
"../../../Engine/Plugins/Runtime/HairStrands/Shaders/Private/NiagaraInterpolateGroomGuides.usf" 2267
"../../../Engine/Plugins/Runtime/HairStrands/Shaders/Private/NiagaraGroomInterpolationUtils.ush" 2268
"../../../Engine/Plugins/FX/Niagara/Shaders/Private/NiagaraQuaternionUtils.ush" 2269
"../../../Engine/Shaders/Private/HairStrands/HairStrandsMesh.usf" 2270
"../../../Engine/Shaders/Private/HairStrands/HairStrandsBindingCommon.ush" 2271
"../../../Engine/Shaders/Private/HairStrands/HairStrandsFollicleMask.usf" 2272
"../../../Engine/Shaders/Private/HairStrands/HairStrandsSkinUpdate.usf" 2273
"../../../Engine/Shaders/Private/HairStrands/HairStrandsClusterCulling.usf" 2274
"../../../Engine/Shaders/Private/HairStrands/HairStrandsAABBCommon.ush" 2275
"../../../Engine/Shaders/Private/HairStrands/HairStrandsClusterCommon.ush" 2276
"../../../Engine/Shaders/Private/ThreadGroupPrefixSum.ush" 2277
"../../../Engine/Shaders/Private/HairStrands/HairStrandsRaytracingGeometry.usf" 2278
"../../../Engine/Shaders/Private/HairStrands/HairStrandsTangent.usf" 2279
"../../../Engine/Shaders/Private/HairStrands/HairCardsDeformation.usf" 2280
"../../../Engine/Shaders/Private/HairStrands/HairStrandsInterpolation.usf" 2281
"../../../Engine/Shaders/Private/HairStrands/HairStrandsGuideDeform.usf" 2282
"../../../Engine/Shaders/Private/HairStrands/HairStrandsTexturesGeneration.usf" 2283
"../../../Engine/Shaders/Private/HairStrands/HairCardsTextureCommon.ush" 2284
"../../../Engine/Shaders/Private/HairStrands/HairStrandsTranscode.usf" 2285
"../../../Engine/Shaders/Private/HairStrands/HairStrandsDebug.usf" 2286
"../../../Engine/Shaders/Private/HairStrands/HairStrandsDeepShadowCommon.ush" 2287
"../../../Engine/Shaders/Private/HairStrands/HairStrandsDebugCommonStruct.ush" 2288
"../../../Engine/Plugins/Runtime/ComputeFramework/Shaders/Private/ComputeKernel.usf" 2289
"../../../Engine/Plugins/Runtime/ComputeFramework/Shaders/Private/ComputeKernelCommon.ush" 2290
"../../../Engine/Plugins/NNE/NNEDenoiser/Shaders/NNEDenoiserShadersTransferFunctionOidn.usf" 2291
"../../../Engine/Plugins/NNE/NNEDenoiser/Shaders/NNEDenoiserShadersMappedCopy.usf" 2292
"../../../Engine/Plugins/NNE/NNEDenoiser/Shaders/NNEDenoiserShadersDefaultIOProcess.usf" 2293
"../../../Engine/Plugins/NNE/NNEDenoiser/Shaders/NNEDenoiserShadersAutoExposureReduceFinal.usf" 2294
"../../../Engine/Plugins/NNE/NNEDenoiser/Shaders/NNEDenoiserShadersAutoExposureReduce.usf" 2295
"../../../Engine/Plugins/NNE/NNEDenoiser/Shaders/NNEDenoiserShadersAutoExposureDownsample.usf" 2296
"../../../Engine/Plugins/Media/WmfMedia/Shaders/Private/MediaHardwareVideoDecoding.usf" 2297
"../../../Engine/Shaders/Private/ColorUtils.ush" 2298
"../../../Engine/Plugins/Media/ImgMedia/Shaders/Private/ExrSwizzler.usf" 2299
"../../../Engine/Plugins/Enterprise/GLTFExporter/Shaders/Private/SimpleTexture2DPS.usf" 2300
"../../../Engine/Shaders/Private/SimpleElementNormalMapPixelShader.usf" 2301
"../../../Engine/Plugins/FX/Niagara/Shaders/Private/NiagaraVertexFactoryExport.usf" 2302
"../../../Engine/Shaders/Private/ComputeShaderUtils.ush" 2303
"../../../Engine/Plugins/FX/Niagara/Shaders/Private/NiagaraSortKeyGen.usf" 2304
"../../../Engine/Plugins/FX/Niagara/Shaders/Private/NiagaraGPURayTracingTransforms.usf" 2305
"../../../Engine/Plugins/FX/Niagara/Shaders/Private/NiagaraDrawIndirectArgsGen.usf" 2306
"../../../Engine/Plugins/FX/Niagara/Shaders/Private/NiagaraDispatchIndirectArgsGen.usf" 2307
"../../../Engine/Plugins/FX/Niagara/Shaders/Private/Stateless/NiagaraStatelessSimulationDefault.usf" 2308
"../../../Engine/Plugins/FX/Niagara/Shaders/Private/Stateless/NiagaraStatelessSimulationTemplate.ush" 2309
"../../../Engine/Plugins/FX/Niagara/Shaders/Private/Stateless/NiagaraStatelessCommon.ush" 2310
"../../../Engine/Plugins/FX/Niagara/Shaders/Shared/NiagaraStatelessDefinitions.h" 2311
"../../../Engine/Plugins/FX/Niagara/Shaders/Shared/NiagaraStatelessBuiltDistribution.h" 2312
"../../../Engine/Plugins/FX/Niagara/Shaders/Private/Stateless/NiagaraStatelessDistribution.ush" 2313
"../../../Engine/Plugins/FX/Niagara/Shaders/Private/Stateless/Modules/NiagaraStatelessModule_CalculateAccurateVelocity.ush" 2314
"../../../Engine/Plugins/FX/Niagara/Shaders/Private/Stateless/Modules/NiagaraStatelessModule_CameraOffset.ush" 2315
"../../../Engine/Plugins/FX/Niagara/Shaders/Private/Stateless/Modules/NiagaraStatelessModule_DynamicMaterialParameters.ush" 2316
"../../../Engine/Plugins/FX/Niagara/Shaders/Private/Stateless/Modules/NiagaraStatelessModule_InitializeParticle.ush" 2317
"../../../Engine/Plugins/FX/Niagara/Shaders/Private/Stateless/Modules/NiagaraStatelessModule_InitialMeshOrientation.ush" 2318
"../../../Engine/Plugins/FX/Niagara/Shaders/Private/Stateless/Modules/NiagaraStatelessModule_MeshIndex.ush" 2319
"../../../Engine/Plugins/FX/Niagara/Shaders/Private/Stateless/Modules/NiagaraStatelessModule_MeshRotationRate.ush" 2320
"../../../Engine/Plugins/FX/Niagara/Shaders/Private/Stateless/Modules/NiagaraStatelessModule_RotateAroundPoint.ush" 2321
"../../../Engine/Plugins/FX/Niagara/Shaders/Private/Stateless/Modules/NiagaraStatelessModule_ShapeLocation.ush" 2322
"../../../Engine/Plugins/FX/Niagara/Shaders/Private/Stateless/Modules/NiagaraStatelessModule_ScaleColor.ush" 2323
"../../../Engine/Plugins/FX/Niagara/Shaders/Private/Stateless/Modules/NiagaraStatelessModule_ScaleRibbonWidth.ush" 2324
"../../../Engine/Plugins/FX/Niagara/Shaders/Private/Stateless/Modules/NiagaraStatelessModule_ScaleSpriteSize.ush" 2325
"../../../Engine/Plugins/FX/Niagara/Shaders/Private/Stateless/Modules/NiagaraStatelessModule_ScaleSpriteSizeBySpeed.ush" 2326
"../../../Engine/Plugins/FX/Niagara/Shaders/Private/Stateless/Modules/NiagaraStatelessModule_ScaleMeshSize.ush" 2327
"../../../Engine/Plugins/FX/Niagara/Shaders/Private/Stateless/Modules/NiagaraStatelessModule_ScaleMeshSizebySpeed.ush" 2328
"../../../Engine/Plugins/FX/Niagara/Shaders/Private/Stateless/Modules/NiagaraStatelessModule_SolveVelocitiesAndForces.ush" 2329
"../../../Engine/Plugins/FX/Niagara/Shaders/Private/Stateless/Modules/NiagaraStatelessModule_SpriteFacingAndAlignment.ush" 2330
"../../../Engine/Plugins/FX/Niagara/Shaders/Private/Stateless/Modules/NiagaraStatelessModule_SpriteRotationRate.ush" 2331
"../../../Engine/Plugins/FX/Niagara/Shaders/Private/Stateless/Modules/NiagaraStatelessModule_SubUVAnimation.ush" 2332
"../../../Engine/Plugins/FX/Niagara/Shaders/Private/NiagaraBlendSVTsToDenseBuffer.usf" 2333
"../../../Engine/Plugins/FX/Niagara/Shaders/Private/NiagaraSVTToDenseBuffer.usf" 2334
"../../../Engine/Plugins/FX/Niagara/Shaders/Private/NiagaraFillIntBuffer.usf" 2335
"../../../Engine/Plugins/FX/Niagara/Shaders/Private/NiagaraComputeFreeIDs.usf" 2336
"../../../Engine/Plugins/FX/Niagara/Shaders/Private/NiagaraInitFreeIDBuffer.usf" 2337
"../../../Engine/Plugins/FX/Niagara/Shaders/Private/NiagaraEmitterInstanceShader.usf" 2338
"../../../Engine/Plugins/FX/Niagara/Shaders/Private/NiagaraShaderVersion.ush" 2339
"../../../Engine/Plugins/FX/Niagara/Shaders/Private/NiagaraPhysicsCommon.ush" 2340
"../../../Engine/Plugins/FX/Niagara/Shaders/Private/Ribbons/NiagaraRibbonAggregationApply.usf" 2341
"../../../Engine/Plugins/FX/Niagara/Shaders/Private/Ribbons/NiagaraRibbonCommon.ush" 2342
"../../../Engine/Plugins/FX/Niagara/Shaders/Private/Ribbons/NiagaraRibbonAggregationStep.usf" 2343
"../../../Engine/Plugins/FX/Niagara/Shaders/Private/Ribbons/NiagaraRibbonGenerateIndices.usf" 2344
"../../../Engine/Plugins/FX/Niagara/Shaders/Private/Ribbons/NiagaraRibbonInitializeIndices.usf" 2345
"../../../Engine/Plugins/FX/Niagara/Shaders/Private/Ribbons/NiagaraRibbonRibbonUVParamCalculation.usf" 2346
"../../../Engine/Plugins/FX/Niagara/Shaders/Private/Ribbons/NiagaraRibbonVertexReductionFinalization.usf" 2347
"../../../Engine/Plugins/FX/Niagara/Shaders/Private/Ribbons/NiagaraRibbonVertexReductionInitialization.usf" 2348
"../../../Engine/Plugins/FX/Niagara/Shaders/Private/Ribbons/NiagaraRibbonSortParticles.usf" 2349
"../../../Engine/Plugins/FX/Niagara/Shaders/Private/NiagaraLWCHelper.usf" 2350
"../../../Engine/Plugins/FX/Niagara/Shaders/Private/NiagaraUpdateMeshGPUSceneInstances.usf" 2351
"../../../Engine/Shaders/Private/GPUScene/GPUSceneWriter.ush" 2352
"../../../Engine/Plugins/FX/Niagara/Shaders/Private/NiagaraGenerateMips.usf" 2353
"../../../Engine/Plugins/FX/Niagara/Shaders/Private/NiagaraDebugDraw.usf" 2354
"../../../Engine/Plugins/FX/Niagara/Shaders/Private/NiagaraDebugDraw.ush" 2355
"../../../Engine/Plugins/FX/Niagara/Shaders/Private/NiagaraVisualizeTexture.usf" 2356
"../../../Engine/Plugins/FX/Niagara/Shaders/Private/NiagaraClearCounts.usf" 2357
"../../../Engine/Plugins/FX/Niagara/Shaders/Private/NiagaraBatchedElements.usf" 2358
"../../../Engine/Plugins/FX/Niagara/Shaders/Private/NiagaraRayTracingShaders.usf" 2359
"../../../Engine/Plugins/FX/Niagara/Shaders/Private/NiagaraAsyncGpuTraceCommon.ush" 2360
"../../../Engine/Shaders/Private/RayTracing/VFXTraceRay.ush" 2361
"../../../Engine/Plugins/FX/Niagara/Shaders/Private/NiagaraRayMarchingShaders.usf" 2362
"../../../Engine/Plugins/FX/Niagara/Shaders/Private/NiagaraRayTraceCollisionGroupShaders.usf" 2363
"../../../Engine/Plugins/FX/Niagara/Shaders/Private/NiagaraAsyncGpuTraceUtils.usf" 2364
"../../../Engine/Shaders/Private/VirtualTextureAdapter.usf" 2365
"../../../Engine/Shaders/Private/BlockCompressionCommon.ush" 2366
"../../../Engine/Shaders/Private/BCCompressionCommon.ush" 2367
"../../../Engine/Shaders/Private/TranslucentLightingShaders.usf" 2368
"../../../Engine/Shaders/Private/CubemapCommon.ush" 2369
"../../../Engine/Shaders/Private/VectorFieldCompositeShaders.usf" 2370
"../../../Engine/Shaders/Private/UpdateTextureShaders.usf" 2371
"../../../Engine/Shaders/Private/StereoLayerShader.usf" 2372
"../../../Engine/Shaders/Private/SparseVolumeTexture/UpdateSparseVolumeTexture.usf" 2373
"../../../Engine/Shaders/Private/MorphTargets.usf" 2374
"../../../Engine/Shaders/Private/SimpleElementColorChannelMaskPixelShader.usf" 2375
"../../../Engine/Shaders/Private/SimpleElementHitProxyPixelShader.usf" 2376
"../../../Engine/Shaders/Private/SimpleElementPixelShader.usf" 2377
"../../../Engine/Shaders/Private/IESLightProfilesCommon.ush" 2378
"../../../Engine/Shaders/Private/SimpleElementVertexShader.usf" 2379
"../../../Engine/Shaders/Private/ScreenPixelShaderOES.usf" 2380
"../../../Engine/Shaders/Private/ScreenVertexShader.usf" 2381
"../../../Engine/Shaders/Private/ScreenPixelShader.usf" 2382
"../../../Engine/Shaders/Private/SSProfilePreIntegratedMobile.usf" 2383
"../../../Engine/Shaders/Private/SpecularProfile.usf" 2384
"../../../Engine/Shaders/Private/Nanite/NaniteStreaming.usf" 2385
"../../../Engine/Shaders/Private/Nanite/NaniteStreaming.ush" 2386
"../../../Engine/Shaders/Private/Nanite/NaniteTranscode.usf" 2387
"../../../Engine/Shaders/Private/VolumetricLightmapStreaming.usf" 2388
"../../../Engine/Shaders/Private/PhysicsFieldReset.usf" 2389
"../../../Engine/Shaders/Private/PhysicsFieldBuilder.usf" 2390
"../../../Engine/Shaders/Private/PhysicsFieldEval.ush" 2391
"../../../Engine/Shaders/Private/ParticleSortKeyGen.usf" 2392
"../../../Engine/Shaders/Private/ParticleBoundsShader.usf" 2393
"../../../Engine/Shaders/Private/ParticleSimVisualizeShader.usf" 2394
"../../../Engine/Shaders/Private/ParticleInjectionShader.usf" 2395
"../../../Engine/Shaders/Private/ParticleSimulationShader.usf" 2396
"../../../Engine/Shaders/Private/ParticleCurveInjectionShader.usf" 2397
"../../../Engine/Shaders/Private/CopyUIntBuffer.usf" 2398
"../../../Engine/Shaders/Private/RadixSortShaders.usf" 2399
"../../../Engine/Shaders/Private/RecomputeTangentsPerVertexPass.usf" 2400
"../../../Engine/Shaders/Private/RecomputeTangentsCommon.ush" 2401
"../../../Engine/Shaders/Private/RecomputeTangentsPerTrianglePass.usf" 2402
"../../../Engine/Shaders/Private/GpuSkinCacheComputeShader.usf" 2403
"../../../Engine/Shaders/Private/HeightFieldAtlasManagement.usf" 2404
"../../../Engine/Shaders/Private/Landscape/LandscapeEditLayersUtils.usf" 2405
"../../../Engine/Shaders/Private/Landscape/LandscapeCommon.ush" 2406
"../../../Engine/Shaders/Private/Landscape/LandscapeEditLayersWeightmaps.usf" 2407
"../../../Engine/Shaders/Private/Landscape/LandscapeEditLayersHeightmaps.usf" 2408
"../../../Engine/Shaders/Private/Landscape/LandscapeLayersWeightmapsPS.usf" 2409
"../../../Engine/Shaders/Private/Landscape/LandscapeLayersHeightmapsPS.usf" 2410
"../../../Engine/Shaders/Private/LandscapeLayersCS.usf" 2411
"../../../Engine/Shaders/Private/LandscapeLayersPS.usf" 2412
"../../../Engine/Shaders/Private/LandscapeLayersVS.usf" 2413
"../../../Engine/Shaders/Private/LandscapePhysicalMaterial.usf" 2414
"../../../Engine/Shaders/Private/LandscapeGrassWeight.usf" 2415
"../../../Engine/Shaders/Private/Landscape/LandscapeCulling.usf" 2416
"../../../Engine/Shaders/Private/Nanite/NaniteHZBCull.ush" 2417
"../../../Engine/Shaders/Private/HZB.ush" 2418
"../../../Engine/Shaders/Private/Landscape/LandscapeMergeTexturesPS.usf" 2419
"../../../Engine/Shaders/Private/WideCustomResolveShaders.usf" 2420
"../../../Engine/Shaders/Private/WideCustomResolve_Wide.ush" 2421
"../../../Engine/Shaders/Private/WideCustomResolve_Wider.ush" 2422
"../../../Engine/Shaders/Private/WideCustomResolve_Widest.ush" 2423
"../../../Engine/Shaders/Private/WaterInfoTextureBlur.usf" 2424
"../../../Engine/Shaders/Private/WaterInfoTextureMerge.usf" 2425
"../../../Engine/Shaders/Private/PageTableUpdate.usf" 2426
"../../../Engine/Shaders/Private/VirtualTextureCompress.usf" 2427
"../../../Engine/Shaders/Private/ASTCCompressionCommon.ush" 2428
"../../../Engine/Shaders/Private/IntegerSequenceEncoding.ush" 2429
"../../../Engine/Shaders/Private/ETCCompressionCommon.ush" 2430
"../../../Engine/Shaders/Private/VirtualTextureMaterial.usf" 2431
"../../../Engine/Shaders/Private/PixelShaderOutputCommon.ush" 2432
"../../../Engine/Shaders/Private/ShaderOutputCommon.ush" 2433
"../../../Engine/Shaders/Private/VolumetricRenderTarget.usf" 2434
"../../../Engine/Shaders/Private/HeightFogCommon.ush" 2435
"../../../Engine/Shaders/Private/LocalFogVolumes/LocalFogVolumeCommon.ush" 2436
"../../../Engine/Shaders/Private/ReflectionEnvironmentShared.ush" 2437
"../../../Engine/Shaders/Private/VolumetricFogVoxelization.usf" 2438
"../../../Engine/Shaders/Private/VolumetricCloudMaterialPixelCommon.ush" 2439
"../../../Engine/Shaders/Private/VolumetricFogLightFunction.usf" 2440
"../../../Engine/Shaders/Private/LightFunctionCommon.ush" 2441
"../../../Engine/Shaders/Private/VolumetricFog.usf" 2442
"../../../Engine/Shaders/Private/DeferredLightingCommon.ush" 2443
"../../../Engine/Shaders/Private/DynamicLightingCommon.ush" 2444
"../../../Engine/Shaders/Private/CapsuleLightIntegrate.ush" 2445
"../../../Engine/Shaders/Private/RectLightIntegrate.ush" 2446
"../../../Engine/Shaders/Private/ScreenSpaceShadowRayCast.ush" 2447
"../../../Engine/Shaders/Private/LightFunctionAtlas/LightFunctionAtlasCommon.usf" 2448
"../../../Engine/Shaders/Private/HeterogeneousVolumes/HeterogeneousVolumesAdaptiveVolumetricShadowMapSampling.ush" 2449
"../../../Engine/Shaders/Private/HeterogeneousVolumes/HeterogeneousVolumesAdaptiveVolumetricShadowMapUtils.ush" 2450
"../../../Engine/Shaders/Private/HeterogeneousVolumes/HeterogeneousVolumesRayMarchingUtils.ush" 2451
"../../../Engine/Shaders/Private/HeterogeneousVolumes/HeterogeneousVolumesRayMarchingTypes.ush" 2452
"../../../Engine/Shaders/Private/HeterogeneousVolumes/HeterogeneousVolumesTracingUtils.ush" 2453
"../../../Engine/Shaders/Private/VelocityCommon.ush" 2454
"../../../Engine/Shaders/Private/HeterogeneousVolumes/HeterogeneousVolumesTransmittanceVolumeUtils.ush" 2455
"../../../Engine/Shaders/Private/ForwardShadowingCommon.ush" 2456
"../../../Engine/Shaders/Private/ShadowFilteringCommon.ush" 2457
"../../../Engine/Shaders/Private/PixelQuadMessagePassing.ush" 2458
"../../../Engine/Shaders/Private/VolumeLightingCommon.ush" 2459
"../../../Engine/Shaders/Private/ShadowProjectionCommon.ush" 2460
"../../../Engine/Shaders/Private/VolumeLightingCommonSampling.ush" 2461
"../../../Engine/Shaders/Private/Lumen/LumenTranslucencyVolumeShared.ush" 2462
"../../../Engine/Shaders/Private/Lumen/LumenRadianceCacheInterpolation.ush" 2463
"../../../Engine/Shaders/Private/HeterogeneousVolumes/HeterogeneousVolumesAdaptiveVolumetricShadowMapSampler.ush" 2464
"../../../Engine/Shaders/Private/LightGridCommon.ush" 2465
"../../../Engine/Shaders/Private/DistanceFieldAOShared.ush" 2466
"../../../Engine/Shaders/Private/VolumetricLightmapShared.ush" 2467
"../../../Engine/Shaders/Private/LightDataUniforms.ush" 2468
"../../../Engine/Shaders/Private/VirtualShadowMaps/VirtualShadowMapProjectionCommon.ush" 2469
"../../../Engine/Shaders/Private/VirtualShadowMaps/VirtualShadowMapPageAccessCommon.ush" 2470
"../../../Engine/Shaders/Shared/VirtualShadowMapDefinitions.h" 2471
"../../../Engine/Shaders/Shared/HLSLMathAliases.h" 2472
"../../../Engine/Shaders/Private/VirtualShadowMaps/VirtualShadowMapProjectionStructs.ush" 2473
"../../../Engine/Shaders/Private/VolumetricCloudCommon.ush" 2474
"../../../Engine/Shaders/Private/VolumetricCloud.usf" 2475
"../../../Engine/Shaders/Private/VisualizeVolumetricLightmap.usf" 2476
"../../../Engine/Shaders/Private/VirtualShadowMaps/VirtualShadowMapProjectionComposite.usf" 2477
"../../../Engine/Shaders/Private/VirtualShadowMaps/VirtualShadowMapMaskBitsCommon.ush" 2478
"../../../Engine/Shaders/Private/VirtualShadowMaps/VirtualShadowMapLightGrid.ush" 2479
"../../../Engine/Shaders/Private/VirtualShadowMaps/VirtualShadowMapProjection.usf" 2480
"../../../Engine/Shaders/Private/VirtualShadowMaps/VirtualShadowMapProjectionFilter.ush" 2481
"../../../Engine/Shaders/Private/VirtualShadowMaps/VirtualShadowMapProjectionDirectional.ush" 2482
"../../../Engine/Shaders/Private/VirtualShadowMaps/VirtualShadowMapSMRTCommon.ush" 2483
"../../../Engine/Shaders/Private/VirtualShadowMaps/VirtualShadowMapSMRTTemplate.ush" 2484
"../../../Engine/Shaders/Private/VirtualShadowMaps/VirtualShadowMapProjectionSpot.ush" 2485
"../../../Engine/Shaders/Private/VirtualShadowMaps/VirtualShadowMapTransmissionCommon.ush" 2486
"../../../Engine/Shaders/Private/VirtualShadowMaps/VirtualShadowMapScreenRayTrace.ush" 2487
"../../../Engine/Shaders/Private/VirtualShadowMaps/VirtualShadowMapStats.ush" 2488
"../../../Engine/Shaders/Private/HairStrands/HairStrandsVoxelPageCommon.ush" 2489
"../../../Engine/Shaders/Private/HairStrands/HairStrandsVoxelPageTraversal.ush" 2490
"../../../Engine/Shaders/Private/VirtualShadowMaps/VirtualShadowMapCacheGPUInvalidation.usf" 2491
"../../../Engine/Shaders/Private/VirtualShadowMaps/VirtualShadowMapPageCacheCommon.ush" 2492
"../../../Engine/Shaders/Private/VirtualShadowMaps/VirtualShadowMapCacheInvalidation.ush" 2493
"../../../Engine/Shaders/Private/VirtualShadowMaps/VirtualShadowMapPageOverlap.ush" 2494
"../../../Engine/Shaders/Private/ScreenSpaceDenoise/SSDDefinitions.ush" 2495
"../../../Engine/Shaders/Private/InstanceCulling/InstanceCullingLoadBalancer.ush" 2496
"../../../Engine/Shaders/Private/VirtualShadowMaps/VirtualShadowMapCacheLoadBalancer.usf" 2497
"../../../Engine/Shaders/Private/VirtualShadowMaps/VirtualShadowMapCopyStats.usf" 2498
"../../../Engine/Shaders/Private/VirtualShadowMaps/VirtualShadowMapDebug.usf" 2499
"../../../Engine/Shaders/Private/VirtualShadowMaps/Desaturate.usf" 2500
"../../../Engine/Shaders/Private/VirtualShadowMaps/VirtualShadowMapPhysicalPageManagement.usf" 2501
"../../../Engine/Shaders/Private/ReductionCommon.ush" 2502
"../../../Engine/Shaders/Private/GPUMessaging.ush" 2503
"../../../Engine/Shaders/Private/VirtualShadowMaps/VirtualShadowMapPerPageDispatch.ush" 2504
"../../../Engine/Shaders/Private/VirtualShadowMaps/VirtualShadowMapCompactViews.usf" 2505
"../../../Engine/Shaders/Shared/SceneCullingDefinitions.h" 2506
"../../../Engine/Shaders/Private/VirtualShadowMaps/VirtualShadowMapBuildPerPageDrawCommands.usf" 2507
"../../../Engine/Shaders/Private/Nanite/NaniteCullingCommon.ush" 2508
"../../../Engine/Shaders/Private/Nanite/NaniteCulling.ush" 2509
"../../../Engine/Shaders/Private/Nanite/NaniteHierarchyTraversalCommon.ush" 2510
"../../../Engine/Shaders/Private/InstanceCulling/InstanceCullingCommon.ush" 2511
"../../../Engine/Shaders/Shared/InstanceCullingDefinitions.h" 2512
"../../../Engine/Shaders/Private/VirtualShadowMaps/VirtualShadowMapPrintStats.usf" 2513
"../../../Engine/Shaders/Private/VirtualShadowMaps/VirtualShadowMapPageManagement.usf" 2514
"../../../Engine/Shaders/Private/VirtualShadowMaps/VirtualShadowMapPageMarking.usf" 2515
"../../../Engine/Shaders/Shared/SingleLayerWaterDefinitions.h" 2516
"../../../Engine/Shaders/Private/HairStrands/HairStrandsTileCommon.ush" 2517
"../../../Engine/Shaders/Private/Froxel/Froxel.ush" 2518
"../../../Engine/Shaders/Shared/FroxelDefinitions.h" 2519
"../../../Engine/Shaders/Private/DiaphragmDOF/DOFCommon.ush" 2520
"../../../Engine/Shaders/Private/VariableRateShading/VRSShadingRatePreview.usf" 2521
"../../../Engine/Shaders/Private/VariableRateShading/VRSShadingRateCommon.ush" 2522
"../../../Engine/Shaders/Private/VariableRateShading/VRSShadingRateCombine.usf" 2523
"../../../Engine/Shaders/Private/VariableRateShading/VRSShadingRateFoveated.usf" 2524
"../../../Engine/Shaders/Private/VariableRateShading/VRSShadingRateReproject.usf" 2525
"../../../Engine/Shaders/Private/VariableRateShading/VRSShadingRateCalculate.usf" 2526
"../../../Engine/Shaders/Private/TranslucencyUpsampling.usf" 2527
"../../../Engine/Shaders/Private/ComposeSeparateTranslucency.usf" 2528
"../../../Engine/Shaders/Private/SeparateTranslucency.ush" 2529
"../../../Engine/Shaders/Private/TranslucentLightInjectionShaders.usf" 2530
"../../../Engine/Shaders/Private/TranslucentShadowDepthShaders.usf" 2531
"../../../Engine/Shaders/Private/ShadowDepthCommon.ush" 2532
"../../../Engine/Shaders/Private/RayTracing/RayTracingTest.usf" 2533
"../../../Engine/Shaders/Private/PostprocessSubsurfaceTile.usf" 2534
"../../../Engine/Shaders/Private/PostProcessSubsurfaceCommon.ush" 2535
"../../../Engine/Shaders/Private/Substrate/SubstrateVisualize.usf" 2536
"../../../Engine/Shaders/Private/Substrate/SubstrateTile.ush" 2537
"../../../Engine/Shaders/Shared/SubstrateVisualizeDefinitions.h" 2538
"../../../Engine/Shaders/Private/Substrate/SubstrateVisualizeCommon.ush" 2539
"../../../Engine/Shaders/Private/SkyLightingDiffuseShared.ush" 2540
"../../../Engine/Shaders/Private/SkyLightingShared.ush" 2541
"../../../Engine/Shaders/Private/ClearCoatCommon.ush" 2542
"../../../Engine/Shaders/Private/ReflectionEnvironmentComposite.ush" 2543
"../../../Engine/Shaders/Private/Substrate/SubstrateLightingCommon.ush" 2544
"../../../Engine/Shaders/Private/Substrate/SubstrateRoughRefraction.usf" 2545
"../../../Engine/Shaders/Private/Substrate/SubstrateMaterialSampling.usf" 2546
"../../../Engine/Shaders/Private/Substrate/SubstrateMaterialSampling.ush" 2547
"../../../Engine/Shaders/Private/Lumen/LumenPosition.ush" 2548
"../../../Engine/Shaders/Private/Substrate/SubstrateTile.usf" 2549
"../../../Engine/Shaders/Private/Substrate/SubstrateMaterialClassification.usf" 2550
"../../../Engine/Shaders/Private/Substrate/SubstrateDBuffer.usf" 2551
"../../../Engine/Shaders/Private/StochasticLighting/StochasticLightingDenoising.usf" 2552
"../../../Engine/Shaders/Private/Lumen/LumenMaterial.ush" 2553
"../../../Engine/Shaders/Private/StochasticLighting/StochasticLightingCommon.ush" 2554
"../../../Engine/Shaders/Private/SplineMeshSceneTexture.usf" 2555
"../../../Engine/Shaders/Private/SparseVolumeTexture/VisualizeSparseVolumeTexture.usf" 2556
"../../../Engine/Shaders/Private/SkyAtmosphere.usf" 2557
"../../../Engine/Shaders/Private/Skinning/SkinnedMeshDebug.usf" 2558
"../../../Engine/Shaders/Private/Skinning/AnimBankEval.usf" 2559
"../../../Engine/Shaders/Private/SingleLayerWaterComposite.usf" 2560
"../../../Engine/Shaders/Private/Froxel/FroxelBuild.ush" 2561
"../../../Engine/Shaders/Private/SingleLayerWaterRefractionCulling.usf" 2562
"../../../Engine/Shaders/Private/ScreenSpaceShadows.usf" 2563
"../../../Engine/Shaders/Private/bend_sss_gpu.ush" 2564
"../../../Engine/Shaders/Private/ShadowFactorsUpsampleCommon.ush" 2565
"../../../Engine/Shaders/Private/FirstPersonSelfShadow.usf" 2566
"../../../Engine/Shaders/Private/HZBTracing.ush" 2567
"../../../Engine/Shaders/Private/ShadowProjectionVertexShader.usf" 2568
"../../../Engine/Shaders/Private/ShadowProjectionPixelShader.usf" 2569
"../../../Engine/Shaders/Private/MobileLightingCommon.ush" 2570
"../../../Engine/Shaders/Private/PlanarReflectionShared.ush" 2571
"../../../Engine/Shaders/Private/MobileSSR.ush" 2572
"../../../Engine/Shaders/Private/SSRT/SSRTRayCast.ush" 2573
"../../../Engine/Shaders/Private/ShadowPercentageCloserFiltering.ush" 2574
"../../../Engine/Shaders/Private/TransmissionThickness.ush" 2575
"../../../Engine/Shaders/Private/CopyShadowMaps.usf" 2576
"../../../Engine/Shaders/Private/ShadowDepthPixelShader.usf" 2577
"../../../Engine/Shaders/Private/ShadowDepthVertexShader.usf" 2578
"../../../Engine/Shaders/Private/ShadingEnergyConservationTable.usf" 2579
"../../../Engine/Shaders/Private/ShadingFurnaceTest.usf" 2580
"../../../Engine/Shaders/Private/Substrate/SubstrateDeferredLighting.ush" 2581
"../../../Engine/Shaders/Private/ShaderPrintDraw.usf" 2582
"../../../Engine/Shaders/Private/ShaderPrintDrawPrimitive.usf" 2583
"../../../Engine/Shaders/Private/DefaultSSRTiles.usf" 2584
"../../../Engine/Shaders/Private/ScreenSpaceReflectionTileCommons.ush" 2585
"../../../Engine/Shaders/Private/SSRT/SSRTDiffuseIndirect.usf" 2586
"../../../Engine/Shaders/Private/SSRT/SSRTTileClassificationBuffer.ush" 2587
"../../../Engine/Shaders/Private/SSRT/SSRTReflections.usf" 2588
"../../../Engine/Shaders/Private/ScreenSpaceDenoise/SSDPublic.ush" 2589
"../../../Engine/Shaders/Private/SSRT/SSRTTileClassification.usf" 2590
"../../../Engine/Shaders/Private/SSRT/SSRTPrevFrameReduction.usf" 2591
"../../../Engine/Shaders/Private/ScreenSpaceDenoise/SSDComposeHarmonics.usf" 2592
"../../../Engine/Shaders/Private/ScreenSpaceDenoise/SSDPublicHarmonics.ush" 2593
"../../../Engine/Shaders/Private/ScreenSpaceDenoise/SSDSignalFramework.ush" 2594
"../../../Engine/Shaders/Private/ScreenSpaceDenoise/SSDCommon.ush" 2595
"../../../Engine/Shaders/Private/SphericalGaussian.ush" 2596
"../../../Engine/Shaders/Public/WaveBroadcastIntrinsics.ush" 2597
"../../../Engine/Shaders/Private/ScreenSpaceDenoise/SSDMetadata.ush" 2598
"../../../Engine/Shaders/Private/ScreenSpaceDenoise/SSDSignalCore.ush" 2599
"../../../Engine/Shaders/Private/ScreenSpaceDenoise/DenoisingCommon.ush" 2600
"../../../Engine/Shaders/Private/ScreenSpaceDenoise/SSDSignalArray.ush" 2601
"../../../Engine/Shaders/Private/ScreenSpaceDenoise/SSDSignalBufferEncoding.ush" 2602
"../../../Engine/Shaders/Private/ScreenSpaceDenoise/SSDPublicBufferEncoding.ush" 2603
"../../../Engine/Shaders/Private/Lumen/LumenBufferEncoding.ush" 2604
"../../../Engine/Shaders/Private/ScreenSpaceDenoise/SSDTemporalAccumulation.usf" 2605
"../../../Engine/Shaders/Private/ScreenSpaceDenoise/SSDSpatialKernel.ush" 2606
"../../../Engine/Shaders/Private/ScreenSpaceDenoise/SSDSignalAccumulatorArray.ush" 2607
"../../../Engine/Shaders/Private/ScreenSpaceDenoise/SSDSignalAccumulator.ush" 2608
"../../../Engine/Shaders/Private/ScreenSpaceDenoise/SSDSignalCompression.ush" 2609
"../../../Engine/Shaders/Private/ScreenSpaceDenoise/SSDSpatialAccumulation.usf" 2610
"../../../Engine/Shaders/Private/ScreenSpaceDenoise/SSDInjest.usf" 2611
"../../../Engine/Shaders/Private/ScreenSpaceDenoise/SSDCompressMetadata.usf" 2612
"../../../Engine/Shaders/Private/DownsampleDepthPixelShader.usf" 2613
"../../../Engine/Shaders/Private/ScreenPass.usf" 2614
"../../../Engine/Shaders/Private/HZB.usf" 2615
"../../../Engine/Shaders/Private/OcclusionFeedbackShaders.usf" 2616
"../../../Engine/Shaders/Private/HZBOcclusion.usf" 2617
"../../../Engine/Shaders/Private/OcclusionQueryPixelShader.usf" 2618
"../../../Engine/Shaders/Private/OcclusionQueryVertexShader.usf" 2619
"../../../Engine/Shaders/Private/HitProxyCopy.usf" 2620
"../../../Engine/Shaders/Private/HitProxyPixelShader.usf" 2621
"../../../Engine/Shaders/Private/HitProxyVertexShader.usf" 2622
"../../../Engine/Shaders/Private/SceneCulling/SceneCullingDebugRender.usf" 2623
"../../../Engine/Shaders/Private/SceneCulling/SceneCulling.ush" 2624
"../../../Engine/Shaders/Private/SceneCulling/SceneCullingBuildExplicitBounds.usf" 2625
"../../../Engine/Shaders/Private/SceneCapturePixelShader.usf" 2626
"../../../Engine/Shaders/Private/RendererUtils.usf" 2627
"../../../Engine/Shaders/Private/RTWriteMaskDecode.usf" 2628
"../../../Engine/Shaders/Private/ReflectionEnvironmentShaders.usf" 2629
"../../../Engine/Shaders/Private/RectLightAtlas.usf" 2630
"../../../Engine/Shaders/Private/RayTracing/TraceRayInlineStatistics.usf" 2631
"../../../Engine/Shaders/Private/RayTracing/CompositeSkyLightPS.usf" 2632
"../../../Engine/Shaders/Private/RayTracing/GenerateSkyLightVisibilityRaysCS.usf" 2633
"../../../Engine/Shaders/Private/RayTracing/SkyLightVisibilityRaysData.ush" 2634
"../../../Engine/Shaders/Private/Raytracing/RaytracingSkylightRGS.usf" 2635
"../../../Engine/Shaders/Private/HairStrands/HairStrandsRaytracing.ush" 2636
"../../../Engine/Shaders/Private/Raytracing/RayTracingSkyLightEvaluation.ush" 2637
"../../../Engine/Shaders/Private/Raytracing/RayTracingDeferredShadingCommon.ush" 2638
"../../../Engine/Shaders/Private/RayTracing/RayTracingOcclusionRGS.usf" 2639
"../../../Engine/Shaders/Private/Raytracing/RayTracingFeedback.usf" 2640
"../../../Engine/Shaders/Shared/RayTracingDebugTypes.h" 2641
"../../../Engine/Shaders/Private/RayTracing/RayTracingPrimaryRays.usf" 2642
"../../../Engine/Shaders/Private/RayTracing/RayTracingLightingCommon.ush" 2643
"../../../Engine/Shaders/Private/RayTracing/RayTracingLightCullingCommon.ush" 2644
"../../../Engine/Shaders/Private/RayTracing/RayTracingMaterialDefaultHitShaders.usf" 2645
"../../../Engine/Shaders/Private/RayTracing/RayTracingMaterialHitShaders.usf" 2646
"../../../Engine/Shaders/Private/RayTracing/RayTracingShaderUtils.ush" 2647
"../../../Engine/Shaders/Private/RayTracing/RayTracingCalcInterpolants.ush" 2648
"../../../Engine/Shaders/Private/LightmapCommon.ush" 2649
"../../../Engine/Shaders/Private/Lumen/LumenHardwareRayTracingPayloadCommon.ush" 2650
"../../../Engine/Shaders/Shared/LumenDefinitions.h" 2651
"../../../Engine/Shaders/Private/Substrate/SubstrateExport.ush" 2652
"../../../Engine/Shaders/Private/RayTracing/RayTracingLightingMS.usf" 2653
"../../../Engine/Shaders/Private/Lumen/LumenDiffuseColorBoost.ush" 2654
"../../../Engine/Shaders/Private/RayTracing/RayTracingLightFunctionCommon.ush" 2655
"../../../Engine/Shaders/Private/RayTracing/RayTracingBuildLightGrid.usf" 2656
"../../../Engine/Shaders/Private/Raytracing/RayTracingInstanceBufferUtil.usf" 2657
"../../../Engine/Shaders/Private/RayTracing/RayTracingDynamicMesh.usf" 2658
"../../../Engine/Shaders/Private/RayTracing/RayTracingDefaultDecalHitShader.usf" 2659
"../../../Engine/Shaders/Private/RayTracing/RayTracingDecalMaterialShader.usf" 2660
"../../../Engine/Shaders/Private/PathTracing/PathTracingShaderUtils.ush" 2661
"../../../Engine/Shaders/Private/RayTracing/RayTracingBuildDecalGrid.usf" 2662
"../../../Engine/Shaders/Private/RayTracing/RayTracingDebugHitStatsUtils.usf" 2663
"../../../Engine/Shaders/Private/RayTracing/RayTracingDebugInstanceOverlap.usf" 2664
"../../../Engine/Shaders/Private/RayTracing/RayTracingDebugPicking.usf" 2665
"../../../Engine/Shaders/Private/RayTracing/RayTracingDebugUtils.ush" 2666
"../../../Engine/Shaders/Private/RayTracing/RayTracingDebugTraversal.usf" 2667
"../../../Engine/Shaders/Private/RayTracing/RayTracingDeferredMaterials.ush" 2668
"../../../Engine/Shaders/Shared/ThirdParty/AMD/ags_shader_intrinsics_dx12.h" 2669
"../../../Engine/Shaders/Shared/RayTracingDebugDefinitions.h" 2670
"../../../Engine/Shaders/Private/RayTracing/RayTracingDebugHitStatsCHS.usf" 2671
"../../../Engine/Shaders/Private/RayTracing/RayTracingDebugHitStats.usf" 2672
"../../../Engine/Shaders/Private/RayTracing/RayTracingDebugMS.usf" 2673
"../../../Engine/Shaders/Private/RayTracing/RayTracingDebugCHS.usf" 2674
"../../../Engine/Shaders/Private/RayTracing/RayTracingDebug.usf" 2675
"../../../Engine/Shaders/Private/RayTracing/RayTracingBuiltInShaders.usf" 2676
"../../../Engine/Shaders/Private/RayTracing/RayTracingBarycentrics.usf" 2677
"../../../Engine/Shaders/Private/RayTracing/RayTracingAmbientOcclusionRGS.usf" 2678
"../../../Engine/Shaders/Private/VisualizeShadingModels.usf" 2679
"../../../Engine/Shaders/Private/MotionBlur/VisualizeMotionVectors.usf" 2680
"../../../Engine/Shaders/Private/TemporalSuperResolution/TSRVisualize.usf" 2681
"../../../Engine/Shaders/Private/TemporalSuperResolution/TSRColorSpace.ush" 2682
"../../../Engine/Shaders/Private/TemporalSuperResolution/TSRCommon.ush" 2683
"../../../Engine/Shaders/Public/DualPixelVectorization.ush" 2684
"../../../Engine/Shaders/Private/TemporalSuperResolution/TSRReprojectionField.ush" 2685
"../../../Engine/Shaders/Private/TemporalSuperResolution/TSRResolveHistory.usf" 2686
"../../../Engine/Shaders/Private/TemporalSuperResolution/TSRConvolutionNetwork.ush" 2687
"../../../Engine/Shaders/Private/TemporalSuperResolution/TSRKernels.ush" 2688
"../../../Engine/Shaders/Public/LaneVectorization.ush" 2689
"../../../Engine/Shaders/Private/TemporalSuperResolution/TSRUpdateHistory.usf" 2690
"../../../Engine/Shaders/Private/TemporalSuperResolution/TSRSpatialAntiAliasing.ush" 2691
"../../../Engine/Shaders/Private/TemporalSuperResolution/TSRSpatialAntiAliasing.usf" 2692
"../../../Engine/Shaders/Private/TemporalSuperResolution/TSRRejectShading.usf" 2693
"../../../Engine/Shaders/Private/TemporalSuperResolution/TSRShadingAnalysis.ush" 2694
"../../../Engine/Shaders/Private/TemporalSuperResolution/TSRConvolutionNetworkPass.ush" 2695
"../../../Engine/Shaders/Private/TemporalSuperResolution/TSRDecimateHistory.usf" 2696
"../../../Engine/Shaders/Private/TemporalSuperResolution/TSRDepthVelocityAnalysis.ush" 2697
"../../../Engine/Shaders/Private/TemporalSuperResolution/TSRClosestOccluder.ush" 2698
"../../../Engine/Shaders/Private/TemporalSuperResolution/TSRWeightRelaxation.usf" 2699
"../../../Engine/Shaders/Private/TemporalSuperResolution/TSRThinGeometryCommon.ush" 2700
"../../../Engine/Shaders/Private/TemporalSuperResolution/TSRDetectThinGeometry.usf" 2701
"../../../Engine/Shaders/Private/TemporalSuperResolution/TSRDilateVelocity.usf" 2702
"../../../Engine/Shaders/Private/MotionBlur/MotionBlurVelocityFlatten.ush" 2703
"../../../Engine/Shaders/Private/MotionBlur/MotionBlurCommon.ush" 2704
"../../../Engine/Shaders/Private/TemporalSuperResolution/TSRClearPrevTextures.usf" 2705
"../../../Engine/Shaders/Private/TemporalSuperResolution/TSRMeasureCoverage.usf" 2706
"../../../Engine/Shaders/Private/TemporalSuperResolution/TSRMeasureFlickeringLuma.usf" 2707
"../../../Engine/Shaders/Private/TemporalAA.usf" 2708
"../../../Engine/Shaders/Private/FilterPixelShader.usf" 2709
"../../../Engine/Shaders/Private/FilterVertexShader.usf" 2710
"../../../Engine/Shaders/Private/VisualizeVirtualTexture.usf" 2711
"../../../Engine/Shaders/Private/PostProcessVisualizeBuffer.usf" 2712
"../../../Engine/Shaders/Private/PostProcessVisualizeLocalExposure.usf" 2713
"../../../Engine/Shaders/Private/PostProcessHistogramCommon.ush" 2714
"../../../Engine/Shaders/Private/TonemapCommon.ush" 2715
"../../../Engine/Shaders/Private/ACES/ACESCommon.ush" 2716
"../../../Engine/Shaders/Private/ACES/ACESOutputTransform.ush" 2717
"../../../Engine/Shaders/Private/ACES/ACESUtilities.ush" 2718
"../../../Engine/Shaders/Private/ACES/ACESTonescale.ush" 2719
"../../../Engine/Shaders/Private/ACES/ACESDisplayEncoding.ush" 2720
"../../../Engine/Shaders/Private/ACES/ACES_v1.3.ush" 2721
"../../../Engine/Shaders/Private/PostProcessVisualizeLevelInstance.usf" 2722
"../../../Engine/Shaders/Private/PostProcessVisualizeHDR.usf" 2723
"../../../Engine/Shaders/Private/ShaderComplexityApplyPixelShader.usf" 2724
"../../../Engine/Shaders/Private/QuadOverdraw.ush" 2725
"../../../Engine/Shaders/Private/PostProcessUpscale.usf" 2726
"../../../Engine/Shaders/Private/PostProcessTonemap.usf" 2727
"../../../Engine/Shaders/Private/PostProcessing/FilmGrainPackConstants.usf" 2728
"../../../Engine/Shaders/Private/PostProcessing/FilmGrainReduce.usf" 2729
"../../../Engine/Shaders/Private/PostProcessTestImage.usf" 2730
"../../../Engine/Shaders/Private/PostProcessSubsurface.usf" 2731
"../../../Engine/Shaders/Private/SeparableSSS.ush" 2732
"../../../Engine/Shaders/Private/SubsurfaceBurleyNormalized.ush" 2733
"../../../Engine/Shaders/Private/PostProcessSelectionOutline.usf" 2734
"../../../Engine/Shaders/Private/MotionBlur/MotionBlurVisualize.usf" 2735
"../../../Engine/Shaders/Private/MotionBlur/MotionBlurApply.usf" 2736
"../../../Engine/Shaders/Private/MotionBlur/MotionBlurFilterTileClassify.usf" 2737
"../../../Engine/Shaders/Private/MotionBlur/MotionBlurTileScatter.usf" 2738
"../../../Engine/Shaders/Private/MotionBlur/MotionBlurTileGather.usf" 2739
"../../../Engine/Shaders/Private/MotionBlur/MotionBlurVelocityFlatten.usf" 2740
"../../../Engine/Shaders/Private/PostProcessMobile.usf" 2741
"../../../Engine/Shaders/Private/PostProcessMitchellNetravali.usf" 2742
"../../../Engine/Shaders/Private/PostProcessMaterialShaders.usf" 2743
"../../../Engine/Shaders/Private/NeuralPostProcessCommon.usf" 2744
"../../../Engine/Shaders/Private/PostProcessLocalExposure.usf" 2745
"../../../Engine/Shaders/Private/PostProcessLensFlares.usf" 2746
"../../../Engine/Shaders/Private/PostProcessGBufferHints.usf" 2747
"../../../Engine/Shaders/Private/PostProcessHMD.usf" 2748
"../../../Engine/Shaders/Private/Histogram.usf" 2749
"../../../Engine/Shaders/Private/PostProcessHistogramReduce.usf" 2750
"../../../Engine/Shaders/Private/PostProcessHistogram.usf" 2751
"../../../Engine/Shaders/Private/Bloom/BloomFinalizeApplyConstants.usf" 2752
"../../../Engine/Shaders/Private/Bloom/BloomCommon.ush" 2753
"../../../Engine/Shaders/Private/Bloom/BloomResizeKernel.usf" 2754
"../../../Engine/Shaders/Private/Bloom/BloomDownsampleKernel.usf" 2755
"../../../Engine/Shaders/Private/Bloom/BloomClampKernel.usf" 2756
"../../../Engine/Shaders/Private/Bloom/BloomPackKernelConstants.usf" 2757
"../../../Engine/Shaders/Private/Bloom/BloomSumScatterDispersionEnergy.usf" 2758
"../../../Engine/Shaders/Private/Bloom/BloomReduceKernelSurvey.usf" 2759
"../../../Engine/Shaders/Private/Bloom/BloomSurveyKernelCenterEnergy.usf" 2760
"../../../Engine/Shaders/Private/Bloom/BloomSurveyMaxScatterDispersion.usf" 2761
"../../../Engine/Shaders/Private/Bloom/BloomFindKernelCenter.usf" 2762
"../../../Engine/Shaders/Private/PostProcessEyeAdaptation.usf" 2763
"../../../Engine/Shaders/Private/TranslucencyVolumeCommon.ush" 2764
"../../../Engine/Shaders/Private/PostProcessEyeAdaptationUtils.usf" 2765
"../../../Engine/Shaders/Private/PostProcessDownsample.usf" 2766
"../../../Engine/Shaders/Private/PostProcessDOF.usf" 2767
"../../../Engine/Shaders/Private/PostProcessDeviceEncodingOnly.usf" 2768
"../../../Engine/Shaders/Private/PostProcessCompositePrimitives.usf" 2769
"../../../Engine/Shaders/Private/PostProcessCombineLUTs.usf" 2770
"../../../Engine/Shaders/Private/PostProcessVisualizeDOF.usf" 2771
"../../../Engine/Shaders/Private/PostProcessBloom.usf" 2772
"../../../Engine/Shaders/Private/PostProcessAmbientOcclusionMobile.usf" 2773
"../../../Engine/Shaders/Private/PostProcessAmbientOcclusionCommon.ush" 2774
"../../../Engine/Shaders/Private/FXAAShader.usf" 2775
"../../../Engine/Shaders/Private/Fxaa3_11.ush" 2776
"../../../Engine/Shaders/Private/PaniniProjection.usf" 2777
"../../../Engine/Shaders/Private/DiaphragmDOF/DOFRecombine.usf" 2778
"../../../Engine/Shaders/Private/DiaphragmDOF/DOFHybridScatterPixelShader.usf" 2779
"../../../Engine/Shaders/Private/DiaphragmDOF/DOFHybridScatterCommon.ush" 2780
"../../../Engine/Shaders/Private/DiaphragmDOF/DOFVignetteCommon.ush" 2781
"../../../Engine/Shaders/Private/DiaphragmDOF/DOFHybridScatterVertexShader.usf" 2782
"../../../Engine/Shaders/Private/DiaphragmDOF/DOFPostfiltering.usf" 2783
"../../../Engine/Shaders/Private/DiaphragmDOF/DOFGatherTileSuggest.ush" 2784
"../../../Engine/Shaders/Private/DiaphragmDOF/DOFCocTileCommon.ush" 2785
"../../../Engine/Shaders/Private/DiaphragmDOF/DOFGatherPass.usf" 2786
"../../../Engine/Shaders/Private/DiaphragmDOF/DOFGatherCommon.ush" 2787
"../../../Engine/Shaders/Private/DiaphragmDOF/DOFGatherAccumulator.ush" 2788
"../../../Engine/Shaders/Private/DiaphragmDOF/DOFGatherKernel.ush" 2789
"../../../Engine/Shaders/Private/DiaphragmDOF/DOFBokehLUT.usf" 2790
"../../../Engine/Shaders/Private/DiaphragmDOF/DOFHybridScatterCompilation.usf" 2791
"../../../Engine/Shaders/Private/DiaphragmDOF/DOFReduce.usf" 2792
"../../../Engine/Shaders/Private/DiaphragmDOF/DOFDownsample.ush" 2793
"../../../Engine/Shaders/Private/DiaphragmDOF/DOFHybridScatterCompilation.ush" 2794
"../../../Engine/Shaders/Private/DiaphragmDOF/DOFDownsample.usf" 2795
"../../../Engine/Shaders/Private/DiaphragmDOF/DOFCocTileDilate.usf" 2796
"../../../Engine/Shaders/Private/DiaphragmDOF/DOFCocTileFlatten.usf" 2797
"../../../Engine/Shaders/Private/DiaphragmDOF/DOFSetup.usf" 2798
"../../../Engine/Shaders/Private/Tools/DebugAlphaChannel.usf" 2799
"../../../Engine/Shaders/Private/PostProcessAlphaInvert.usf" 2800
"../../../Engine/Shaders/Private/PlanarReflectionShaders.usf" 2801
"../../../Engine/Shaders/Private/PhysicsFieldVisualizer.usf" 2802
"../../../Engine/Shaders/Private/PathTracing/PathTracingSpatialTemporalDenoising.usf" 2803
"../../../Engine/Shaders/Private/ColorDifference.ush" 2804
"../../../Engine/Shaders/Private/PathTracing/PathTracingCompositingPixelShader.usf" 2805
"../../../Engine/Shaders/Private/PathTracing/PathTracingAdaptiveUtils.ush" 2806
"../../../Engine/Shaders/Private/PathTracing/PathTracingDefaultHitShader.usf" 2807
"../../../Engine/Shaders/Private/PathTracing/PathTracingGPULightmassMaterialHitShader.usf" 2808
"../../../Engine/Shaders/Private/PathTracing/PathTracingMaterialHitShader.usf" 2809
"../../../Engine/Shaders/Private/PathTracing/PathTracingLightingMissShader.usf" 2810
"../../../Engine/Shaders/Private/PathTracing/PathTracingMissShader.usf" 2811
"../../../Engine/Shaders/Private/PathTracing/PathTracingAdaptiveStart.usf" 2812
"../../../Engine/Shaders/Private/PathTracing/PathTracingBuildAdaptiveError.usf" 2813
"../../../Engine/Shaders/Private/PathTracing/PathTracingVolumetricCloudMaterialShader.usf" 2814
"../../../Engine/Shaders/Private/PathTracing/Volume/PathTracingCloudsMaterialCommon.ush" 2815
"../../../Engine/Shaders/Private/PathTracing/Volume/PathTracingVolumeCommon.ush" 2816
"../../../Engine/Shaders/Private/PathTracing/Volume/PathTracingCloudsCommon.ush" 2817
"../../../Engine/Shaders/Private/PathTracing/Volume/PathTracingFog.ush" 2818
"../../../Engine/Shaders/Private/PathTracing/Volume/PathTracingAtmosphere.ush" 2819
"../../../Engine/Shaders/Private/PathTracing/Volume/PathTracingAtmosphereCommon.ush" 2820
"../../../Engine/Shaders/Private/PathTracing/Volume/PathTracingVolumeSampling.ush" 2821
"../../../Engine/Shaders/Private/PathTracing/PathTracingBuildCloudAccelerationMap.usf" 2822
"../../../Engine/Shaders/Private/PathTracing/PathTracingBuildAtmosphereLUT.usf" 2823
"../../../Engine/Shaders/Private/PathTracing/PathTracingSwizzleScanlines.usf" 2824
"../../../Engine/Shaders/Private/PathTracing/PathTracingInitExtinctionCoefficient.usf" 2825
"../../../Engine/Shaders/Private/PathTracing/PathTracingCopyDepth.usf" 2826
"../../../Engine/Shaders/Private/PathTracing/PathTracingDebug.usf" 2827
"../../../Engine/Shaders/Private/RayTracing/RayTracingDecalGrid.ush" 2828
"../../../Engine/Shaders/Private/PathTracing/PathTracing.usf" 2829
"../../../Engine/Shaders/Private/PathTracing/PathTracingCore.ush" 2830
"../../../Engine/Shaders/Private/HeterogeneousVolumes/HeterogeneousVolumesVoxelGridTypes.ush" 2831
"../../../Engine/Shaders/Private/PathTracing/Volume/PathTracingVolume.ush" 2832
"../../../Engine/Shaders/Private/PathTracing/Volume/PathTracingClouds.ush" 2833
"../../../Engine/Shaders/Private/PathTracing/Volume/PathTracingHeterogeneousVolumes.ush" 2834
"../../../Engine/Shaders/Private/HeterogeneousVolumes/HeterogeneousVolumesVoxelGridTraversal.ush" 2835
"../../../Engine/Shaders/Private/HeterogeneousVolumes/HeterogeneousVolumesVoxelGridUtils.ush" 2836
"../../../Engine/Shaders/Private/HeterogeneousVolumes/HeterogeneousVolumesFrustumVoxelGridUtils.ush" 2837
"../../../Engine/Shaders/Private/PathTracing/PathTracingBuildLightGrid.usf" 2838
"../../../Engine/Shaders/Private/PathTracing/PathTracingSkylightMISCompensation.usf" 2839
"../../../Engine/Shaders/Private/PathTracing/PathTracingSkylightPrepare.usf" 2840
"../../../Engine/Shaders/Private/OIT/OITSorting.usf" 2841
"../../../Engine/Shaders/Private/OITCombine.usf" 2842
"../../../Engine/Shaders/Private/OITCommon.ush" 2843
"../../../Engine/Shaders/Private/Nanite/Voxel/RasterizeBricks.usf" 2844
"../../../Engine/Shaders/Private/Nanite/Voxel/Brick.ush" 2845
"../../../Engine/Shaders/Private/Nanite/Voxel/Voxel.ush" 2846
"../../../Engine/Shaders/Private/Nanite/Voxel/ScatterBricks.usf" 2847
"../../../Engine/Shaders/Private/Nanite/Voxel/TileBricks.usf" 2848
"../../../Engine/Shaders/Private/Nanite/Voxel/AutoVoxel.usf" 2849
"../../../Engine/Shaders/Private/Nanite/NaniteDebugViews.usf" 2850
"../../../Engine/Shaders/Private/Nanite/NaniteEditorCommon.ush" 2851
"../../../Engine/Shaders/Private/BinarySearch.ush" 2852
"../../../Engine/Shaders/Private/Nanite/NaniteDepthDecode.usf" 2853
"../../../Engine/Shaders/Private/HTileEncoding.ush" 2854
"../../../Engine/Shaders/Private/Nanite/NaniteVisualize.usf" 2855
"../../../Engine/Shaders/Private/Nanite/NaniteStreamOut.usf" 2856
"../../../Engine/Shaders/Private/Nanite/NaniteHierarchyTraversal.ush" 2857
"../../../Engine/Shaders/Private/Nanite/NaniteSkinningUpdateViewData.usf" 2858
"../../../Engine/Shaders/Private/Skinning/TransformProviders.usf" 2859
"../../../Engine/Shaders/Private/Nanite/NaniteShadeBinning.usf" 2860
"../../../Engine/Shaders/Private/Nanite/NaniteShadeCommon.ush" 2861
"../../../Engine/Shaders/Private/Nanite/NaniteFastClear.usf" 2862
"../../../Engine/Shaders/Private/Nanite/NaniteExportGBuffer.usf" 2863
"../../../Engine/Shaders/Private/Nanite/NaniteClusterCulling.usf" 2864
"../../../Engine/Shaders/Private/Nanite/NanitePrintStats.usf" 2865
"../../../Engine/Shaders/Private/Nanite/NaniteRasterizer.usf" 2866
"../../../Engine/Shaders/Private/Nanite/NaniteRasterizationCommon.ush" 2867
"../../../Engine/Shaders/Private/Nanite/NaniteRasterizer.ush" 2868
"../../../Engine/Shaders/Private/Nanite/NaniteWritePixel.ush" 2869
"../../../Engine/Shaders/Private/Nanite/NaniteTessellation.ush" 2870
"../../../Engine/Shaders/Private/WorkDistribution.ush" 2871
"../../../Engine/Shaders/Private/Nanite/NaniteDice.ush" 2872
"../../../Engine/Shaders/Private/ShaderBundleWorkGraphCommon.ush" 2873
"../../../Engine/Shaders/Public/RootConstants.ush" 2874
"../../../Engine/Shaders/Public/Platform/D3D/D3DRootConstants.ush" 2875
"../../../Engine/Shaders/Private/Nanite/NaniteSplit.usf" 2876
"../../../Engine/Shaders/Private/Nanite/NaniteRasterBinning.usf" 2877
"../../../Engine/Shaders/Private/Nanite/NaniteInstanceCulling.usf" 2878
"../../../Engine/Shaders/Private/Nanite/NaniteImposter.ush" 2879
"../../../Engine/Shaders/Private/Nanite/NaniteInstanceHierarchyCulling.usf" 2880
"../../../Engine/Shaders/Private/WorkGroupLoadBalancer.ush" 2881
"../../../Engine/Shaders/Private/Nanite/NanitePrimitiveFilter.usf" 2882
"../../../Engine/Shaders/Private/Nanite/NaniteRasterClear.usf" 2883
"../../../Engine/Shaders/Private/Nanite/NaniteDepthExport.usf" 2884
"../../../Engine/Shaders/Private/Nanite/NaniteEmitShadow.usf" 2885
"../../../Engine/Shaders/Private/MobileDeferredUtils.usf" 2886
"../../../Engine/Shaders/Private/MobileLocalLightsBuffer.usf" 2887
"../../../Engine/Shaders/Private/MobileFog.usf" 2888
"../../../Engine/Shaders/Private/DistortApplyScreenPS.usf" 2889
"../../../Engine/Shaders/Private/MobileDeferredShading.usf" 2890
"../../../Engine/Shaders/Private/MobileBasePassPixelShader.usf" 2891
"../../../Engine/Shaders/Private/MobileBasePassCommon.ush" 2892
"../../../Engine/Shaders/Private/BasePassCommon.ush" 2893
"../../../Engine/Shaders/Private/ShadingModelsMaterial.ush" 2894
"../../../Engine/Shaders/Private/ThinTranslucentCommon.ush" 2895
"../../../Engine/Shaders/Private/SingleLayerWaterShading.ush" 2896
"../../../Engine/Shaders/Private/DistortionCommon.ush" 2897
"../../../Engine/Shaders/Private/Substrate/SubstrateMobileForwardLighting.ush" 2898
"../../../Engine/Shaders/Private/MobileBasePassVertexShader.usf" 2899
"../../../Engine/Shaders/Private/MeshEdges.usf" 2900
"../../../Engine/Shaders/Private/MegaLights/MegaLightsVSMTracing.usf" 2901
"../../../Engine/Shaders/Private/MegaLights/MegaLights.ush" 2902
"../../../Engine/Shaders/Shared/MegaLightsDefinitions.h" 2903
"../../../Engine/Shaders/Private/HairStrands/HairStrandsVisibilityUtils.ush" 2904
"../../../Engine/Shaders/Private/MegaLights/MegaLightsRayTracing.ush" 2905
"../../../Engine/Shaders/Private/MegaLights/MegaLightsRayTracing.usf" 2906
"../../../Engine/Shaders/Private/DistanceField/GlobalDistanceFieldUtils.ush" 2907
"../../../Engine/Shaders/Private/Lumen/LumenScreenTracing.ush" 2908
"../../../Engine/Shaders/Private/MegaLights/MegaLightsVolumeRayTracing.usf" 2909
"../../../Engine/Shaders/Private/MegaLights/MegaLightsVolume.ush" 2910
"../../../Engine/Shaders/Private/MegaLights/MegaLightsVolumeHardwareRayTracing.usf" 2911
"../../../Engine/Shaders/Private/Lumen/LumenHardwareRayTracingCommon.ush" 2912
"../../../Engine/Shaders/Private/RayTracing/RayTracingReflectionEnvironment.ush" 2913
"../../../Engine/Shaders/Private/Lumen/LumenHardwareRayTracingPlatformCommon.ush" 2914
"../../../Engine/Shaders/Private/Lumen/LumenReflectionsCombine.ush" 2915
"../../../Engine/Shaders/Private/Lumen/LumenTracingCommon.ush" 2916
"../../../Engine/Shaders/Private/Lumen/SurfaceCache/LumenSurfaceCacheSampling.ush" 2917
"../../../Engine/Shaders/Private/Lumen/SurfaceCache/LumenSurfaceCache.ush" 2918
"../../../Engine/Shaders/Private/Lumen/LumenCardCommon.ush" 2919
"../../../Engine/Shaders/Private/Lumen/LumenCardTileShadowDownsampleFactor.ush" 2920
"../../../Engine/Shaders/Private/MegaLights/MegaLightsHardwareRayTracing.usf" 2921
"../../../Engine/Shaders/Private/MegaLights/MegaLights.usf" 2922
"../../../Engine/Shaders/Private/MegaLights/MegaLightsShading.ush" 2923
"../../../Engine/Shaders/Private/MegaLights/MegaLightsFilterVisibleLightHash.usf" 2924
"../../../Engine/Shaders/Private/MegaLights/MegaLightsDenoiserSpatial.usf" 2925
"../../../Engine/Shaders/Private/Lumen/LumenReflectionDenoiserCommon.ush" 2926
"../../../Engine/Shaders/Private/MegaLights/MegaLightsDenoiserTemporal.usf" 2927
"../../../Engine/Shaders/Private/MegaLights/MegaLightsShading.usf" 2928
"../../../Engine/Shaders/Private/StochasticLighting/StochasticLightingUpsample.ush" 2929
"../../../Engine/Shaders/Private/MegaLights/MegaLightsVisibleLightHash.usf" 2930
"../../../Engine/Shaders/Private/MegaLights/MegaLightsVolumeShading.usf" 2931
"../../../Engine/Shaders/Private/MegaLights/MegaLightsSampling.usf" 2932
"../../../Engine/Shaders/Private/MegaLights/MegaLightsSampling.ush" 2933
"../../../Engine/Shaders/Private/MegaLights/MegaLightsVolumeSampling.usf" 2934
"../../../Engine/Shaders/Private/MaterialCache/MaterialCacheABufferPages.usf" 2935
"../../../Engine/Shaders/Private/MaterialCache/MaterialCacheShade.usf" 2936
"../../../Engine/Shaders/Private/MaterialCache/MaterialCacheUnwrapNaniteShade.usf" 2937
"../../../Engine/Shaders/Private/MaterialCache/MaterialCacheUnwrapPixelShader.usf" 2938
"../../../Engine/Shaders/Private/MaterialCache/MaterialCacheUnwrapVertexShader.usf" 2939
"../../../Engine/Shaders/Private/Lumen/LumenVisualizeRadianceCache.usf" 2940
"../../../Engine/Shaders/Private/Lumen/LumenRadianceCacheCommon.ush" 2941
"../../../Engine/Shaders/Private/Lumen/LumenVisualizeHardwareRayTracing.usf" 2942
"../../../Engine/Shaders/Private/Lumen/LumenVisualize.ush" 2943
"../../../Engine/Shaders/Private/Lumen/LumenHairTracing.ush" 2944
"../../../Engine/Shaders/Private/Lumen/LumenVisualize.usf" 2945
"../../../Engine/Shaders/Private/Lumen/LumenSoftwareRayTracing.ush" 2946
"../../../Engine/Shaders/Private/DistanceField/GlobalDistanceFieldObjectGrid.ush" 2947
"../../../Engine/Shaders/Private/DistanceFieldLightingShared.ush" 2948
"../../../Engine/Shaders/Private/Lumen/LumenVisualizeTraces.ush" 2949
"../../../Engine/Shaders/Private/Lumen/LumenTranslucencyVolumeLighting.usf" 2950
"../../../Engine/Shaders/Private/Lumen/LumenRadianceCacheMarkCommon.ush" 2951
"../../../Engine/Shaders/Private/Lumen/LumenTranslucencyVolumeLightingShared.ush" 2952
"../../../Engine/Shaders/Private/Lumen/LumenScreenProbeCommon.ush" 2953
"../../../Engine/Shaders/Private/RayTracing/RayGenUtils.ush" 2954
"../../../Engine/Shaders/Private/Lumen/LumenRadianceCacheTracingCommon.ush" 2955
"../../../Engine/Shaders/Private/Lumen/LumenTranslucencyVolumeHardwareRayTracing.usf" 2956
"../../../Engine/Shaders/Private/Lumen/LumenTranslucencyRadianceCacheMarkShaders.usf" 2957
"../../../Engine/Shaders/Private/Lumen/SurfaceCache/LumenSurfaceCache.usf" 2958
"../../../Engine/Shaders/Private/Lumen/LumenShortRangeAOHardwareRayTracing.usf" 2959
"../../../Engine/Shaders/Private/Lumen/LumenScreenSpaceBentNormal.ush" 2960
"../../../Engine/Shaders/Private/Lumen/LumenScreenSpaceBentNormal.usf" 2961
"../../../Engine/Shaders/Private/Lumen/LumenScreenProbeTracing.usf" 2962
"../../../Engine/Shaders/Private/Lumen/LumenScreenProbeTracingCommon.ush" 2963
"../../../Engine/Shaders/Private/Lumen/LumenFloatQuantization.ush" 2964
"../../../Engine/Shaders/Private/Lumen/LumenScreenProbeImportanceSampling.usf" 2965
"../../../Engine/Shaders/Private/Lumen/LumenScreenProbeImportanceSamplingShared.ush" 2966
"../../../Engine/Shaders/Private/Lumen/LumenScreenProbeHardwareRayTracing.usf" 2967
"../../../Engine/Shaders/Private/Lumen/LumenScreenProbeDebug.usf" 2968
"../../../Engine/Shaders/Private/Lumen/LumenScreenProbeGather.usf" 2969
"../../../Engine/Shaders/Private/Lumen/LumenScreenProbeGatherTemporal.usf" 2970
"../../../Engine/Shaders/Private/Lumen/LumenScreenProbeFiltering.usf" 2971
"../../../Engine/Shaders/Private/Lumen/LumenSceneLighting.usf" 2972
"../../../Engine/Shaders/Private/Lumen/LumenCardTile.ush" 2973
"../../../Engine/Shaders/Private/Lumen/LumenSceneLighting.ush" 2974
"../../../Engine/Shaders/Private/Lumen/Radiosity/LumenRadiosity.ush" 2975
"../../../Engine/Shaders/Private/Lumen/LumenSceneLightingDebug.usf" 2976
"../../../Engine/Shaders/Private/Lumen/LumenScene.usf" 2977
"../../../Engine/Shaders/Private/Lumen/LumenSceneDirectLightingHardwareRayTracing.usf" 2978
"../../../Engine/Shaders/Private/Lumen/LumenSceneDirectLightingStochastic.ush" 2979
"../../../Engine/Shaders/Private/Lumen/LumenReflectionCommon.ush" 2980
"../../../Engine/Shaders/Private/Lumen/LumenSceneDirectLighting.ush" 2981
"../../../Engine/Shaders/Private/Lumen/LumenSceneDebugHardwareRayTracing.usf" 2982
"../../../Engine/Shaders/Private/Lumen/LumenSceneDirectLightingStochastic.usf" 2983
"../../../Engine/Shaders/Private/Lumen/LumenSceneDirectLightingSoftwareRayTracing.usf" 2984
"../../../Engine/Shaders/Private/DistanceFieldShadowingShared.ush" 2985
"../../../Engine/Shaders/Private/Lumen/LumenSceneDirectLightingPerLightShadowCommon.ush" 2986
"../../../Engine/Shaders/Private/Lumen/LumenSceneDirectLightingShadowMask.usf" 2987
"../../../Engine/Shaders/Private/Lumen/LumenSceneDirectLighting.usf" 2988
"../../../Engine/Shaders/Private/Lumen/LumenSceneDirectLightingCulling.usf" 2989
"../../../Engine/Shaders/Private/Lumen/LumenCardComputeShader.usf" 2990
"../../../Engine/Shaders/Private/Lumen/LumenCardBasePass.ush" 2991
"../../../Engine/Shaders/Private/Lumen/LumenCardPixelShader.usf" 2992
"../../../Engine/Shaders/Private/Lumen/LumenCardVertexShader.usf" 2993
"../../../Engine/Shaders/Private/Lumen/LumenReSTIRGather.usf" 2994
"../../../Engine/Shaders/Private/Lumen/LumenReflectionTracing.usf" 2995
"../../../Engine/Shaders/Private/Lumen/LumenReflectionDenoiserSpatial.usf" 2996
"../../../Engine/Shaders/Private/Lumen/LumenReflectionDenoiserClear.usf" 2997
"../../../Engine/Shaders/Private/Lumen/LumenReflectionDenoiserTemporal.usf" 2998
"../../../Engine/Shaders/Private/Lumen/LumenReflectionResolve.usf" 2999
"../../../Engine/Shaders/Private/Lumen/LumenReflections.usf" 3000
"../../../Engine/Shaders/Private/Lumen/RayTracedTranslucency.usf" 3001
"../../../Engine/Shaders/Private/Lumen/LumenReflectionHardwareRayTracing.usf" 3002
"../../../Engine/Shaders/Private/Lumen/Radiosity/LumenVisualizeRadiosityProbes.usf" 3003
"../../../Engine/Shaders/Private/Lumen/Radiosity/LumenRadiosity.usf" 3004
"../../../Engine/Shaders/Private/Lumen/Radiosity/LumenRadiosityHardwareRayTracing.usf" 3005
"../../../Engine/Shaders/Private/Lumen/Radiosity/LumenRadiosityCulling.usf" 3006
"../../../Engine/Shaders/Private/Lumen/LumenRadianceCacheHardwareRayTracing.usf" 3007
"../../../Engine/Shaders/Private/Lumen/LumenRadianceCache.usf" 3008
"../../../Engine/Shaders/Private/Lumen/LumenRadianceCacheUpdate.ush" 3009
"../../../Engine/Shaders/Private/Lumen/LumenRadianceCacheDebug.usf" 3010
"../../../Engine/Shaders/Private/Lumen/LumenRadianceCacheUpdate.usf" 3011
"../../../Engine/Shaders/Private/Lumen/LumenMeshSDFCulling.usf" 3012
"../../../Engine/Shaders/Private/HybridIndirectLighting.ush" 3013
"../../../Engine/Shaders/Private/MeshDistanceFieldCommon.ush" 3014
"../../../Engine/Shaders/Private/Lumen/LumenIrradianceFieldGather.usf" 3015
"../../../Engine/Shaders/Private/Lumen/LumenHardwareRayTracingMaterials.usf" 3016
"../../../Engine/Shaders/Private/Lumen/LumenFrontLayerTranslucency.usf" 3017
"../../../Engine/Shaders/Private/LocalFogVolumes/LocalFogVolumeSplat.usf" 3018
"../../../Engine/Shaders/Private/LocalFogVolumes/LocalFogVolumeTiledCulling.usf" 3019
"../../../Engine/Shaders/Private/LightShaftShader.usf" 3020
"../../../Engine/Shaders/Private/StationaryLightOverlapShaders.usf" 3021
"../../../Engine/Shaders/Private/DeferredLightPixelShaders.usf" 3022
"../../../Engine/Shaders/Private/DeferredLightVertexShaders.usf" 3023
"../../../Engine/Shaders/Private/LightMapDensityShader.usf" 3024
"../../../Engine/Shaders/Private/LightGridInjection.usf" 3025
"../../../Engine/Shaders/Shared/LightGridDefinitions.h" 3026
"../../../Engine/Shaders/Private/LightFunctionPixelShader.usf" 3027
"../../../Engine/Shaders/Private/LightFunctionVertexShader.usf" 3028
"../../../Engine/Shaders/Private/LightFunctionAtlas/LightFunctionAtlasRender.usf" 3029
"../../../Engine/Shaders/Private/InstanceCulling/InstanceCullingOcclusionQuery.usf" 3030
"../../../Engine/Shaders/Private/InstanceCulling/InstanceCullingSetup.ush" 3031
"../../../Engine/Shaders/Private/InstanceCulling/BuildInstanceDrawCommands.usf" 3032
"../../../Engine/Shaders/Private/InstanceCulling/InstanceCompactionCommon.ush" 3033
"../../../Engine/Shaders/Private/SceneDataMobileWriter.ush" 3034
"../../../Engine/Shaders/Private/InstanceCulling/CompactVisibleInstances.usf" 3035
"../../../Engine/Shaders/Private/ReflectionEnvironmentPixelShader.usf" 3036
"../../../Engine/Shaders/Private/AmbientCubemapComposite.usf" 3037
"../../../Engine/Shaders/Private/DiffuseIndirectComposite.usf" 3038
"../../../Engine/Shaders/Private/IESAtlas.usf" 3039
"../../../Engine/Shaders/Private/HeterogeneousVolumes/HeterogeneousVolumesVoxelGridShadows.usf" 3040
"../../../Engine/Shaders/Private/HeterogeneousVolumes/HeterogeneousVolumesStochasticFiltering.ush" 3041
"../../../Engine/Shaders/Private/HeterogeneousVolumes/HeterogeneousVolumesVoxelGridRenderingUtils.ush" 3042
"../../../Engine/Shaders/Private/HeterogeneousVolumes/HeterogeneousVolumesLightingUtils.ush" 3043
"../../../Engine/Shaders/Private/HeterogeneousVolumes/HeterogeneousVolumesVoxelGridRendering.usf" 3044
"../../../Engine/Shaders/Private/HeterogeneousVolumes/HeterogeneousVolumesVoxelGridPipeline.usf" 3045
"../../../Engine/Shaders/Private/HeterogeneousVolumes/HeterogeneousVolumesMaterialBakingPipeline.usf" 3046
"../../../Engine/Shaders/Private/HeterogeneousVolumes/HeterogeneousVolumesLiveShadingUtils.ush" 3047
"../../../Engine/Shaders/Private/HeterogeneousVolumes/HeterogeneousVolumesFrustumVoxelGrid.usf" 3048
"../../../Engine/Shaders/Private/HeterogeneousVolumes/HeterogeneousVolumesSparseVoxelPipeline.usf" 3049
"../../../Engine/Shaders/Private/HeterogeneousVolumes/HeterogeneousVolumesSparseVoxelUtils.ush" 3050
"../../../Engine/Shaders/Private/HeterogeneousVolumes/HeterogeneousVolumesSparseVoxelUniformBufferUtils.ush" 3051
"../../../Engine/Shaders/Private/HeterogeneousVolumes/HeterogeneousVolumesPreshadingPipeline.usf" 3052
"../../../Engine/Shaders/Private/HeterogeneousVolumes/HeterogeneousVolumesLiveShadingShadows.usf" 3053
"../../../Engine/Shaders/Private/HeterogeneousVolumes/HeterogeneousVolumesLiveShadingGlobalPipeline.usf" 3054
"../../../Engine/Shaders/Private/HeterogeneousVolumes/HeterogeneousVolumesLiveShadingPipeline.usf" 3055
"../../../Engine/Shaders/Private/HeterogeneousVolumes/HeterogeneousVolumesHardwareRayTracing.usf" 3056
"../../../Engine/Shaders/Private/HeterogeneousVolumes/HeterogeneousVolumesAmbientOcclusionPipeline.usf" 3057
"../../../Engine/Shaders/Private/HeterogeneousVolumes/HeterogeneousVolumesComposite.usf" 3058
"../../../Engine/Shaders/Private/HdrCustomResolveShaders.usf" 3059
"../../../Engine/Shaders/Private/HairStrands/RenderCurveRaster.usf" 3060
"../../../Engine/Shaders/Private/HairStrands/HairStrandsVoxelRasterCompute.usf" 3061
"../../../Engine/Shaders/Private/HairStrands/HairStrandsHitProxy.usf" 3062
"../../../Engine/Shaders/Private/HairStrands/HairStrandsVisibilityRasterComputeNaive.usf" 3063
"../../../Engine/Shaders/Private/HairStrands/HairStrandsVisibilityRasterHW.usf" 3064
"../../../Engine/Shaders/Private/HairStrands/HairStrandsVisibilityRasterCompute.usf" 3065
"../../../Engine/Shaders/Private/HairStrands/HairStrandsVisibilityRasterClassification.usf" 3066
"../../../Engine/Shaders/Private/HairStrands/HairStrandsCoverage.usf" 3067
"../../../Engine/Shaders/Private/HairStrands/HairStrandsVisibilityDepthPS.usf" 3068
"../../../Engine/Shaders/Private/HairStrands/HairStrandsVisibilityTransmittanceDepthPS.usf" 3069
"../../../Engine/Shaders/Private/HairStrands/HairStrandsVisibilityFillOpaqueDepthPS.usf" 3070
"../../../Engine/Shaders/Private/HairStrands/HairStrandsVisibilityCompactionComputeRaster.usf" 3071
"../../../Engine/Shaders/Private/HairStrands/HairStrandsVisibilityCompaction.usf" 3072
"../../../Engine/Shaders/Private/HairStrands/HairStrandsVisibilityCopyIndirectArg.usf" 3073
"../../../Engine/Shaders/Private/HairStrands/HairStrandsVisibilityClearPS.usf" 3074
"../../../Engine/Shaders/Private/HairStrands/HairStrandsVisibilityPS.usf" 3075
"../../../Engine/Shaders/Private/HairStrands/HairStrandsVisibilityVS.usf" 3076
"../../../Engine/Shaders/Private/HairStrands/HairStrandsVelocity.usf" 3077
"../../../Engine/Shaders/Private/HairStrands/HairStrandsVisibilityComputeSampleCoverage.usf" 3078
"../../../Engine/Shaders/Private/HairStrands/HairStrandsMaterialPS.usf" 3079
"../../../Engine/Shaders/Private/HairStrands/HairStrandsMaterialCommon.ush" 3080
"../../../Engine/Shaders/Private/HairStrands/HairStrandsMaterialVS.usf" 3081
"../../../Engine/Shaders/Private/HairStrands/HairStrandsLightSample.usf" 3082
"../../../Engine/Shaders/Private/HairStrands/HairStrandsDeepShadowMask.usf" 3083
"../../../Engine/Shaders/Private/HairStrands/HairStrandsDeepTransmittanceMask.usf" 3084
"../../../Engine/Shaders/Private/HairStrands/HairStrandsVisibilityTile.usf" 3085
"../../../Engine/Shaders/Private/HairStrands/HairStrandsDeepShadowPS.usf" 3086
"../../../Engine/Shaders/Private/HairStrands/HairStrandsDeepShadowVS.usf" 3087
"../../../Engine/Shaders/Private/HairStrands/HairStrandsAABB.usf" 3088
"../../../Engine/Shaders/Private/HairStrands/HairStrandsLUT.usf" 3089
"../../../Engine/Shaders/Private/HairStrands/HairStrandsForwardRaster.usf" 3090
"../../../Engine/Shaders/Private/HairStrands/HairStrandsForwardCulling.usf" 3091
"../../../Engine/Shaders/Private/HairStrands/HairStrandsEnvironmentLighting.usf" 3092
"../../../Engine/Shaders/Private/HairStrands/HairStrandsEnvironmentAO.usf" 3093
"../../../Engine/Shaders/Private/HairStrands/HairStrandsDeepShadowAllocation.usf" 3094
"../../../Engine/Shaders/Private/HairStrands/HairStrandsVoxelDebug.usf" 3095
"../../../Engine/Shaders/Private/HairStrands/HairStrandsComposition.usf" 3096
"../../../Engine/Shaders/Private/HairStrands/HairStrandsGBufferCommon.ush" 3097
"../../../Engine/Shaders/Private/GPUScene/GPUSceneDataManagement.usf" 3098
"../../../Engine/Shaders/Private/GPUSceneDebugRender.usf" 3099
"../../../Engine/Shaders/Private/GPUFeedbackCompaction.usf" 3100
"../../../Engine/Shaders/Private/GPUFastFourierTransform.usf" 3101
"../../../Engine/Shaders/Private/GPUFastFourierTransform2DCore.ush" 3102
"../../../Engine/Shaders/Private/GPUFastFourierTransformCore.ush" 3103
"../../../Engine/Shaders/Private/GPUBenchmark.usf" 3104
"../../../Engine/Shaders/Private/DistanceField/GlobalDistanceFieldDebug.usf" 3105
"../../../Engine/Shaders/Private/DistanceField/GlobalDistanceFieldUpdate.ush" 3106
"../../../Engine/Shaders/Private/DistanceField/GlobalDistanceFieldMip.usf" 3107
"../../../Engine/Shaders/Private/DistanceField/GlobalDistanceField.usf" 3108
"../../../Engine/Shaders/Private/DistanceField/GlobalDistanceFieldCompositeObjects.usf" 3109
"../../../Engine/Shaders/Private/DistanceField/GlobalDistanceFieldHeightfields.usf" 3110
"../../../Engine/Shaders/Private/HeightfieldLightingShared.ush" 3111
"../../../Engine/Shaders/Private/GenerateConservativeDepth.usf" 3112
"../../../Engine/Shaders/Private/HeightFogPixelShader.usf" 3113
"../../../Engine/Shaders/Private/HeightFogVertexShader.usf" 3114
"../../../Engine/Shaders/Private/DistortFiltering.usf" 3115
"../../../Engine/Shaders/Private/DistortAccumulatePS.usf" 3116
"../../../Engine/Shaders/Private/DistortAccumulateVS.usf" 3117
"../../../Engine/Shaders/Private/DistanceFieldVisualization.usf" 3118
"../../../Engine/Shaders/Private/DistanceFieldStreaming.usf" 3119
"../../../Engine/Shaders/Private/DistanceFieldShadowing.usf" 3120
"../../../Engine/Shaders/Private/DistanceFieldScreenGridLighting.usf" 3121
"../../../Engine/Shaders/Private/DistanceFieldObjectCulling.usf" 3122
"../../../Engine/Shaders/Private/DistanceFieldLightingPost.usf" 3123
"../../../Engine/Shaders/Private/DitheredTransitionStencil.usf" 3124
"../../../Engine/Shaders/Private/CopyDepthTexture.usf" 3125
"../../../Engine/Shaders/Private/CopyDepthTextureCS.usf" 3126
"../../../Engine/Shaders/Private/DeferredDecal.usf" 3127
"../../../Engine/Shaders/Private/DecalCommon.ush" 3128
"../../../Engine/Shaders/Private/DebugViewModeVertexShader.usf" 3129
"../../../Engine/Shaders/Private/DebugViewModeCommon.ush" 3130
"../../../Engine/Shaders/Private/DebugViewModePixelShader.usf" 3131
"../../../Engine/Shaders/Private/DebugProbes.usf" 3132
"../../../Engine/Shaders/Private/MeshDecals.usf" 3133
"../../../Engine/Shaders/Private/PostProcessAmbientOcclusion.usf" 3134
"../../../Engine/Shaders/Private/ClusteredDeferredShadingPixelShader.usf" 3135
"../../../Engine/Shaders/Private/ClusteredDeferredShadingVertexShader.usf" 3136
"../../../Engine/Shaders/Private/CapsuleShadowShaders.usf" 3137
"../../../Engine/Shaders/Private/BasePassPixelShader.usf" 3138
"../../../Engine/Shaders/Private/ForwardLightingCommon.ush" 3139
"../../../Engine/Shaders/Private/Substrate/SubstrateForwardLighting.ush" 3140
"../../../Engine/Shaders/Private/ComputeShaderOutputCommon.ush" 3141
"../../../Engine/Shaders/Private/BasePassVertexShader.usf" 3142
"../../../Engine/Shaders/Private/BasePassVertexCommon.ush" 3143
"../../../Engine/Shaders/Private/SimpleElementVolumeTexturePreviewPixelShader.usf" 3144
"../../../Engine/Shaders/Private/SimpleElementTexture2DPreviewPixelShader.usf" 3145
"../../../Engine/Shaders/Private/meshpaintdilatepixelshader.usf" 3146
"../../../Engine/Shaders/Private/meshpaintdilatevertexshader.usf" 3147
"../../../Engine/Shaders/Private/MeshPaintPixelShader.usf" 3148
"../../../Engine/Shaders/Private/MeshPaintVertexShader.usf" 3149
"../../../Engine/Shaders/Private/SlateElementPixelShader.usf" 3150
"../../../Engine/Shaders/Private/SlateShaderCommon.ush" 3151
"../../../Engine/Shaders/Private/SlateMaskingShader.usf" 3152
"../../../Engine/Shaders/Private/SlateVertexShader.usf" 3153
"../../../Engine/Shaders/Private/CompositeUIPixelShader.usf" 3154
"../../../Engine/Shaders/Private/ColorDeficiency.ush" 3155
"../../../Engine/Shaders/Private/SlatePostProcessColorDeficiencyPixelShader.usf" 3156
"../../../Engine/Shaders/Private/SlatePostProcessPixelShader.usf" 3157
"../../../Engine/Shaders/Private/Tools/VisualizeTexture.usf" 3158
"../../../Engine/Shaders/Private/UpdateDescriptorHandle.usf" 3159
"../../../Engine/Shaders/Private/ByteBuffer.usf" 3160
"../../../Engine/Shaders/Private/ShaderBundleWorkGraphDispatch.usf" 3161
"../../../Engine/Shaders/Private/ShaderBundleDispatch.usf" 3162
"../../../Engine/Shaders/Private/ResolveVertexShader.usf" 3163
"../../../Engine/Shaders/Private/ResolvePixelShader.usf" 3164
"../../../Engine/Shaders/Private/Tools/SetupIndirectArgs.usf" 3165
"../../../Engine/Shaders/Private/ClearReplacementShaders.usf" 3166
"../../../Engine/Shaders/Private/Tools/DrawTexture.usf" 3167
"../../../Engine/Shaders/Private/RayTracing/RayTracingValidation.usf" 3168
"../../../Engine/Shaders/Private/RenderGraphUtilities.usf" 3169
"../../../Engine/Shaders/Private/OneColorShader.usf" 3170
"../../../Engine/Shaders/Private/OculusShaders.usf" 3171
"../../../Engine/Shaders/Private/MediaShaders.usf" 3172
"../../../Engine/Shaders/Private/GPUMessaging.usf" 3173
"../../../Engine/Shaders/Private/Tools/GPUDebugCrashUtils.usf" 3174
"../../../Engine/Shaders/Private/NullPixelShader.usf" 3175
"../../../Engine/Shaders/Private/ComputeGenerateMips.usf" 3176
"../../../Engine/Shaders/Private/Tools/DumpTexture.usf" 3177
"../../../Engine/Shaders/Private/CopyTextureShaders.usf" 3178
"../../../Engine/Shaders/Private/Tools/FullscreenVertexShader.usf" 3179
"../../../Engine/Shaders/Private/RayTracing/RayTracingDispatchDesc.usf" 3180
"../../../Engine/Shaders/Private/Bink.usf" 3181
"../../../Engine/Shaders/Private/VelocityShader.usf" 3182
"../../../Engine/Shaders/Private/DepthOnlyPixelShader.usf" 3183
"../../../Engine/Shaders/Private/PositionOnlyDepthVertexShader.usf" 3184
"../../../Engine/Shaders/Private/DepthOnlyVertexShader.usf" 3185
"../../../Engine/Shaders/Private/AnisotropyPassShader.usf" 3186
"C:/Documents/Unreal Projects/HackAndSlash/goyslop/Content/Player/BP_Player.uasset" 3187
"/Engine/EngineResources/WhiteSquareTexture" 3188
"../../../Engine/Content/EngineResources/WhiteSquareTexture.uasset" 3189
"/Engine/EngineResources/GradientTexture0" 3190
"../../../Engine/Content/EngineResources/GradientTexture0.uasset" 3191
"/Engine/EngineResources/Black" 3192
"../../../Engine/Content/EngineResources/Black.uasset" 3193
"/Engine/EditorResources/S_Actor" 3194
"../../../Engine/Content/EditorResources/S_Actor.uasset" 3195
"/Engine/EngineFonts/RobotoDistanceField" 3196
"../../../Engine/Content/EngineFonts/RobotoDistanceField.uasset" 3197
"/Engine/EngineMaterials/DefaultTextMaterialOpaque" 3198
"../../../Engine/Content/EngineMaterials/DefaultTextMaterialOpaque.uasset" 3199
"/Engine/Functions/Engine_MaterialFunctions01/Shading/PowerToRoughness" 3200
"../../../Engine/Content/Functions/Engine_MaterialFunctions01/Shading/PowerToRoughness.uasset" 3201
"/Engine/Functions/Engine_MaterialFunctions01/Shading/ConvertFromDiffSpec" 3202
"../../../Engine/Content/Functions/Engine_MaterialFunctions01/Shading/ConvertFromDiffSpec.uasset" 3203
"/Engine/EngineMaterials/WorldGridMaterial" 3204
"../../../Engine/Content/EngineMaterials/WorldGridMaterial.uasset" 3205
"../../../Engine/Content/Functions/Engine_MaterialFunctions01/Opacity/CameraDepthFade.uasset" 3206
"../../../Engine/Content/EngineMaterials/T_Default_Material_Grid_M.uasset" 3207
"../../../Engine/Content/EngineMaterials/T_Default_Material_Grid_N.uasset" 3208
"/Engine/EngineMaterials/DefaultDeferredDecalMaterial" 3209
"../../../Engine/Content/EngineMaterials/DefaultDeferredDecalMaterial.uasset" 3210
"../../../Engine/Content/EngineMaterials/DefaultDiffuse.uasset" 3211
"/Engine/EngineMaterials/DefaultLightFunctionMaterial" 3212
"../../../Engine/Content/EngineMaterials/DefaultLightFunctionMaterial.uasset" 3213
"/Engine/EngineMaterials/DefaultPostProcessMaterial" 3214
"../../../Engine/Content/EngineMaterials/DefaultPostProcessMaterial.uasset" 3215
"../../../Engine/Content/Functions/Engine_MaterialFunctions02/Utility/BreakOutFloat2Components.uasset" 3216
"/Engine/EditorResources/S_Trigger" 3217
"../../../Engine/Content/EditorResources/S_Trigger.uasset" 3218
"/Engine/EditorResources/S_BoxReflectionCapture" 3219
"../../../Engine/Content/EditorResources/S_BoxReflectionCapture.uasset" 3220
"/Engine/EngineResources/DefaultTexture" 3221
"../../../Engine/Content/EngineResources/DefaultTexture.uasset" 3222
"/Engine/EditorResources/S_TriggerBox" 3223
"../../../Engine/Content/EditorResources/S_TriggerBox.uasset" 3224
"/Engine/EditorResources/S_TriggerCapsule" 3225
"../../../Engine/Content/EditorResources/S_TriggerCapsule.uasset" 3226
"/Engine/EditorResources/S_TriggerSphere" 3227
"../../../Engine/Content/EditorResources/S_TriggerSphere.uasset" 3228
"/Engine/EngineDamageTypes/DmgTypeBP_Environmental" 3229
"../../../Engine/Content/EngineDamageTypes/DmgTypeBP_Environmental.uasset" 3230
"/Engine/EngineMeshes/Sphere" 3231
"../../../Engine/Content/EngineMeshes/Sphere.uasset" 3232
"/Engine/EngineResources/DefaultTextureCube" 3233
"../../../Engine/Content/EngineResources/DefaultTextureCube.uasset" 3234
"/Engine/EngineResources/DefaultVolumeTexture" 3235
"../../../Engine/Content/EngineResources/DefaultVolumeTexture.uasset" 3236
"../../../Engine/Content/EngineResources/DefaultVolumeTexture2D.uasset" 3237
"/Engine/VREditor/TransformGizmo/SM_Sequencer_Node" 3238
"../../../Engine/Content/VREditor/TransformGizmo/SM_Sequencer_Node.uasset" 3239
"../../../Engine/Content/VREditor/TransformGizmo/Main.uasset" 3240
"../../../Engine/Content/VREditor/TransformGizmo/Xray.uasset" 3241
"/Engine/EditorResources/S_Solver" 3242
"../../../Engine/Content/EditorResources/S_Solver.uasset" 3243
"/Engine/EngineDebugMaterials/VolumeToRender" 3244
"../../../Engine/Content/EngineDebugMaterials/VolumeToRender.uasset" 3245
"/Engine/EngineDebugMaterials/M_VolumeRenderSphereTracePP" 3246
"../../../Engine/Content/EngineDebugMaterials/M_VolumeRenderSphereTracePP.uasset" 3247
"../../../Engine/Content/Functions/Engine_MaterialFunctions02/Utility/CameraDirectionVector.uasset" 3248
"/Engine/EditorMeshes/Camera/SM_CraneRig_Base" 3249
"../../../Engine/Content/EditorMeshes/Camera/SM_CraneRig_Base.uasset" 3250
"../../../Engine/Content/EditorMaterials/Camera/MI_CineMat_Rig.uasset" 3251
"../../../Engine/Content/EditorMaterials/Camera/CineMat.uasset" 3252
"/Engine/EditorMeshes/Camera/SM_CraneRig_Arm" 3253
"../../../Engine/Content/EditorMeshes/Camera/SM_CraneRig_Arm.uasset" 3254
"/Engine/EditorMeshes/Camera/SM_CraneRig_Mount" 3255
"../../../Engine/Content/EditorMeshes/Camera/SM_CraneRig_Mount.uasset" 3256
"/Engine/EditorMeshes/Camera/SM_CraneRig_Body" 3257
"../../../Engine/Content/EditorMeshes/Camera/SM_CraneRig_Body.uasset" 3258
"/Engine/EditorMeshes/Camera/SM_RailRig_Track" 3259
"../../../Engine/Content/EditorMeshes/Camera/SM_RailRig_Track.uasset" 3260
"/Engine/EditorMeshes/Camera/SM_RailRig_Mount" 3261
"../../../Engine/Content/EditorMeshes/Camera/SM_RailRig_Mount.uasset" 3262
"/Engine/EditorLandscapeResources/SplineEditorMesh" 3263
"../../../Engine/Content/EditorLandscapeResources/SplineEditorMesh.uasset" 3264
"../../../Engine/Content/EditorLandscapeResources/SplineEditorMeshMat.uasset" 3265
"/HairStrands/Materials/HairDebugMaterial" 3266
"../../Plugins/Runtime/HairStrands/Content/Materials/HairDebugMaterial.uasset" 3267
"../../../Engine/Content/Functions/Engine_MaterialFunctions02/Utility/MakeFloat2.uasset" 3268
"../../../Engine/Content/Functions/Engine_MaterialFunctions02/Utility/MakeFloat3.uasset" 3269
"../../../Engine/Content/EngineMaterials/HairColorMap.uasset" 3270
"../../../Engine/Content/EngineMaterials/HairDebugColor.uasset" 3271
"../../Plugins/Runtime/HairStrands/Content/Materials/HairGroupColors.uasset" 3272
"/HairStrands/Materials/HairDefaultMaterial" 3273
"../../Plugins/Runtime/HairStrands/Content/Materials/HairDefaultMaterial.uasset" 3274
"/HairStrands/Materials/HairCardsDefaultMaterial" 3275
"../../Plugins/Runtime/HairStrands/Content/Materials/HairCardsDefaultMaterial.uasset" 3276
"/HairStrands/Materials/HairMeshesDefaultMaterial" 3277
"../../Plugins/Runtime/HairStrands/Content/Materials/HairMeshesDefaultMaterial.uasset" 3278
"/Engine/BasicShapes/Cube" 3279
"../../../Engine/Content/BasicShapes/Cube.uasset" 3280
"/CameraCalibrationCore/Materials/M_DefaultOddSquare" 3281
"../../Plugins/VirtualProduction/CameraCalibrationCore/Content/Materials/M_DefaultOddSquare.uasset" 3282
"/CameraCalibrationCore/Materials/M_DefaultEvenSquare" 3283
"../../Plugins/VirtualProduction/CameraCalibrationCore/Content/Materials/M_DefaultEvenSquare.uasset" 3284
"/Engine/EngineMaterials/Widget3DPassThrough_Translucent" 3285
"../../../Engine/Content/EngineMaterials/Widget3DPassThrough_Translucent.uasset" 3286
"../../../Engine/Content/EngineMaterials/Widget3DPassThrough.uasset" 3287
"/Engine/EngineMaterials/Widget3DPassThrough_Translucent_OneSided" 3288
"../../../Engine/Content/EngineMaterials/Widget3DPassThrough_Translucent_OneSided.uasset" 3289
"/Engine/EngineMaterials/Widget3DPassThrough_Opaque" 3290
"../../../Engine/Content/EngineMaterials/Widget3DPassThrough_Opaque.uasset" 3291
"/Engine/EngineMaterials/Widget3DPassThrough_Opaque_OneSided" 3292
"../../../Engine/Content/EngineMaterials/Widget3DPassThrough_Opaque_OneSided.uasset" 3293
"/Engine/EngineMaterials/Widget3DPassThrough_Masked" 3294
"../../../Engine/Content/EngineMaterials/Widget3DPassThrough_Masked.uasset" 3295
"/Engine/EngineMaterials/Widget3DPassThrough_Masked_OneSided" 3296
"../../../Engine/Content/EngineMaterials/Widget3DPassThrough_Masked_OneSided.uasset" 3297
"/Engine/VREditor/ViewportInteractionAssetContainerData" 3298
"../../../Engine/Content/VREditor/ViewportInteractionAssetContainerData.uasset" 3299
"../../../Engine/Content/VREditor/SnapGrid/SnapGridMaterial.uasset" 3300
"../../../Engine/Content/VREditor/TransformGizmo/TransformGizmoMaterial_Inst.uasset" 3301
"../../../Engine/Content/VREditor/TransformGizmo/TranslucentTransformGizmoMaterial_Inst.uasset" 3302
"../../../Engine/Content/VREditor/SnapGrid/SnapGridPlaneMesh.uasset" 3303
"../../../Engine/Content/VREditor/Sounds/UI/Drop_Item_From_ContentBrowser.uasset" 3304
"../../../Engine/Content/VREditor/Sounds/UI/Gizmo_Handle_Clicked.uasset" 3305
"../../../Engine/Content/VREditor/Sounds/UI/Object_PickUp.uasset" 3306
"../../../Engine/Content/VREditor/Sounds/UI/Object_Snaps_To_Another_Actor.uasset" 3307
"../../../Engine/Content/VREditor/Sounds/UI/Object_Snaps_To_Grid.uasset" 3308
"../../../Engine/Content/VREditor/Sounds/UI/Scaling_Down.uasset" 3309
"../../../Engine/Content/VREditor/Sounds/UI/Scaling_Up.uasset" 3310
"../../../Engine/Content/VREditor/Sounds/UI/Selection_Changes.uasset" 3311
"../../../Engine/Content/VREditor/TransformGizmo/PlaneTranslationHandle.uasset" 3312
"../../../Engine/Content/VREditor/TransformGizmo/RotationHandleFull.uasset" 3313
"../../../Engine/Content/VREditor/TransformGizmo/RotationHandleIndicator.uasset" 3314
"../../../Engine/Content/VREditor/TransformGizmo/RotationHandleQuarter.uasset" 3315
"../../../Engine/Content/VREditor/TransformGizmo/StartRotationHandleIndicator.uasset" 3316
"../../../Engine/Content/VREditor/TransformGizmo/TransformGizmoFreeRotation.uasset" 3317
"../../../Engine/Content/VREditor/TransformGizmo/TranslateArrowHandle.uasset" 3318
"../../../Engine/Content/VREditor/TransformGizmo/UniformScaleHandle.uasset" 3319
"../../../Engine/Content/Functions/Engine_MaterialFunctions02/Math/Transform3x3Matrix.uasset" 3320
"../../../Engine/Content/Functions/Engine_MaterialFunctions02/SplitComponents.uasset" 3321
"../../../Engine/Content/VREditor/TransformGizmo/TransformGizmoMaterial.uasset" 3322
"../../../Engine/Content/VREditor/TransformGizmo/TranslucentTransformGizmoMaterial.uasset" 3323
"../../../Engine/Content/Functions/Engine_MaterialFunctions02/Utility/BreakOutFloat3Components.uasset" 3324
"../../../Engine/Content/VREditor/LaserPointer/VR_LaserPower_01.uasset" 3325
"/Engine/VREditor/TransformGizmo/BoundingBoxCorner" 3326
"../../../Engine/Content/VREditor/TransformGizmo/BoundingBoxCorner.uasset" 3327
"/Engine/VREditor/TransformGizmo/BoundingBoxEdge" 3328
"../../../Engine/Content/VREditor/TransformGizmo/BoundingBoxEdge.uasset" 3329
"/Engine/ArtTools/RenderToTexture/Meshes/S_1_Unit_Plane" 3330
"../../../Engine/Content/ArtTools/RenderToTexture/Meshes/S_1_Unit_Plane.uasset" 3331
"/Engine/EngineDebugMaterials/M_SimpleUnlitTranslucent" 3332
"../../../Engine/Content/EngineDebugMaterials/M_SimpleUnlitTranslucent.uasset" 3333
"/Engine/EngineFonts/Roboto" 3334
"../../../Engine/Content/EngineFonts/Roboto.uasset" 3335
"../../../Engine/Content/EngineFonts/Faces/DroidSansFallback.uasset" 3336
"../../../Engine/Content/EngineFonts/Faces/RobotoBold.uasset" 3337
"../../../Engine/Content/EngineFonts/Faces/RobotoBoldItalic.uasset" 3338
"../../../Engine/Content/EngineFonts/Faces/RobotoItalic.uasset" 3339
"../../../Engine/Content/EngineFonts/Faces/RobotoLight.uasset" 3340
"../../../Engine/Content/EngineFonts/Faces/RobotoRegular.uasset" 3341
"/Engine/EditorMaterials/ParticleSystems/PSysThumbnail_NoImage" 3342
"../../../Engine/Content/EditorMaterials/ParticleSystems/PSysThumbnail_NoImage.uasset" 3343
"/Engine/EditorMaterials/ParticleSystems/PSysThumbnail_OOD" 3344
"../../../Engine/Content/EditorMaterials/ParticleSystems/PSysThumbnail_OOD.uasset" 3345
"/Engine/EngineResources/LandscapeVisibilityLayerInfo" 3346
"../../../Engine/Content/EngineResources/LandscapeVisibilityLayerInfo.uasset" 3347
"../../../Engine/Content/Internationalization/icudt64l/coll/en.res" 3348
"/ACLPlugin/ACLAnimBoneCompressionSettings" 3349
"../../Plugins/Animation/ACLPlugin/Content/ACLAnimBoneCompressionSettings.uasset" 3350
"/Engine/Animation/DefaultRecorderBoneCompression" 3351
"../../../Engine/Content/Animation/DefaultRecorderBoneCompression.uasset" 3352
"/ACLPlugin/ACLAnimCurveCompressionSettings" 3353
"../../Plugins/Animation/ACLPlugin/Content/ACLAnimCurveCompressionSettings.uasset" 3354
"/Engine/Animation/DefaultVariableFrameStrippingSettings" 3355
"../../../Engine/Content/Animation/DefaultVariableFrameStrippingSettings.uasset" 3356
"/AudioWidgets/Resources/ScrubHandleDown_Clamped" 3357
"../../Plugins/Runtime/AudioWidgets/Content/Resources/ScrubHandleDown_Clamped.uasset" 3358
"/Paper2D/MaskedUnlitSpriteMaterial" 3359
"../../Plugins/2D/Paper2D/Content/MaskedUnlitSpriteMaterial.uasset" 3360
"../../Plugins/2D/Paper2D/Content/DefaultSpriteMaterial.uasset" 3361
"../../Plugins/2D/Paper2D/Content/PlaceholderTextures/DummySpriteTexture.uasset" 3362
"/Paper2D/OpaqueUnlitSpriteMaterial" 3363
"../../Plugins/2D/Paper2D/Content/OpaqueUnlitSpriteMaterial.uasset" 3364
"/Paper2D/DefaultPaperTerrainMaterial" 3365
"../../Plugins/2D/Paper2D/Content/DefaultPaperTerrainMaterial.uasset" 3366
"../../Plugins/2D/Paper2D/Content/DummySprite.uasset" 3367
"/ControlRig/Controls/ControlRigXRayMaterial" 3368
"../../Plugins/Animation/ControlRig/Content/Controls/ControlRigXRayMaterial.uasset" 3369
"/ControlRig/Controls/DefaultGizmoLibraryNormalized" 3370
"../../Plugins/Animation/ControlRig/Content/Controls/DefaultGizmoLibraryNormalized.uasset" 3371
"/ControlRig/M_Manip" 3372
"../../Plugins/Animation/ControlRig/Content/M_Manip.uasset" 3373
"../../../Engine/Content/Functions/Engine_MaterialFunctions02/WorldPositionOffset/CameraOffset.uasset" 3374
"B:/UEM4/UE_5.6/Engine/Binaries/ThirdParty/USD/UsdResources/Win64/plugins/plugInfo.json" 3375
"B:/UEM4/UE_5.6/Engine/Binaries/ThirdParty/USD/UsdResources/Win64/plugins/glf/resources/plugInfo.json" 3376
"B:/UEM4/UE_5.6/Engine/Binaries/ThirdParty/USD/UsdResources/Win64/plugins/hio/resources/plugInfo.json" 3377
"B:/UEM4/UE_5.6/Engine/Binaries/ThirdParty/USD/UsdResources/Win64/plugins/sdrGlslfx/resources/plugInfo.json" 3378
"B:/UEM4/UE_5.6/Engine/Binaries/ThirdParty/USD/UsdResources/Win64/plugins/unreal/resources/plugInfo.json" 3379
"B:/UEM4/UE_5.6/Engine/Binaries/ThirdParty/USD/UsdResources/Win64/plugins/usdAbc/resources/plugInfo.json" 3380
"B:/UEM4/UE_5.6/Engine/Binaries/ThirdParty/USD/UsdResources/Win64/plugins/usdGeom/resources/plugInfo.json" 3381
"B:/UEM4/UE_5.6/Engine/Binaries/ThirdParty/USD/UsdResources/Win64/plugins/usdImagingGL/resources/plugInfo.json" 3382
"B:/UEM4/UE_5.6/Engine/Binaries/ThirdParty/USD/UsdResources/Win64/plugins/usdHydra/resources/plugInfo.json" 3383
"B:/UEM4/UE_5.6/Engine/Binaries/ThirdParty/USD/UsdResources/Win64/plugins/hdx/resources/plugInfo.json" 3384
"B:/UEM4/UE_5.6/Engine/Binaries/ThirdParty/USD/UsdResources/Win64/plugins/usdMtlx/resources/plugInfo.json" 3385
"B:/UEM4/UE_5.6/Engine/Binaries/ThirdParty/USD/UsdResources/Win64/plugins/usdRender/resources/plugInfo.json" 3386
"B:/UEM4/UE_5.6/Engine/Binaries/ThirdParty/USD/UsdResources/Win64/plugins/usdShadeValidators/resources/plugInfo.json" 3387
"B:/UEM4/UE_5.6/Engine/Binaries/ThirdParty/USD/UsdResources/Win64/plugins/ndr/resources/plugInfo.json" 3388
"B:/UEM4/UE_5.6/Engine/Binaries/ThirdParty/USD/UsdResources/Win64/plugins/usdRi/resources/plugInfo.json" 3389
"B:/UEM4/UE_5.6/Engine/Binaries/ThirdParty/USD/UsdResources/Win64/plugins/usdMedia/resources/plugInfo.json" 3390
"B:/UEM4/UE_5.6/Engine/Binaries/ThirdParty/USD/UsdResources/Win64/plugins/usdPhysics/resources/plugInfo.json" 3391
"B:/UEM4/UE_5.6/Engine/Binaries/ThirdParty/USD/UsdResources/Win64/plugins/usdVolImaging/resources/plugInfo.json" 3392
"B:/UEM4/UE_5.6/Engine/Binaries/ThirdParty/USD/UsdResources/Win64/plugins/usdProc/resources/plugInfo.json" 3393
"B:/UEM4/UE_5.6/Engine/Binaries/ThirdParty/USD/UsdResources/Win64/plugins/usdUtilsValidators/resources/plugInfo.json" 3394
"B:/UEM4/UE_5.6/Engine/Binaries/ThirdParty/USD/UsdResources/Win64/plugins/usdRiPxrImaging/resources/plugInfo.json" 3395
"B:/UEM4/UE_5.6/Engine/Binaries/ThirdParty/USD/UsdResources/Win64/plugins/usdShade/resources/plugInfo.json" 3396
"B:/UEM4/UE_5.6/Engine/Binaries/ThirdParty/USD/UsdResources/Win64/plugins/usdValidation/resources/plugInfo.json" 3397
"B:/UEM4/UE_5.6/Engine/Binaries/ThirdParty/USD/UsdResources/Win64/plugins/usdVol/resources/plugInfo.json" 3398
"B:/UEM4/UE_5.6/Engine/Binaries/ThirdParty/USD/UsdResources/Win64/plugins/usdShaders/resources/plugInfo.json" 3399
"B:/UEM4/UE_5.6/Engine/Binaries/ThirdParty/USD/UsdResources/Win64/plugins/ar/resources/plugInfo.json" 3400
"B:/UEM4/UE_5.6/Engine/Binaries/ThirdParty/USD/UsdResources/Win64/plugins/usdSkel/resources/plugInfo.json" 3401
"B:/UEM4/UE_5.6/Engine/Binaries/ThirdParty/USD/UsdResources/Win64/plugins/hd/resources/plugInfo.json" 3402
"B:/UEM4/UE_5.6/Engine/Binaries/ThirdParty/USD/UsdResources/Win64/plugins/hdGp/resources/plugInfo.json" 3403
"B:/UEM4/UE_5.6/Engine/Binaries/ThirdParty/USD/UsdResources/Win64/plugins/hdStorm/resources/plugInfo.json" 3404
"B:/UEM4/UE_5.6/Engine/Binaries/ThirdParty/USD/UsdResources/Win64/plugins/hgiGL/resources/plugInfo.json" 3405
"B:/UEM4/UE_5.6/Engine/Binaries/ThirdParty/USD/UsdResources/Win64/plugins/sdf/resources/plugInfo.json" 3406
"B:/UEM4/UE_5.6/Engine/Binaries/ThirdParty/USD/UsdResources/Win64/plugins/hioAvif/resources/plugInfo.json" 3407
"B:/UEM4/UE_5.6/Engine/Binaries/ThirdParty/USD/UsdResources/Win64/plugins/ueCloth/resources/plugInfo.json" 3408
"B:/UEM4/UE_5.6/Engine/Binaries/ThirdParty/USD/UsdResources/Win64/plugins/usd/resources/plugInfo.json" 3409
"B:/UEM4/UE_5.6/Engine/Binaries/ThirdParty/USD/UsdResources/Win64/plugins/usdImaging/resources/plugInfo.json" 3410
"B:/UEM4/UE_5.6/Engine/Binaries/ThirdParty/USD/UsdResources/Win64/plugins/usdGeomValidators/resources/plugInfo.json" 3411
"B:/UEM4/UE_5.6/Engine/Binaries/ThirdParty/USD/UsdResources/Win64/plugins/usdLux/resources/plugInfo.json" 3412
"B:/UEM4/UE_5.6/Engine/Binaries/ThirdParty/USD/UsdResources/Win64/plugins/usdProcImaging/resources/plugInfo.json" 3413
"B:/UEM4/UE_5.6/Engine/Binaries/ThirdParty/USD/UsdResources/Win64/plugins/usdSemantics/resources/plugInfo.json" 3414
"B:/UEM4/UE_5.6/Engine/Binaries/ThirdParty/USD/UsdResources/Win64/plugins/usdUI/resources/plugInfo.json" 3415
"B:/UEM4/UE_5.6/Engine/Binaries/ThirdParty/USD/UsdResources/Win64/plugins/usdSkelValidators/resources/plugInfo.json" 3416
"B:/UEM4/UE_5.6/Engine/Binaries/ThirdParty/USD/UsdResources/Win64/plugins/hdSt/resources/plugInfo.json" 3417
"B:/UEM4/UE_5.6/Engine/Binaries/ThirdParty/USD/UsdResources/Win64/plugins/usdSkelImaging/resources/plugInfo.json" 3418
"B:/UEM4/UE_5.6/Engine/Binaries/ThirdParty/USD/UsdResources/Win64/plugins/usd/resources/codegenTemplates/plugInfo.json" 3419
"/MediaPlate/SM_MediaPlateScreen" 3420
"../../Plugins/Media/MediaPlate/Content/SM_MediaPlateScreen.uasset" 3421
"/SpeedTreeImporter/SpeedTree9/SpeedTreeMaster" 3422
"../../Plugins/Editor/SpeedTreeImporter/Content/SpeedTree9/SpeedTreeMaster.uasset" 3423
"../../../Engine/Content/Functions/Engine_MaterialFunctions02/ObjectLocalBounds.uasset" 3424
"../../../Engine/Content/Functions/Engine_MaterialFunctions02/SafeNormalize.uasset" 3425
"../../../Engine/Content/Functions/Engine_MaterialFunctions02/Utility/VectorLength.uasset" 3426
"../../../Engine/Content/Functions/Engine_MaterialFunctions02/UVs/BoundingBoxBased_0-1_UVW.uasset" 3427
"../../../Engine/Content/Functions/Engine_MaterialFunctions02/WorldPositionOffset/ObjectScale.uasset" 3428
"../../Plugins/Editor/SpeedTreeImporter/Content/SpeedTree9/SpeedTreeBranchMotion.uasset" 3429
"../../Plugins/Editor/SpeedTreeImporter/Content/SpeedTree9/SpeedTreeCameraFacing.uasset" 3430
"../../Plugins/Editor/SpeedTreeImporter/Content/SpeedTree9/SpeedTreeWind.uasset" 3431
"../../Plugins/Editor/SpeedTreeImporter/Content/SpeedTree9/SpeedTreeWindMotion.uasset" 3432
"../../Plugins/Editor/SpeedTreeImporter/Content/SpeedTree9/UnpackDirection.uasset" 3433
"../../Plugins/Editor/SpeedTreeImporter/Content/SpeedTree9/UnpackInteger3.uasset" 3434
"../../Plugins/Editor/SpeedTreeImporter/Content/SpeedTree9/Empty.uasset" 3435
"../../Plugins/Editor/SpeedTreeImporter/Content/SpeedTree9/EmptyNormal.uasset" 3436
"../../Plugins/Editor/SpeedTreeImporter/Content/SpeedTree9/game_wind_noise.uasset" 3437
"/SpeedTreeImporter/SpeedTree9/SpeedTreeBillboardMaster" 3438
"../../Plugins/Editor/SpeedTreeImporter/Content/SpeedTree9/SpeedTreeBillboardMaster.uasset" 3439
"../../Plugins/Editor/SpeedTreeImporter/Content/SpeedTree9/SpeedTreeBillboard.uasset" 3440
"/Engine/BasicShapes/BasicShapeMaterial" 3441
"../../../Engine/Content/BasicShapes/BasicShapeMaterial.uasset" 3442
"/Engine/EditorMaterials/Dataflow/DataflowVertexMaterial" 3443
"../../../Engine/Content/EditorMaterials/Dataflow/DataflowVertexMaterial.uasset" 3444
"/Engine/EditorMaterials/Dataflow/DataflowTwoSidedVertexMaterial" 3445
"../../../Engine/Content/EditorMaterials/Dataflow/DataflowTwoSidedVertexMaterial.uasset" 3446
"/Engine/EditorLandscapeResources/LayerVisMaterial" 3447
"../../../Engine/Content/EditorLandscapeResources/LayerVisMaterial.uasset" 3448
"../../../Engine/Content/EditorLandscapeResources/WhiteSquareTexture.uasset" 3449
"/Engine/EditorLandscapeResources/SelectBrushMaterial_Selected" 3450
"../../../Engine/Content/EditorLandscapeResources/SelectBrushMaterial_Selected.uasset" 3451
"../../../Engine/Content/EditorLandscapeResources/SelectBrushMaterial.uasset" 3452
"../../../Engine/Content/Functions/Engine_MaterialFunctions03/Math/WithinRangeFloat2.uasset" 3453
"../../../Engine/Content/EditorLandscapeResources/DefaultAlphaTexture.uasset" 3454
"/Engine/EditorLandscapeResources/SelectBrushMaterial_SelectedRegion" 3455
"../../../Engine/Content/EditorLandscapeResources/SelectBrushMaterial_SelectedRegion.uasset" 3456
"/Engine/EditorLandscapeResources/MaskBrushMaterial_MaskedRegion" 3457
"../../../Engine/Content/EditorLandscapeResources/MaskBrushMaterial_MaskedRegion.uasset" 3458
"../../../Engine/Content/EditorLandscapeResources/MaskBrushMaterial.uasset" 3459
"/Engine/EditorLandscapeResources/ColorMaskBrushMaterial_MaskedRegion" 3460
"../../../Engine/Content/EditorLandscapeResources/ColorMaskBrushMaterial_MaskedRegion.uasset" 3461
"../../../Engine/Content/EditorLandscapeResources/ColorMaskBrushMaterial.uasset" 3462
"/Engine/EditorLandscapeResources/LandscapeDirtyMaterial" 3463
"../../../Engine/Content/EditorLandscapeResources/LandscapeDirtyMaterial.uasset" 3464
"/Engine/EditorLandscapeResources/LandscapeLayerUsageMaterial" 3465
"../../../Engine/Content/EditorLandscapeResources/LandscapeLayerUsageMaterial.uasset" 3466
"../../../Engine/Content/Functions/Engine_MaterialFunctions01/Debug/DebugIntValues.uasset" 3467
"../../../Engine/Content/Functions/Engine_MaterialFunctions01/Texturing/ScaleUVsByCenter.uasset" 3468
"../../../Engine/Content/Functions/Engine_MaterialFunctions02/WorldPositionOffset/LocalPosition.uasset" 3469
"../../../Engine/Content/Functions/Engine_MaterialFunctions01/Texturing/TextureCropping.uasset" 3470
"../../../Engine/Content/Functions/Engine_MaterialFunctions02/ExampleContent/DebugNumberStrip.uasset" 3471
"C:/Users/?????/AppData/Local/UnrealEngine/Editor/UInteractiveToolsPresetCollectionAsset_DefaultCollection.json" 3472
"/Engine/EngineMaterials/NaniteHiddenSectionMaterial" 3473
"../../../Engine/Content/EngineMaterials/NaniteHiddenSectionMaterial.uasset" 3474
"/Engine/EngineMaterials/RemoveSurfaceMaterial" 3475
"../../../Engine/Content/EngineMaterials/RemoveSurfaceMaterial.uasset" 3476
"/Engine/EngineDebugMaterials/DebugMeshMaterial" 3477
"../../../Engine/Content/EngineDebugMaterials/DebugMeshMaterial.uasset" 3478
"/Engine/EngineMaterials/EmissiveMeshMaterial" 3479
"../../../Engine/Content/EngineMaterials/EmissiveMeshMaterial.uasset" 3480
"../../../Engine/Content/EngineMaterials/DefaultWhiteGrid_Low.uasset" 3481
"/Engine/EngineMaterials/M_InvalidLightmapSettings" 3482
"../../../Engine/Content/EngineMaterials/M_InvalidLightmapSettings.uasset" 3483
"../../../Engine/Content/EngineMaterials/InvalidLightmapSettings.uasset" 3484
"/Engine/EngineMaterials/GizmoMaterial" 3485
"../../../Engine/Content/EngineMaterials/GizmoMaterial.uasset" 3486
"/Engine/EngineMaterials/PhAT_JointLimitMaterial" 3487
"../../../Engine/Content/EngineMaterials/PhAT_JointLimitMaterial.uasset" 3488
"/Engine/EngineMaterials/FlattenMaterial" 3489
"../../../Engine/Content/EngineMaterials/FlattenMaterial.uasset" 3490
"../../../Engine/Content/EngineMaterials/BaseFlattenDiffuseMap.uasset" 3491
"../../../Engine/Content/EngineMaterials/BaseFlattenEmissiveMap.uasset" 3492
"../../../Engine/Content/EngineMaterials/BaseFlattenGrayscaleMap.uasset" 3493
"../../../Engine/Content/EngineMaterials/BaseFlattenLinearColor.uasset" 3494
"../../../Engine/Content/EngineMaterials/BaseFlattenNormalMap.uasset" 3495
"../../../Engine/Content/Functions/Engine_MaterialFunctions02/PivotPainter2/Black_1x1_EXR_Texture.uasset" 3496
"/Engine/EngineMaterials/FlattenMaterial_VT" 3497
"../../../Engine/Content/EngineMaterials/FlattenMaterial_VT.uasset" 3498
"../../../Engine/Content/EngineMaterials/BaseFlattenDiffuseMap_VT.uasset" 3499
"../../../Engine/Content/EngineMaterials/BaseFlattenEmissiveMap_VT.uasset" 3500
"../../../Engine/Content/EngineMaterials/BaseFlattenGrayscaleMap_VT.uasset" 3501
"../../../Engine/Content/EngineMaterials/BaseFlattenLinearColor_VT.uasset" 3502
"../../../Engine/Content/EngineMaterials/BaseFlattenNormalMap_VT.uasset" 3503
"../../../Engine/Content/EngineMaterials/Black_1x1_EXR_Texture_VT.uasset" 3504
"/Engine/EngineMaterials/FlattenMaterial_WS_Normal_VT" 3505
"../../../Engine/Content/EngineMaterials/FlattenMaterial_WS_Normal_VT.uasset" 3506
"/Engine/EngineMaterials/Good64x64TilingNoiseHighFreq" 3507
"../../../Engine/Content/EngineMaterials/Good64x64TilingNoiseHighFreq.uasset" 3508
"/Engine/EngineMaterials/DefaultBokeh" 3509
"../../../Engine/Content/EngineMaterials/DefaultBokeh.uasset" 3510
"/Engine/EngineMaterials/MiniFont" 3511
"../../../Engine/Content/EngineMaterials/MiniFont.uasset" 3512
"/Engine/EngineMaterials/WeightMapPlaceholderTexture" 3513
"../../../Engine/Content/EngineMaterials/WeightMapPlaceholderTexture.uasset" 3514
"/Engine/EngineMaterials/WeightMapArrayPlaceholderTexture" 3515
"../../../Engine/Content/EngineMaterials/WeightMapArrayPlaceholderTexture.uasset" 3516
"/Engine/EngineMaterials/DefaultWhiteGrid" 3517
"../../../Engine/Content/EngineMaterials/DefaultWhiteGrid.uasset" 3518
"/Engine/EngineMaterials/PreintegratedSkinBRDF" 3519
"../../../Engine/Content/EngineMaterials/PreintegratedSkinBRDF.uasset" 3520
"/Engine/EngineMaterials/LTC/GGX_LTCAmp" 3521
"../../../Engine/Content/EngineMaterials/LTC/GGX_LTCAmp.uasset" 3522
"/Engine/EngineMaterials/LTC/GGX_LTCMat" 3523
"../../../Engine/Content/EngineMaterials/LTC/GGX_LTCMat.uasset" 3524
"/Engine/EngineMaterials/EnergyConservation/GGX_ReflectionEnergy" 3525
"../../../Engine/Content/EngineMaterials/EnergyConservation/GGX_ReflectionEnergy.uasset" 3526
"/Engine/EngineMaterials/EnergyConservation/GGX_TransmissionEnergyArray" 3527
"../../../Engine/Content/EngineMaterials/EnergyConservation/GGX_TransmissionEnergyArray.uasset" 3528
"/Engine/EngineMaterials/EnergyConservation/SheenLegacy_Energy" 3529
"../../../Engine/Content/EngineMaterials/EnergyConservation/SheenLegacy_Energy.uasset" 3530
"/Engine/EngineMaterials/DefaultPhysicalMaterial" 3531
"../../../Engine/Content/EngineMaterials/DefaultPhysicalMaterial.uasset" 3532
"/Engine/EngineMaterials/DefaultDestructiblePhysicalMaterial" 3533
"../../../Engine/Content/EngineMaterials/DefaultDestructiblePhysicalMaterial.uasset" 3534
"C:/Users/?????/AppData/Local/UnrealEngine/Editor/ProjectEditorRecords.json" 3535
"/Niagara/ParameterDefinitions/SpriteRenderer" 3536
"../../Plugins/FX/Niagara/Content/ParameterDefinitions/SpriteRenderer.uasset" 3537
"/Niagara/ParameterDefinitions/RibbonRenderer" 3538
"../../Plugins/FX/Niagara/Content/ParameterDefinitions/RibbonRenderer.uasset" 3539
"/Niagara/ParameterDefinitions/MeshRenderer" 3540
"../../Plugins/FX/Niagara/Content/ParameterDefinitions/MeshRenderer.uasset" 3541
"/Niagara/ParameterDefinitions/LightRenderer" 3542
"../../Plugins/FX/Niagara/Content/ParameterDefinitions/LightRenderer.uasset" 3543
"/Niagara/ParameterDefinitions/DecalRenderer" 3544
"../../Plugins/FX/Niagara/Content/ParameterDefinitions/DecalRenderer.uasset" 3545
"/Niagara/ParameterDefinitions/CoreParameters" 3546
"../../Plugins/FX/Niagara/Content/ParameterDefinitions/CoreParameters.uasset" 3547
"/DeformerGraph/Deformers/DG_LinearBlendSkin_Morph_Cloth" 3548
"../../Plugins/Animation/DeformerGraph/Content/Deformers/DG_LinearBlendSkin_Morph_Cloth.uasset" 3549
"../../Plugins/Animation/DeformerGraph/Content/DeformerFunctions/DG_Function_LinearBlendSkin_Morph_Cloth.uasset" 3550
"/DeformerGraph/Deformers/DG_LinearBlendSkin_Morph_Cloth_RecomputeNormals" 3551
"../../Plugins/Animation/DeformerGraph/Content/Deformers/DG_LinearBlendSkin_Morph_Cloth_RecomputeNormals.uasset" 3552
"../../Plugins/Animation/DeformerGraph/Content/DeformerFunctions/DG_Function_ComputeNormalsTangents.uasset" 3553
"../../Plugins/Animation/DeformerGraph/Content/DeformerFunctions/DG_Function_LinearBlendSkin_Morph_Cloth_PositionOnly.uasset" 3554
"/Engine/EditorResources/SequenceRecorder/Countdown" 3555
"../../../Engine/Content/EditorResources/SequenceRecorder/Countdown.uasset" 3556
"/Engine/EditorResources/SequenceRecorder/RecordingIndicator" 3557
"../../../Engine/Content/EditorResources/SequenceRecorder/RecordingIndicator.uasset" 3558
"/Engine/EditorMaterials/PhAT_UnselectedMaterial" 3559
"../../../Engine/Content/EditorMaterials/PhAT_UnselectedMaterial.uasset" 3560
"/Engine/EditorMaterials/PhAT_NoCollisionMaterial" 3561
"../../../Engine/Content/EditorMaterials/PhAT_NoCollisionMaterial.uasset" 3562
"/Engine/BasicShapes/Sphere" 3563
"../../../Engine/Content/BasicShapes/Sphere.uasset" 3564
"../../../Engine/Content/EngineMaterials/DefaultMaterial.uasset" 3565
"/Engine/BasicShapes/Cylinder" 3566
"../../../Engine/Content/BasicShapes/Cylinder.uasset" 3567
"/Engine/BasicShapes/Cone" 3568
"../../../Engine/Content/BasicShapes/Cone.uasset" 3569
"/Engine/BasicShapes/Plane" 3570
"../../../Engine/Content/BasicShapes/Plane.uasset" 3571
"/Engine/EngineFonts/DroidSansMono" 3572
"../../../Engine/Content/EngineFonts/DroidSansMono.uasset" 3573
"../../../Engine/Content/EngineFonts/Faces/DroidSansMono.uasset" 3574
"../../../Engine/Documentation/Source/Shared/Types/ABrush/ABrush.INT.udn" 3575
"../../../Engine/Content/Internationalization/icudt64l/brkitr/ru.res" 3576
"../../../Engine/Content/Internationalization/icudt64l/brkitr/root.res" 3577
"../../../Engine/Content/Internationalization/icudt64l/brkitr/char.brk" 3578
"../../../Engine/Content/Internationalization/icudt64l/brkitr/word.brk" 3579
"/Engine/EditorResources/S_Terrain" 3580
"../../../Engine/Content/EditorResources/S_Terrain.uasset" 3581
"../../../Engine/Plugins/FX/Niagara/Shaders/Private/NiagaraDataInterfaceTexture2DArrayTemplate.ush" 3582
"../../../Engine/Plugins/FX/Niagara/Shaders/Private/NiagaraDataInterfaceActorComponentTemplate.ush" 3583
"../../../Engine/Plugins/FX/Niagara/Shaders/Private/NiagaraDataInterfaceArrayTemplate.ush" 3584
"../../../Engine/Plugins/FX/Niagara/Shaders/Private/NiagaraDataInterfaceArrayRWTemplate.ush" 3585
"../../../Engine/Plugins/FX/Niagara/Shaders/Private/NiagaraDataInterfaceAsyncGpuTrace.ush" 3586
"../../../Engine/Plugins/FX/Niagara/Shaders/Private/NiagaraDataInterfaceAsyncGpuTraceTemplate.ush" 3587
"../../../Engine/Plugins/FX/Niagara/Shaders/Private/NiagaraDataInterfaceCamera.ush" 3588
"../../../Engine/Plugins/Experimental/ChaosNiagara/Shaders/NiagaraDataInterfaceChaosDestruction.ush" 3589
"../../../Engine/Plugins/FX/Niagara/Shaders/Private/NiagaraDataInterfaceCollisionQuery.ush" 3590
"C:/Documents/Unreal Projects/HackAndSlash/goyslop/Intermediate/ShaderAutogen/PCD3D_SM5/AutogenShaderHeaders.ush" 3591
"../../../Engine/Plugins/FX/Niagara/Shaders/Private/NiagaraDataInterfaceCollisionQueryTemplate.ush" 3592
"../../../Engine/Plugins/FX/Niagara/Shaders/Private/NiagaraDataInterfaceCurveTemplate.ush" 3593
"../../../Engine/Plugins/FX/Niagara/Shaders/Private/NiagaraDataInterfaceCubeTextureTemplate.ush" 3594
"../../../Engine/Plugins/FX/Niagara/Shaders/Private/DataChannel/NiagaraDataInterfaceDataChannelCommon.ush" 3595
"../../../Engine/Plugins/FX/Niagara/Shaders/Private/DataChannel/NiagaraDataInterfaceDataChannelTemplateCommon.ush" 3596
"../../../Engine/Plugins/FX/Niagara/Shaders/Private/DataChannel/NiagaraDataInterfaceDataChannelTemplateReadCommon.ush" 3597
"../../../Engine/Plugins/FX/Niagara/Shaders/Private/DataChannel/NiagaraDataInterfaceDataChannelTemplate_Read.ush" 3598
"../../../Engine/Plugins/FX/Niagara/Shaders/Private/DataChannel/NiagaraDataInterfaceDataChannelTemplate_Consume.ush" 3599
"../../../Engine/Plugins/FX/Niagara/Shaders/Private/DataChannel/NiagaraDataInterfaceDataChannelTemplateWriteCommon.ush" 3600
"../../../Engine/Plugins/FX/Niagara/Shaders/Private/DataChannel/NiagaraDataInterfaceDataChannelTemplate_Append.ush" 3601
"../../../Engine/Plugins/FX/Niagara/Shaders/Private/NiagaraDataInterfaceDataTableTemplate.ush" 3602
"../../../Engine/Plugins/FX/Niagara/Shaders/Private/NiagaraDataInterfaceDebugDraw.ush" 3603
"../../../Engine/Plugins/FX/Niagara/Shaders/Private/NiagaraDataInterfaceDebugDrawTemplate.ush" 3604
"../../../Engine/Plugins/FX/Niagara/Shaders/Private/NiagaraDataInterfaceDynamicMeshTemplate.ush" 3605
"../../../Engine/Plugins/FX/Niagara/Shaders/Private/NiagaraDataInterfaceEmitterPropertiesTemplate.ush" 3606
"../../../Engine/Plugins/FX/Niagara/Shaders/Private/NiagaraDataInterfaceExportTemplate.ush" 3607
"../../../Engine/Plugins/FX/Niagara/Shaders/Private/NiagaraDataInterfaceGBufferTemplate.ush" 3608
"../../../Engine/Plugins/Experimental/ChaosNiagara/Shaders/NiagaraDataInterfaceGeometryCollection.ush" 3609
"../../../Engine/Plugins/FX/Niagara/Shaders/Private/NiagaraTransformUtils.ush" 3610
"../../../Engine/Plugins/Runtime/HairStrands/Shaders/Private/NiagaraStrandsExternalForce.ush" 3611
"../../../Engine/Plugins/Runtime/HairStrands/Shaders/Private/NiagaraHookeSpringMaterial.ush" 3612
"../../../Engine/Plugins/Runtime/HairStrands/Shaders/Private/NiagaraAngularSpringMaterial.ush" 3613
"../../../Engine/Plugins/Runtime/HairStrands/Shaders/Private/NiagaraConstantVolumeMaterial.ush" 3614
"../../../Engine/Plugins/Runtime/HairStrands/Shaders/Private/NiagaraCosseratRodMaterial.ush" 3615
"../../../Engine/Plugins/Runtime/HairStrands/Shaders/Private/NiagaraStaticCollisionConstraint.ush" 3616
"../../../Engine/Plugins/Runtime/HairStrands/Shaders/Private/NiagaraDataInterfaceHairStrands.ush" 3617
"../../../Engine/Plugins/Runtime/HairStrands/Shaders/Private/NiagaraDataInterfaceHairStrandsTemplate.ush" 3618
"../../../Engine/Plugins/FX/Niagara/Shaders/Private/NiagaraDataInterfaceIntRenderTarget2D.ush" 3619
"../../../Engine/Plugins/FX/Niagara/Shaders/Private/NiagaraDataInterfaceLandscape.ush" 3620
"../../../Engine/Plugins/FX/Niagara/Shaders/Private/NiagaraDataInterfaceMemoryBufferTemplate.ush" 3621
"../../../Engine/Plugins/FX/Niagara/Shaders/Private/NiagaraDataInterfaceMeshRendererInfoTemplate.ush" 3622
"../../../Engine/Plugins/FX/Niagara/Shaders/Private/NiagaraDataInterfaceOcclusion.ush" 3623
"../../../Engine/Plugins/FX/Niagara/Shaders/Private/NiagaraDataInterfacePhysicsAsset.ush" 3624
"../../../Engine/Plugins/Experimental/ChaosNiagara/Shaders/NiagaraDataInterfacePhysicsField.ush" 3625
"../../../Engine/Plugins/FX/Niagara/Shaders/Private/NiagaraDataInterfacePlatformSetTemplate.ush" 3626
"../../../Engine/Plugins/Runtime/HairStrands/Shaders/Private/NiagaraDataInterfaceVelocityGrid.ush" 3627
"../../../Engine/Plugins/Runtime/HairStrands/Shaders/Private/NiagaraDataInterfaceVelocityGridTemplate.ush" 3628
"../../../Engine/Plugins/Runtime/HairStrands/Shaders/Private/NiagaraDataInterfacePressureGrid.ush" 3629
"../../../Engine/Plugins/Runtime/HairStrands/Shaders/Private/NiagaraDataInterfacePressureGridTemplate.ush" 3630
"../../../Engine/Plugins/FX/Niagara/Shaders/Private/NiagaraDataInterfaceRenderTarget2DTemplate.ush" 3631
"../../../Engine/Plugins/FX/Niagara/Shaders/Private/NiagaraDataInterfaceRenderTarget2DArrayTemplate.ush" 3632
"../../../Engine/Plugins/FX/Niagara/Shaders/Private/NiagaraDataInterfaceRenderTargetCubeTemplate.ush" 3633
"../../../Engine/Plugins/FX/Niagara/Shaders/Private/NiagaraDataInterfaceRenderTargetVolumeTemplate.ush" 3634
"../../../Engine/Plugins/FX/Niagara/Shaders/Private/NiagaraDataInterfaceRigidMeshCollisionQuery.ush" 3635
"../../../Engine/Plugins/FX/Niagara/Shaders/Private/NiagaraDistanceFieldQueries.ush" 3636
"../../../Engine/Plugins/FX/Niagara/Shaders/Private/NiagaraDataInterfaceSceneCapture2DTemplate.ush" 3637
"../../../Engine/Plugins/FX/Niagara/Shaders/Private/NiagaraDataInterfaceSimCacheReaderTemplate.ush" 3638
"../../../Engine/Plugins/FX/Niagara/Shaders/Private/NiagaraDataInterfaceSimpleCounterTemplate.ush" 3639
"../../../Engine/Plugins/FX/Niagara/Shaders/Private/NiagaraDataInterfaceSkeletalMesh.ush" 3640
"../../../Engine/Plugins/FX/Niagara/Shaders/Private/NiagaraBaryCentricUtils.ush" 3641
"../../../Engine/Plugins/FX/Niagara/Shaders/Private/NiagaraDataInterfaceSkeletalMeshTemplate.ush" 3642
"../../../Engine/Plugins/FX/Niagara/Shaders/Private/NiagaraDataInterfaceSocketReaderTemplate.ush" 3643
"../../../Engine/Plugins/FX/Niagara/Shaders/Private/NiagaraDataInterfaceSparseVolumeTextureTemplate.ush" 3644
"../../../Engine/Plugins/FX/Niagara/Shaders/Private/NiagaraDataInterfaceSplineTemplate.ush" 3645
"../../../Engine/Plugins/FX/Niagara/Shaders/Private/NiagaraDataInterfaceSpriteRendererInfoTemplate.ush" 3646
"../../../Engine/Plugins/FX/Niagara/Shaders/Private/NiagaraDataInterfaceStaticMeshTemplate.ush" 3647
"../../../Engine/Plugins/FX/Niagara/Shaders/Private/NiagaraDataInterfaceTextureTemplate.ush" 3648
"../../../Engine/Plugins/FX/Niagara/Shaders/Private/NiagaraDataInterfaceVirtualTexture.ush" 3649
"../../../Engine/Plugins/FX/Niagara/Shaders/Private/NiagaraDataInterfaceVirtualTextureTemplate.ush" 3650
"../../../Engine/Plugins/FX/Niagara/Shaders/Private/NiagaraDataInterfaceVolumeCache.ush" 3651
"../../../Engine/Plugins/FX/Niagara/Shaders/Private/NiagaraDataInterfaceVolumeTextureTemplate.ush" 3652
"C:/Documents/Unreal Projects/HackAndSlash/goyslop/Content/Developers/betri/BPS/BP_Teleporter.uasset" 3653
"C:/Documents/Unreal Projects/HackAndSlash/goyslop/Content/Developers/betri/Models/goy.uasset" 3654
"C:/Documents/Unreal Projects/HackAndSlash/goyslop/Content/Developers/betri/MM_Base_sharedassets/3_LayerInfo.uasset" 3655
"C:/Documents/Unreal Projects/HackAndSlash/goyslop/Content/Developers/betri/Models/Karyga.uasset" 3656
"C:/Documents/Unreal Projects/HackAndSlash/goyslop/Content/Developers/betri/Models/map_1blinn6SG_001.uasset" 3657
"C:/Documents/Unreal Projects/HackAndSlash/goyslop/Content/Developers/betri/Models/kryw.uasset" 3658
"C:/Documents/Unreal Projects/HackAndSlash/goyslop/Content/Developers/betri/Models/tree.uasset" 3659
"C:/Documents/Unreal Projects/HackAndSlash/goyslop/Content/Developers/betri/Interface/Wbp_Arenas.uasset" 3660
"C:/Documents/Unreal Projects/HackAndSlash/goyslop/Content/Developers/betri/Models/kus.uasset" 3661
"C:/Documents/Unreal Projects/HackAndSlash/goyslop/Content/Developers/betri/Prototypes/grm1.uasset" 3662
"C:/Documents/Unreal Projects/HackAndSlash/goyslop/Content/Developers/betri/Models/Dull.uasset" 3663
"C:/Documents/Unreal Projects/HackAndSlash/goyslop/Content/Developers/betri/Models/Kolyshek.uasset" 3664
"C:/Documents/Unreal Projects/HackAndSlash/goyslop/Content/Developers/betri/Models/map_1blinn6SG_baseColor.uasset" 3665
"C:/Documents/Unreal Projects/HackAndSlash/goyslop/Content/Developers/betri/Models/map_1blinn6SG.uasset" 3666
"C:/Documents/Unreal Projects/HackAndSlash/goyslop/Content/Developers/betri/Models/gra.uasset" 3667
"C:/Documents/Unreal Projects/HackAndSlash/goyslop/Content/Developers/betri/Models/Mball.uasset" 3668
"C:/Documents/Unreal Projects/HackAndSlash/goyslop/Content/Developers/betri/Models/bush03_jabami_mesh.uasset" 3669
"C:/Documents/Unreal Projects/HackAndSlash/goyslop/Content/Developers/betri/Materials/Smola.uasset" 3670
"C:/Documents/Unreal Projects/HackAndSlash/goyslop/Content/Developers/betri/BP_Tryasina.uasset" 3671
"C:/Documents/Unreal Projects/HackAndSlash/goyslop/Content/Developers/betri/Interface/WBP_Smola.uasset" 3672
"C:/Documents/Unreal Projects/HackAndSlash/goyslop/Content/Developers/betri/Textures/Resin_Frame.uasset" 3673
"C:/Documents/Unreal Projects/HackAndSlash/goyslop/Content/Developers/betri/Prototypes/scene/StaticMeshes/s.uasset" 3674
"C:/Documents/Unreal Projects/HackAndSlash/goyslop/Content/Developers/betri/Prototypes/scene/StaticMeshes/map_1lambert5SG.uasset" 3675
"C:/Documents/Unreal Projects/HackAndSlash/goyslop/Content/Developers/betri/Prototypes/scene/StaticMeshes/Lake.uasset" 3676
"C:/Documents/Unreal Projects/HackAndSlash/goyslop/Content/Developers/betri/Prototypes/map_1object_baseColor.uasset" 3677
"C:/Documents/Unreal Projects/HackAndSlash/goyslop/Content/Developers/betri/Prototypes/Object_5_001.uasset" 3678
"C:/Documents/Unreal Projects/HackAndSlash/goyslop/Content/Developers/betri/Prototypes/map_1object_emissive.uasset" 3679
"C:/Documents/Unreal Projects/HackAndSlash/goyslop/Content/Developers/betri/Prototypes/map_1blinn6SG_004.uasset" 3680
"C:/Documents/Unreal Projects/HackAndSlash/goyslop/Content/Developers/betri/Prototypes/map_1object_001.uasset" 3681
"C:/Documents/Unreal Projects/HackAndSlash/goyslop/Content/Developers/betri/Prototypes/Object_2_004.uasset" 3682
"C:/Documents/Unreal Projects/HackAndSlash/goyslop/Content/Developers/betri/Prototypes/map_1blinn6SG_baseColor.uasset" 3683
"C:/Documents/Unreal Projects/HackAndSlash/goyslop/Content/Developers/betri/Prototypes/map_1blinn6SG_002.uasset" 3684
"/Game/Developers/betri/Models/kryw" 3685
"../../Plugins/Interchange/Assets/Content/Functions/MF_PhongToMetalRoughness.uasset" 3686
"/Game/Developers/betri/Models/Karyga" 3687
"C:/Documents/Unreal Projects/HackAndSlash/goyslop/Content/Developers/betri/Models/map_1object.uasset" 3688
"C:/Documents/Unreal Projects/HackAndSlash/goyslop/Content/Developers/betri/Models/map_1object_baseColor.uasset" 3689
"C:/Documents/Unreal Projects/HackAndSlash/goyslop/Content/Developers/betri/Models/map_1object_emissive.uasset" 3690
"/Game/Developers/betri/Models/goy" 3691
"/Game/Developers/betri/Models/Dull" 3692
"/Game/Developers/betri/MM_Base_sharedassets/3_LayerInfo" 3693
"/Game/Developers/betri/Interface/Wbp_Arenas" 3694
"C:/Documents/Unreal Projects/HackAndSlash/goyslop/Content/Developers/betri/Interface/SatyrSP_Basic_Font.uasset" 3695
"C:/Documents/Unreal Projects/HackAndSlash/goyslop/Content/Developers/betri/Textures/Fih.uasset" 3696
"C:/Documents/Unreal Projects/HackAndSlash/goyslop/Content/Developers/betri/Textures/Fih2.uasset" 3697
"C:/Documents/Unreal Projects/HackAndSlash/goyslop/Content/Developers/betri/Interface/SatyrSP_Basic.uasset" 3698
"/Game/Developers/betri/BPS/BP_Teleporter" 3699
"C:/Documents/Unreal Projects/HackAndSlash/goyslop/Content/Player/MainModel/Animations/AnimBP_MainModel.uasset" 3700
"C:/Documents/Unreal Projects/HackAndSlash/goyslop/Content/Player/MainModel/Animations/AirAttacks/AM_AirAttack1.uasset" 3701
"C:/Documents/Unreal Projects/HackAndSlash/goyslop/Content/Player/MainModel/Animations/AirAttacks/AM_AirAttack2.uasset" 3702
"C:/Documents/Unreal Projects/HackAndSlash/goyslop/Content/Player/MainModel/Animations/AirAttacks/AM_AirAttack3.uasset" 3703
"C:/Documents/Unreal Projects/HackAndSlash/goyslop/Content/Player/MainModel/Animations/Attacks/Main_Crusher.uasset" 3704
"C:/Documents/Unreal Projects/HackAndSlash/goyslop/Content/Player/MainModel/Animations/Attacks/Main_DodgeAttack.uasset" 3705
"C:/Documents/Unreal Projects/HackAndSlash/goyslop/Content/Player/MainModel/Animations/Attacks/Main_Launch.uasset" 3706
"C:/Documents/Unreal Projects/HackAndSlash/goyslop/Content/Player/MainModel/Animations/Attacks/Main_Stinger.uasset" 3707
"C:/Documents/Unreal Projects/HackAndSlash/goyslop/Content/Player/MainModel/Animations/Attacks/Main_Ult.uasset" 3708
"C:/Documents/Unreal Projects/HackAndSlash/goyslop/Content/Player/MainModel/Animations/ComboExtenders/Main_Extender1.uasset" 3709
"C:/Documents/Unreal Projects/HackAndSlash/goyslop/Content/Player/MainModel/Animations/ComboExtenders/Main_Extender2.uasset" 3710
"C:/Documents/Unreal Projects/HackAndSlash/goyslop/Content/Player/MainModel/Animations/ComboExtenders/Main_Starter1.uasset" 3711
"C:/Documents/Unreal Projects/HackAndSlash/goyslop/Content/Player/MainModel/Animations/ComboExtenders/Main_Starter2.uasset" 3712
"C:/Documents/Unreal Projects/HackAndSlash/goyslop/Content/Player/MainModel/Animations/Else/Main_EAT.uasset" 3713
"C:/Documents/Unreal Projects/HackAndSlash/goyslop/Content/Player/MainModel/Animations/Else/Main_HitR.uasset" 3714
"C:/Documents/Unreal Projects/HackAndSlash/goyslop/Content/Player/MainModel/Animations/HeavyAttacks/AM_Heavy1.uasset" 3715
"C:/Documents/Unreal Projects/HackAndSlash/goyslop/Content/Player/MainModel/Animations/HeavyAttacks/AM_Heavy2.uasset" 3716
"C:/Documents/Unreal Projects/HackAndSlash/goyslop/Content/Player/MainModel/Animations/HeavyAttacks/AM_Heavy3.uasset" 3717
"C:/Documents/Unreal Projects/HackAndSlash/goyslop/Content/Player/MainModel/Animations/LightAttacks/AM_Light1.uasset" 3718
"C:/Documents/Unreal Projects/HackAndSlash/goyslop/Content/Player/MainModel/Animations/LightAttacks/AM_Light2.uasset" 3719
"C:/Documents/Unreal Projects/HackAndSlash/goyslop/Content/Player/MainModel/Animations/LightAttacks/AM_Light3.uasset" 3720
"C:/Documents/Unreal Projects/HackAndSlash/goyslop/Content/Player/MainModel/Animations/Movement/Main_Dash2.uasset" 3721
"C:/Documents/Unreal Projects/HackAndSlash/goyslop/Content/Player/MainModel/Animations/Parry/Counter.uasset" 3722
"C:/Documents/Unreal Projects/HackAndSlash/goyslop/Content/Player/MainModel/Animations/Parry/Parry.uasset" 3723
"C:/Documents/Unreal Projects/HackAndSlash/goyslop/Content/Player/MainModel/Animations/Parry/ParryProj.uasset" 3724
"C:/Documents/Unreal Projects/HackAndSlash/goyslop/Content/Player/MainModel/Animations/Rage/Rage1.uasset" 3725
"C:/Documents/Unreal Projects/HackAndSlash/goyslop/Content/Player/MainModel/Animations/Rage/Rage2.uasset" 3726
"C:/Documents/Unreal Projects/HackAndSlash/goyslop/Content/Player/MainModel/Animations/Rage/Rage3.uasset" 3727
"C:/Documents/Unreal Projects/HackAndSlash/goyslop/Content/Player/MainModel/Animations/Rage/Rage_Transform.uasset" 3728
"C:/Documents/Unreal Projects/HackAndSlash/goyslop/Content/Player/PlayerLOC/AN_Launch.uasset" 3729
"../../../Engine/Content/EditorBlueprintResources/StandardMacros.uasset" 3730
"C:/Documents/Unreal Projects/HackAndSlash/goyslop/Content/CombatSystem/BP_ComboComponent.uasset" 3731
"C:/Documents/Unreal Projects/HackAndSlash/goyslop/Content/DamageSystem/BPC_DamageSystem.uasset" 3732
"C:/Documents/Unreal Projects/HackAndSlash/goyslop/Content/DamageSystem/BPI_Damagable.uasset" 3733
"C:/Documents/Unreal Projects/HackAndSlash/goyslop/Content/DamageSystem/DamageTypes/DT_Left.uasset" 3734
"C:/Documents/Unreal Projects/HackAndSlash/goyslop/Content/DamageSystem/DamageTypes/DT_Main.uasset" 3735
"C:/Documents/Unreal Projects/HackAndSlash/goyslop/Content/DamageSystem/DamageTypes/DT_Proj.uasset" 3736
"C:/Documents/Unreal Projects/HackAndSlash/goyslop/Content/DamageSystem/Enemy/BP_Enemy.uasset" 3737
"C:/Documents/Unreal Projects/HackAndSlash/goyslop/Content/Input/Touch/BPI_TouchInterface.uasset" 3738
"C:/Documents/Unreal Projects/HackAndSlash/goyslop/Content/Inventory/AC_Inventory.uasset" 3739
"C:/Documents/Unreal Projects/HackAndSlash/goyslop/Content/Player/TestEnemy/BaseEnemy.uasset" 3740
"C:/Documents/Unreal Projects/HackAndSlash/goyslop/Content/Player/TestEnemy/Projectile/DEFLECT.uasset" 3741
"C:/Documents/Unreal Projects/HackAndSlash/goyslop/Content/ThirdPerson/Blueprints/BP_ThirdPersonGameMode.uasset" 3742
"C:/Documents/Unreal Projects/HackAndSlash/goyslop/Content/Input/Actions/IA_Dodge.uasset" 3743
"C:/Documents/Unreal Projects/HackAndSlash/goyslop/Content/Input/Actions/IA_Finisher.uasset" 3744
"C:/Documents/Unreal Projects/HackAndSlash/goyslop/Content/Input/Actions/IA_HeavyAttack.uasset" 3745
"C:/Documents/Unreal Projects/HackAndSlash/goyslop/Content/Input/Actions/IA_Jump.uasset" 3746
"C:/Documents/Unreal Projects/HackAndSlash/goyslop/Content/Input/Actions/IA_LightAttack.uasset" 3747
"C:/Documents/Unreal Projects/HackAndSlash/goyslop/Content/Input/Actions/IA_Look.uasset" 3748
"C:/Documents/Unreal Projects/HackAndSlash/goyslop/Content/Input/Actions/IA_MouseLook.uasset" 3749
"C:/Documents/Unreal Projects/HackAndSlash/goyslop/Content/Input/Actions/IA_Move.uasset" 3750
"C:/Documents/Unreal Projects/HackAndSlash/goyslop/Content/Input/Actions/IA_Parry.uasset" 3751
"C:/Documents/Unreal Projects/HackAndSlash/goyslop/Content/Input/Actions/IA_Rage.uasset" 3752
"C:/Documents/Unreal Projects/HackAndSlash/goyslop/Content/Input/Actions/IA_Target.uasset" 3753
"C:/Documents/Unreal Projects/HackAndSlash/goyslop/Content/Player/TEST.uasset" 3754
"C:/Documents/Unreal Projects/HackAndSlash/goyslop/Content/Developers/betri/Niagara/N_Splash.uasset" 3755
"C:/Documents/Unreal Projects/HackAndSlash/goyslop/Content/CombatSystem/E_StyleRank.uasset" 3756
"C:/Documents/Unreal Projects/HackAndSlash/goyslop/Content/DamageSystem/E_DamageResponses.uasset" 3757
"C:/Documents/Unreal Projects/HackAndSlash/goyslop/Content/DamageSystem/E_DamageType.uasset" 3758
"C:/Documents/Unreal Projects/HackAndSlash/goyslop/Content/DamageSystem/S_DamageInfo.uasset" 3759
"C:/Documents/Unreal Projects/HackAndSlash/goyslop/Content/Developers/betri/Interface/Wbp_Esc.uasset" 3760
"C:/Documents/Unreal Projects/HackAndSlash/goyslop/Content/Developers/betri/Interface/WBP_Golod.uasset" 3761
"C:/Documents/Unreal Projects/HackAndSlash/goyslop/Content/Developers/betri/Interface/WBP_Overlay.uasset" 3762
"C:/Documents/Unreal Projects/HackAndSlash/goyslop/Content/Developers/betri/Interface/WBP_Overloaded.uasset" 3763
"C:/Documents/Unreal Projects/HackAndSlash/goyslop/Content/Developers/betri/Interface/WBP_Sprint.uasset" 3764
"C:/Documents/Unreal Projects/HackAndSlash/goyslop/Content/Developers/betri/Interface/WBP_StyleMeter.uasset" 3765
"C:/Documents/Unreal Projects/HackAndSlash/goyslop/Content/Player/Enums/Damage.uasset" 3766
"C:/Documents/Unreal Projects/HackAndSlash/goyslop/Content/Player/Enums/E_DamageTypes.uasset" 3767
"C:/Documents/Unreal Projects/HackAndSlash/goyslop/Content/Player/Enums/E_States.uasset" 3768
"C:/Documents/Unreal Projects/HackAndSlash/goyslop/Content/Player/MainModel/Main_Model.uasset" 3769
"C:/Documents/Unreal Projects/HackAndSlash/goyslop/Content/Player/MainModel/Weapon/Redacted_Weapon.uasset" 3770
"C:/Documents/Unreal Projects/HackAndSlash/goyslop/Content/Player/Sounds/MM_RageTransformation.uasset" 3771
"C:/Documents/Unreal Projects/HackAndSlash/goyslop/Content/Player/WBP_Scores.uasset" 3772
"C:/Documents/Unreal Projects/HackAndSlash/goyslop/Content/Player/MainModel/Animations/Movement/Idle_MainModel.uasset" 3773
"C:/Documents/Unreal Projects/HackAndSlash/goyslop/Content/Player/MainModel/Animations/Movement/MidJump_MainModel.uasset" 3774
"C:/Documents/Unreal Projects/HackAndSlash/goyslop/Content/Player/MainModel/Animations/Movement/StartJump_MainModel.uasset" 3775
"C:/Documents/Unreal Projects/HackAndSlash/goyslop/Content/Player/MainModel/Animations/Movement/StopJump_MainModel.uasset" 3776
"C:/Documents/Unreal Projects/HackAndSlash/goyslop/Content/Player/MainModel/Animations/Rage/RageIdle_MainModel.uasset" 3777
"C:/Documents/Unreal Projects/HackAndSlash/goyslop/Content/Player/MainModel/Animations/BlendSpace_MainModel.uasset" 3778
"C:/Documents/Unreal Projects/HackAndSlash/goyslop/Content/Player/MainModel/Animations/BlendSpace_MainRage.uasset" 3779
"C:/Documents/Unreal Projects/HackAndSlash/goyslop/Content/Player/BP_Player1.uasset" 3780
"C:/Documents/Unreal Projects/HackAndSlash/goyslop/Content/Player/MainModel/Main_Model_Skeleton.uasset" 3781
"C:/Documents/Unreal Projects/HackAndSlash/goyslop/Content/Player/MainModel/Animations/AirAttacks/AirAttack1_MainModel.uasset" 3782
"C:/Documents/Unreal Projects/HackAndSlash/goyslop/Content/Player/AnimNotifes/NewWeaponCollision.uasset" 3783
"C:/Documents/Unreal Projects/HackAndSlash/goyslop/Content/Player/AnimNotifes/ResetState.uasset" 3784
"C:/Documents/Unreal Projects/HackAndSlash/goyslop/Content/Player/AnimNotifes/RotationToTarget_AN.uasset" 3785
"C:/Documents/Unreal Projects/HackAndSlash/goyslop/Content/Player/AnimNotifes/SaveLightL2.uasset" 3786
"C:/Documents/Unreal Projects/HackAndSlash/goyslop/Content/Player/MainModel/WeaponTrail.uasset" 3787
"C:/Documents/Unreal Projects/HackAndSlash/goyslop/Content/Player/Sounds/MM_Weapon.uasset" 3788
"C:/Documents/Unreal Projects/HackAndSlash/goyslop/Content/Player/Sounds/MM_WeaponHit4.uasset" 3789
"C:/Documents/Unreal Projects/HackAndSlash/goyslop/Content/Player/MainModel/Animations/AirAttacks/AirAttack2_MainModel.uasset" 3790
"C:/Documents/Unreal Projects/HackAndSlash/goyslop/Content/Player/MainModel/Animations/AirAttacks/AirAttack3_MainModel.uasset" 3791
"C:/Documents/Unreal Projects/HackAndSlash/goyslop/Content/Player/AnimNotifes/SaveHeavyL2.uasset" 3792
"C:/Documents/Unreal Projects/HackAndSlash/goyslop/Content/Player/Sounds/MM_WeaponHit3.uasset" 3793
"C:/Documents/Unreal Projects/HackAndSlash/goyslop/Content/Player/MainModel/Animations/Attacks/DoubleDown_MainModel.uasset" 3794
"C:/Documents/Unreal Projects/HackAndSlash/goyslop/Content/DamageSystem/DamageTypes/DT_Knockdown.uasset" 3795
"C:/Documents/Unreal Projects/HackAndSlash/goyslop/Content/Player/AnimNotifes/Crusher.uasset" 3796
"C:/Documents/Unreal Projects/HackAndSlash/goyslop/Content/Player/AnimNotifes/SaveDodgeL2.uasset" 3797
"C:/Documents/Unreal Projects/HackAndSlash/goyslop/Content/Player/Sounds/DoubleDown.uasset" 3798
"C:/Documents/Unreal Projects/HackAndSlash/goyslop/Content/Player/MainModel/Animations/Attacks/ForwardAttack_MainModel.uasset" 3799
"C:/Documents/Unreal Projects/HackAndSlash/goyslop/Content/DamageSystem/DamageTypes/DT_Knockback.uasset" 3800
"C:/Documents/Unreal Projects/HackAndSlash/goyslop/Content/Player/MainModel/Animations/Attacks/HighRoller_MainModel.uasset" 3801
"C:/Documents/Unreal Projects/HackAndSlash/goyslop/Content/DamageSystem/DamageTypes/DT_Launch.uasset" 3802
"C:/Documents/Unreal Projects/HackAndSlash/goyslop/Content/Player/AnimNotifes/Launch.uasset" 3803
"C:/Documents/Unreal Projects/HackAndSlash/goyslop/Content/Player/Sounds/HighRoller.uasset" 3804
"C:/Documents/Unreal Projects/HackAndSlash/goyslop/Content/Player/Sounds/MM_WeaponHit2.uasset" 3805
"C:/Documents/Unreal Projects/HackAndSlash/goyslop/Content/Player/MainModel/Animations/Attacks/Ult_MainModel.uasset" 3806
"C:/Documents/Unreal Projects/HackAndSlash/goyslop/Content/Player/AnimNotifes/Rotation.uasset" 3807
"C:/Documents/Unreal Projects/HackAndSlash/goyslop/Content/Player/AnimNotifes/SoftTarget.uasset" 3808
"C:/Documents/Unreal Projects/HackAndSlash/goyslop/Content/Player/Sounds/ComboExt2.uasset" 3809
"C:/Documents/Unreal Projects/HackAndSlash/goyslop/Content/Player/Sounds/ComboExt3.uasset" 3810
"C:/Documents/Unreal Projects/HackAndSlash/goyslop/Content/Player/Sounds/Ult.uasset" 3811
"C:/Documents/Unreal Projects/HackAndSlash/goyslop/Content/Player/MainModel/Animations/ComboExtenders/ComboExt3_MainModel.uasset" 3812
"C:/Documents/Unreal Projects/HackAndSlash/goyslop/Content/Player/AnimNotifes/SaveParry.uasset" 3813
"C:/Documents/Unreal Projects/HackAndSlash/goyslop/Content/Player/Sounds/OctopussyAttack2.uasset" 3814
"C:/Documents/Unreal Projects/HackAndSlash/goyslop/Content/Player/MainModel/Animations/ComboExtenders/ComboExt4_MainModel.uasset" 3815
"C:/Documents/Unreal Projects/HackAndSlash/goyslop/Content/Player/MainModel/Animations/ComboExtenders/ComboExt1_MainModel.uasset" 3816
"C:/Documents/Unreal Projects/HackAndSlash/goyslop/Content/Player/Sounds/ComboExt1.uasset" 3817
"C:/Documents/Unreal Projects/HackAndSlash/goyslop/Content/Player/MainModel/Animations/ComboExtenders/ComboExt2_MainModel.uasset" 3818
"C:/Documents/Unreal Projects/HackAndSlash/goyslop/Content/Player/Sounds/MM_RageClaws2.uasset" 3819
"C:/Documents/Unreal Projects/HackAndSlash/goyslop/Content/Player/MainModel/Animations/Else/Bite_MainModel.uasset" 3820
"C:/Documents/Unreal Projects/HackAndSlash/goyslop/Content/Player/AnimNotifes/EnableIFrames.uasset" 3821
"C:/Documents/Unreal Projects/HackAndSlash/goyslop/Content/Player/AnimNotifes/ResetCamera.uasset" 3822
"C:/Documents/Unreal Projects/HackAndSlash/goyslop/Content/Player/MainModel/Animations/Else/HitReaction_MainModel.uasset" 3823
"C:/Documents/Unreal Projects/HackAndSlash/goyslop/Content/Player/Sounds/MMGet_Hit.uasset" 3824
"C:/Documents/Unreal Projects/HackAndSlash/goyslop/Content/Player/MainModel/Animations/HeavyAttacks/HeavyAttack1_MainModel.uasset" 3825
"C:/Documents/Unreal Projects/HackAndSlash/goyslop/Content/Player/Sounds/MM_WeaponHit5.uasset" 3826
"C:/Documents/Unreal Projects/HackAndSlash/goyslop/Content/Player/MainModel/Animations/HeavyAttacks/HeavyAttack2_MainModel.uasset" 3827
"C:/Documents/Unreal Projects/HackAndSlash/goyslop/Content/Player/MainModel/Animations/HeavyAttacks/HeavyAttack3_MainModel.uasset" 3828
"C:/Documents/Unreal Projects/HackAndSlash/goyslop/Content/Player/Sounds/MM_UpperCut.uasset" 3829
"C:/Documents/Unreal Projects/HackAndSlash/goyslop/Content/Player/MainModel/Animations/LightAttacks/LightAttack1_MainModel.uasset" 3830
"C:/Documents/Unreal Projects/HackAndSlash/goyslop/Content/Player/MainModel/Animations/LightAttacks/LightAttack2_MainModel.uasset" 3831
"C:/Documents/Unreal Projects/HackAndSlash/goyslop/Content/Player/Sounds/MM_WeaponHit1.uasset" 3832
"C:/Documents/Unreal Projects/HackAndSlash/goyslop/Content/Player/MainModel/Animations/LightAttacks/LightAttack3_MainModel.uasset" 3833
"C:/Documents/Unreal Projects/HackAndSlash/goyslop/Content/Player/MainModel/Animations/Movement/Dash_MainModel2.uasset" 3834
"C:/Documents/Unreal Projects/HackAndSlash/goyslop/Content/Player/Sounds/MM_Jumping.uasset" 3835
"C:/Documents/Unreal Projects/HackAndSlash/goyslop/Content/Player/MainModel/Animations/Parry/ParryAttack_MainModel.uasset" 3836
"C:/Documents/Unreal Projects/HackAndSlash/goyslop/Content/DamageSystem/DamageTypes/DT_Middle.uasset" 3837
"C:/Documents/Unreal Projects/HackAndSlash/goyslop/Content/Player/MainModel/Animations/Parry/Parry_MainModel.uasset" 3838
"C:/Documents/Unreal Projects/HackAndSlash/goyslop/Content/Player/MainModel/Animations/Rage/RageAttack1_MainModel.uasset" 3839
"C:/Documents/Unreal Projects/HackAndSlash/goyslop/Content/Player/MainModel/Animations/Rage/RageAttack2_MainModel.uasset" 3840
"C:/Documents/Unreal Projects/HackAndSlash/goyslop/Content/Player/MainModel/Animations/Rage/RageAttack3_MainModel.uasset" 3841
"C:/Documents/Unreal Projects/HackAndSlash/goyslop/Content/Player/MainModel/Animations/Rage/RageTransform_MainModel.uasset" 3842
"C:/Documents/Unreal Projects/HackAndSlash/goyslop/Content/Player/AnimNotifes/RageComplete.uasset" 3843
"C:/Documents/Unreal Projects/HackAndSlash/goyslop/Content/Player/PlayerLOC/Great_Sword_Slash__2_.uasset" 3844
"C:/Documents/Unreal Projects/HackAndSlash/goyslop/Content/Player/PlayerLOC/Done/Y_Bot__1__Skeleton.uasset" 3845
"C:/Documents/Unreal Projects/HackAndSlash/goyslop/Content/CombatSystem/DT_ComboAttacks.uasset" 3846
"C:/Documents/Unreal Projects/HackAndSlash/goyslop/Content/CombatSystem/ST_ComboAttackData.uasset" 3847
"C:/Documents/Unreal Projects/HackAndSlash/goyslop/Content/CombatSystem/ST_RankThreshold.uasset" 3848
"C:/Documents/Unreal Projects/HackAndSlash/goyslop/Content/Characters/Mannequins/Anims/Unarmed/ABP_Unarmed.uasset" 3849
"C:/Documents/Unreal Projects/HackAndSlash/goyslop/Content/Characters/Mannequins/Meshes/SKM_Manny_Simple.uasset" 3850
"C:/Documents/Unreal Projects/HackAndSlash/goyslop/Content/DamageSystem/W_HealthBar.uasset" 3851
"C:/Documents/Unreal Projects/HackAndSlash/goyslop/Content/Inventory/A_Item.uasset" 3852
"C:/Documents/Unreal Projects/HackAndSlash/goyslop/Content/Inventory/DataAsset/DA_Items.uasset" 3853
"C:/Documents/Unreal Projects/HackAndSlash/goyslop/Content/Inventory/DataAsset/DA_I_Block.uasset" 3854
"C:/Documents/Unreal Projects/HackAndSlash/goyslop/Content/Inventory/DataAsset/ST_Item.uasset" 3855
"C:/Documents/Unreal Projects/HackAndSlash/goyslop/Content/Inventory/Widget/UMG_Inventory.uasset" 3856
"C:/Documents/Unreal Projects/HackAndSlash/goyslop/Content/Player/TestEnemy/BT_Melee.uasset" 3857
"C:/Documents/Unreal Projects/HackAndSlash/goyslop/Content/Player/TestEnemy/AI_Controller_Base.uasset" 3858
"C:/Documents/Unreal Projects/HackAndSlash/goyslop/Content/Player/TestEnemy/WBP_EnemyHealth.uasset" 3859
"C:/Documents/Unreal Projects/HackAndSlash/goyslop/Content/Player/TestEnemy/WBP_LockOn.uasset" 3860
"C:/Documents/Unreal Projects/HackAndSlash/goyslop/Content/Player/TestEnemy/Projectile/BP_BaseProjectilePlayer.uasset" 3861
"C:/Documents/Unreal Projects/HackAndSlash/goyslop/Content/ThirdPerson/Blueprints/BP_ThirdPersonPlayerController.uasset" 3862
"C:/Documents/Unreal Projects/HackAndSlash/goyslop/Content/Player/RageM.uasset" 3863
"C:/Documents/Unreal Projects/HackAndSlash/goyslop/Content/Developers/betri/Materials/M_splash.uasset" 3864
"../../Plugins/FX/Niagara/Content/DynamicInputs/Add/Add_Float.uasset" 3865
"../../Plugins/FX/Niagara/Content/DynamicInputs/UniformRange/V2/RandomRangeFloat.uasset" 3866
"../../Plugins/FX/Niagara/Content/DynamicInputs/ValueFromCurve/FloatFromCurve.uasset" 3867
"../../Plugins/FX/Niagara/Content/Modules/Emitter/EmitterState.uasset" 3868
"../../Plugins/FX/Niagara/Content/Modules/Emitter/SpawnBurst_Instantaneous.uasset" 3869
"../../Plugins/FX/Niagara/Content/Modules/Solvers/SolveForcesAndVelocity.uasset" 3870
"../../Plugins/FX/Niagara/Content/Modules/Spawn/Initialization/V2/InitializeParticle.uasset" 3871
"../../Plugins/FX/Niagara/Content/Modules/Spawn/Velocity/AddVelocity.uasset" 3872
"../../Plugins/FX/Niagara/Content/Modules/System/SystemState.uasset" 3873
"../../Plugins/FX/Niagara/Content/Modules/Update/Forces/Drag.uasset" 3874
"../../Plugins/FX/Niagara/Content/Modules/Update/Forces/GravityForce.uasset" 3875
"../../Plugins/FX/Niagara/Content/Modules/Update/Lifetime/ParticleState.uasset" 3876
"../../Plugins/FX/Niagara/Content/Modules/Update/Material/DynamicMaterialParameters.uasset" 3877
"../../Plugins/FX/Niagara/Content/Modules/Update/Orientation/SpriteRotationRate.uasset" 3878
"../../Plugins/FX/Niagara/Content/Modules/Update/Size/ScaleSpriteSize.uasset" 3879
"../../Plugins/FX/Niagara/Content/Enums/Angles/ENiagara_AngleInput.uasset" 3880
"../../Plugins/FX/Niagara/Content/Enums/ENiagara_ColorInitializationMode.uasset" 3881
"../../Plugins/FX/Niagara/Content/Enums/ENiagara_EmitterStateOptions.uasset" 3882
"../../Plugins/FX/Niagara/Content/Enums/ENiagara_InfiniteLoopDuration.uasset" 3883
"../../Plugins/FX/Niagara/Content/Enums/ENiagara_LifetimeMode.uasset" 3884
"../../Plugins/FX/Niagara/Content/Enums/ENiagara_MassInitializationMode.uasset" 3885
"../../Plugins/FX/Niagara/Content/Enums/ENiagara_PositionInitializationMode.uasset" 3886
"../../Plugins/FX/Niagara/Content/Enums/ENiagara_SizeScaleMode.uasset" 3887
"../../Plugins/FX/Niagara/Content/Enums/ENiagara_SpriteRotationMode.uasset" 3888
"../../Plugins/FX/Niagara/Content/Enums/ENiagara_UVFlippingMode.uasset" 3889
"../../Plugins/FX/Niagara/Content/Enums/ENiagaraChannelCorrelation.uasset" 3890
"../../Plugins/FX/Niagara/Content/Enums/ENiagaraEmitterLifeCycleMode.uasset" 3891
"../../Plugins/FX/Niagara/Content/Enums/ENiagaraEmitterScalabilityMode_Limited.uasset" 3892
"../../Plugins/FX/Niagara/Content/Enums/ENiagaraInactiveMode.uasset" 3893
"../../Plugins/FX/Niagara/Content/Enums/ENiagaraRandomnessEvaluation.uasset" 3894
"../../Plugins/FX/Niagara/Content/Enums/ENiagaraRandomnessMode.uasset" 3895
"../../Plugins/FX/Niagara/Content/Enums/ENiagaraSystemInactiveMode.uasset" 3896
"../../Plugins/FX/Niagara/Content/Enums/Ribbons/ENiagara_UnsetDirectSet.uasset" 3897
"../../Plugins/FX/Niagara/Content/Enums/Ribbons/ENiagara_UnsetDirectSetRandom.uasset" 3898
"../../Plugins/FX/Niagara/Content/Enums/SpriteRenderer/ENiagara_ScaleSpriteSize.uasset" 3899
"../../Plugins/FX/Niagara/Content/Enums/Transforms/ENiagara_RotationMode.uasset" 3900
"../../Plugins/FX/Niagara/Content/Enums/Utility/ENiagara_DynamicMaterialParametersInputMode.uasset" 3901
"../../Plugins/FX/Niagara/Content/Enums/Utility/ENiagara_VelocityMode.uasset" 3902
"C:/Documents/Unreal Projects/HackAndSlash/goyslop/Content/Developers/betri/Textures/ButtonX.uasset" 3903
"C:/Documents/Unreal Projects/HackAndSlash/goyslop/Content/Developers/betri/Textures/Mounth.uasset" 3904
"C:/Documents/Unreal Projects/HackAndSlash/goyslop/Content/Developers/betri/Textures/Skinty_Frame.uasset" 3905
"C:/Documents/Unreal Projects/HackAndSlash/goyslop/Content/Developers/betri/Textures/T_Empty_Normal.uasset" 3906
"C:/Documents/Unreal Projects/HackAndSlash/goyslop/Content/Developers/betri/Textures/T_Empty_Overloaded.uasset" 3907
"C:/Documents/Unreal Projects/HackAndSlash/goyslop/Content/Developers/betri/Textures/T_Empty_Skinty.uasset" 3908
"C:/Documents/Unreal Projects/HackAndSlash/goyslop/Content/Developers/betri/Textures/T_Full_Normal.uasset" 3909
"C:/Documents/Unreal Projects/HackAndSlash/goyslop/Content/Developers/betri/Textures/T_Full_Overloaded.uasset" 3910
"C:/Documents/Unreal Projects/HackAndSlash/goyslop/Content/Developers/betri/Textures/T_Full_Skinty.uasset" 3911
"C:/Documents/Unreal Projects/HackAndSlash/goyslop/Content/Developers/betri/Textures/T_HealthBar_Empty.uasset" 3912
"C:/Documents/Unreal Projects/HackAndSlash/goyslop/Content/Developers/betri/Textures/T_HealthBar_Full.uasset" 3913
"C:/Documents/Unreal Projects/HackAndSlash/goyslop/Content/Developers/betri/Textures/Overloaded_Frame.uasset" 3914
"C:/Documents/Unreal Projects/HackAndSlash/goyslop/Content/Developers/betri/Textures/Sprint_frame.uasset" 3915
"C:/Documents/Unreal Projects/HackAndSlash/goyslop/Content/Player/MainModel/Mats/M_Beads.uasset" 3916
"C:/Documents/Unreal Projects/HackAndSlash/goyslop/Content/Player/MainModel/Mats/M_Belts.uasset" 3917
"C:/Documents/Unreal Projects/HackAndSlash/goyslop/Content/Player/MainModel/Mats/M_Body.uasset" 3918
"C:/Documents/Unreal Projects/HackAndSlash/goyslop/Content/Player/MainModel/Mats/M_Hair.uasset" 3919
"C:/Documents/Unreal Projects/HackAndSlash/goyslop/Content/Player/MainModel/Mats/M_Hat.uasset" 3920
"C:/Documents/Unreal Projects/HackAndSlash/goyslop/Content/Player/MainModel/Mats/M_Head.uasset" 3921
"C:/Documents/Unreal Projects/HackAndSlash/goyslop/Content/Player/MainModel/Mats/M_Knee.uasset" 3922
"C:/Documents/Unreal Projects/HackAndSlash/goyslop/Content/Player/MainModel/Mats/M_Parts.uasset" 3923
"C:/Documents/Unreal Projects/HackAndSlash/goyslop/Content/Player/MainModel/Mats/M_Shorts.uasset" 3924
"C:/Documents/Unreal Projects/HackAndSlash/goyslop/Content/Player/MainModel/Mats/M_Top.uasset" 3925
"C:/Documents/Unreal Projects/HackAndSlash/goyslop/Content/Player/MainModel/Mats/M_Waist.uasset" 3926
"C:/Documents/Unreal Projects/HackAndSlash/goyslop/Content/Player/MainModel/Weapon/M_Base.uasset" 3927
"C:/Documents/Unreal Projects/HackAndSlash/goyslop/Content/Player/MainModel/Weapon/Material_005.uasset" 3928
"C:/Documents/Unreal Projects/HackAndSlash/goyslop/Content/Developers/betri/Interface/Chinese_Rocks_SHA_Font.uasset" 3929
"C:/Documents/Unreal Projects/HackAndSlash/goyslop/Content/Player/Sounds/Idle.uasset" 3930
"C:/Documents/Unreal Projects/HackAndSlash/goyslop/Content/Player/Sounds/MM_Landing.uasset" 3931
"C:/Documents/Unreal Projects/HackAndSlash/goyslop/Content/Player/MainModel/Animations/Movement/Run_MainModel.uasset" 3932
"C:/Documents/Unreal Projects/HackAndSlash/goyslop/Content/Player/MainModel/Animations/Movement/StartWalk_MainModel.uasset" 3933
"C:/Documents/Unreal Projects/HackAndSlash/goyslop/Content/Player/MainModel/Animations/Movement/Walk_MainModel.uasset" 3934
"C:/Documents/Unreal Projects/HackAndSlash/goyslop/Content/Player/MainModel/Animations/Rage/RageRun_MainModel.uasset" 3935
"C:/Documents/Unreal Projects/HackAndSlash/goyslop/Content/Player/MainModel/Animations/Rage/RageWalk_MainModel.uasset" 3936
"C:/Documents/Unreal Projects/HackAndSlash/goyslop/Content/Player/PlayerLOC/ComboStarter3.uasset" 3937
"C:/Documents/Unreal Projects/HackAndSlash/goyslop/Content/Player/PlayerLOC/DodgeMON.uasset" 3938
"C:/Documents/Unreal Projects/HackAndSlash/goyslop/Content/Player/PlayerLOC/Extender2.uasset" 3939
"C:/Documents/Unreal Projects/HackAndSlash/goyslop/Content/Player/PlayerLOC/Great_Sword_Slash__1__Montage.uasset" 3940
"C:/Documents/Unreal Projects/HackAndSlash/goyslop/Content/Player/PlayerLOC/Light33_Montage.uasset" 3941
"C:/Documents/Unreal Projects/HackAndSlash/goyslop/Content/Player/PlayerLOC/One_Hand_Sword_Combo_Montage.uasset" 3942
"C:/Documents/Unreal Projects/HackAndSlash/goyslop/Content/Player/PlayerLOC/Powerr3.uasset" 3943
"C:/Documents/Unreal Projects/HackAndSlash/goyslop/Content/Player/PlayerLOC/Powerr_Montage.uasset" 3944
"C:/Documents/Unreal Projects/HackAndSlash/goyslop/Content/Player/PlayerLOC/Powerrr_Montage.uasset" 3945
"../../Plugins/FX/Niagara/Content/DefaultAssets/DefaultRIbbonMaterial.uasset" 3946
"../../Plugins/FX/Niagara/Content/DefaultAssets/Templates/CascadeConversion/CompletelyEmpty.uasset" 3947
"../../Plugins/FX/Niagara/Content/DynamicInputs/Multiply/Multiply_Float.uasset" 3948
"../../Plugins/FX/Niagara/Content/DynamicInputs/Subtract/Subtract_Position.uasset" 3949
"../../Plugins/FX/Niagara/Content/DynamicInputs/TypeConversions/MakeFloatFromVector.uasset" 3950
"../../Plugins/FX/Niagara/Content/DynamicInputs/Vectors/Position/LerpPosition.uasset" 3951
"../../Plugins/FX/Niagara/Content/Modules/Emitter/SpawnPerFrame.uasset" 3952
"../../Plugins/FX/Niagara/Content/Modules/Update/MeshInterface/SampleSkeletalMesh.uasset" 3953
"../../Plugins/FX/Niagara/Content/Enums/ENiagaraBoneSamplingMode.uasset" 3954
"../../Plugins/FX/Niagara/Content/Enums/ENiagaraBoneSocketSamplingMode.uasset" 3955
"../../Plugins/FX/Niagara/Content/Enums/ENiagaraSkelSamplingModeFull.uasset" 3956
"../../Plugins/FX/Niagara/Content/Enums/ENiagaraSocketSamplingMode.uasset" 3957
"../../Plugins/FX/Niagara/Content/Enums/ENiagaraTriangleSamplingMode.uasset" 3958
"../../Plugins/FX/Niagara/Content/Enums/ENiagaraVertexSamplingMode.uasset" 3959
"C:/Documents/Unreal Projects/HackAndSlash/goyslop/Content/Player/Sounds/MM_Attack1.uasset" 3960
"C:/Documents/Unreal Projects/HackAndSlash/goyslop/Content/Player/Sounds/MM_Attack2.uasset" 3961
"C:/Documents/Unreal Projects/HackAndSlash/goyslop/Content/Player/Sounds/MM_Attack3.uasset" 3962
"C:/Documents/Unreal Projects/HackAndSlash/goyslop/Content/Player/Sounds/MM_Attack4.uasset" 3963
"C:/Documents/Unreal Projects/HackAndSlash/goyslop/Content/Player/Sounds/MM_Attack5.uasset" 3964
"C:/Documents/Unreal Projects/HackAndSlash/goyslop/Content/Player/Sounds/MM_Eating.uasset" 3965
"C:/Documents/Unreal Projects/HackAndSlash/goyslop/Content/Player/Sounds/MM_TakeHit1.uasset" 3966
"C:/Documents/Unreal Projects/HackAndSlash/goyslop/Content/Player/Sounds/MM_TakeHit2.uasset" 3967
"C:/Documents/Unreal Projects/HackAndSlash/goyslop/Content/Player/Sounds/MM_TakeHit3.uasset" 3968
"C:/Documents/Unreal Projects/HackAndSlash/goyslop/Content/Player/Sounds/MM_TakeHit4.uasset" 3969
"C:/Documents/Unreal Projects/HackAndSlash/goyslop/Content/Player/Sounds/MM_RageClaws1.uasset" 3970
"C:/Documents/Unreal Projects/HackAndSlash/goyslop/Content/Player/Sounds/MMRageAttack.uasset" 3971
"C:/Documents/Unreal Projects/HackAndSlash/goyslop/Content/Player/Sounds/MM_RageClaws3.uasset" 3972
"C:/Documents/Unreal Projects/HackAndSlash/goyslop/Content/Characters/Mannequins/Anims/Unarmed/Jump/MM_Fall_Loop.uasset" 3973
"C:/Documents/Unreal Projects/HackAndSlash/goyslop/Content/Characters/Mannequins/Anims/Unarmed/Jump/MM_Jump.uasset" 3974
"C:/Documents/Unreal Projects/HackAndSlash/goyslop/Content/Characters/Mannequins/Anims/Unarmed/Jump/MM_Land.uasset" 3975
"C:/Documents/Unreal Projects/HackAndSlash/goyslop/Content/Characters/Mannequins/Anims/Unarmed/MM_Idle.uasset" 3976
"C:/Documents/Unreal Projects/HackAndSlash/goyslop/Content/Characters/Mannequins/Anims/Unarmed/BS_Idle_Walk_Run.uasset" 3977
"C:/Documents/Unreal Projects/HackAndSlash/goyslop/Content/Characters/Mannequins/Rigs/CR_Mannequin_FootIK.uasset" 3978
"C:/Documents/Unreal Projects/HackAndSlash/goyslop/Content/Characters/Mannequins/Meshes/SK_Mannequin.uasset" 3979
"C:/Documents/Unreal Projects/HackAndSlash/goyslop/Content/Characters/Mannequins/Materials/Manny/MI_Manny_01_New.uasset" 3980
"C:/Documents/Unreal Projects/HackAndSlash/goyslop/Content/Characters/Mannequins/Materials/Manny/MI_Manny_02_New.uasset" 3981
"C:/Documents/Unreal Projects/HackAndSlash/goyslop/Content/Characters/Mannequins/Rigs/PA_Mannequin.uasset" 3982
"C:/Documents/Unreal Projects/HackAndSlash/goyslop/Content/Inventory/TS_Occupied.uasset" 3983
"C:/Documents/Unreal Projects/HackAndSlash/goyslop/Content/Developers/betri/Textures/Fishes/Frog_2_inventory.uasset" 3984
"C:/Documents/Unreal Projects/HackAndSlash/goyslop/Content/Developers/betri/Textures/Inventory.uasset" 3985
"C:/Documents/Unreal Projects/HackAndSlash/goyslop/Content/Inventory/Widget/UMG_Grid.uasset" 3986
"C:/Documents/Unreal Projects/HackAndSlash/goyslop/Content/Player/TestEnemy/NewBlackboardData.uasset" 3987
"C:/Documents/Unreal Projects/HackAndSlash/goyslop/Content/Player/TestEnemy/Service/BTS_UpdateBehavior.uasset" 3988
"C:/Documents/Unreal Projects/HackAndSlash/goyslop/Content/Player/TestEnemy/Tasks/BTT_BeginAttack.uasset" 3989
"C:/Documents/Unreal Projects/HackAndSlash/goyslop/Content/Player/TestEnemy/Tasks/BTT_ClearFocus.uasset" 3990
"C:/Documents/Unreal Projects/HackAndSlash/goyslop/Content/Player/TestEnemy/Tasks/BTT_Focus.uasset" 3991
"C:/Documents/Unreal Projects/HackAndSlash/goyslop/Content/Player/TestEnemy/Tasks/BTT_MeleeAttack.uasset" 3992
"C:/Documents/Unreal Projects/HackAndSlash/goyslop/Content/Player/TestEnemy/Tasks/BTT_Strafe.uasset" 3993
"C:/Documents/Unreal Projects/HackAndSlash/goyslop/Content/Player/TestEnemy/E_BattleStates.uasset" 3994
"C:/Documents/Unreal Projects/HackAndSlash/goyslop/Content/Developers/betri/Textures/Wounds.uasset" 3995
"C:/Documents/Unreal Projects/HackAndSlash/goyslop/Content/LevelPrototyping/Meshes/SM_Cube.uasset" 3996
"C:/Documents/Unreal Projects/HackAndSlash/goyslop/Content/Input/IMC_Default.uasset" 3997
"C:/Documents/Unreal Projects/HackAndSlash/goyslop/Content/Input/IMC_MouseLook.uasset" 3998
"C:/Documents/Unreal Projects/HackAndSlash/goyslop/Content/Input/Touch/UI_TouchSimple.uasset" 3999
"C:/Documents/Unreal Projects/HackAndSlash/goyslop/Content/Developers/betri/Textures/T_Blood_Erosion.uasset" 4000
"../../../Engine/Content/Functions/Engine_MaterialFunctions01/Texturing/FlattenNormal.uasset" 4001
"C:/Documents/Unreal Projects/HackAndSlash/goyslop/Content/Developers/betri/Textures/T_Blood_Erosion_N.uasset" 4002
"../../Plugins/FX/Niagara/Content/Functions/V2/CalculateRandomRangeFloat.uasset" 4003
"../../Plugins/FX/Niagara/Content/Functions/Emitter/EmitterChangeState.uasset" 4004
"../../Plugins/FX/Niagara/Content/Icons/Modules/T_Icon_Scalability_Emitter.uasset" 4005
"../../Plugins/FX/Niagara/Content/Icons/Modules/T_Icon_Scalability_System.uasset" 4006
"../../Plugins/FX/Niagara/Content/Functions/DirectionAndLengthSafe.uasset" 4007
"../../Plugins/FX/Niagara/Content/Functions/Drag/DragVelocity.uasset" 4008
"../../Plugins/FX/Niagara/Content/Functions/Math/CentimeterMeterConversion.uasset" 4009
"../../Plugins/FX/Niagara/Content/Functions/Rotation/MultiplyVectorWithQuaternion.uasset" 4010
"../../Plugins/FX/Niagara/Content/Modules/Solvers/ApplyRotationVector.uasset" 4011
"../../Plugins/FX/Niagara/Content/Icons/Modules/T_Icon_Solver_LimitAccel.uasset" 4012
"../../Plugins/FX/Niagara/Content/Icons/Modules/T_Icon_Solver_LimitSpeed.uasset" 4013
"../../Plugins/FX/Niagara/Content/Icons/Modules/T_Icon_Solver_RotationalSolve.uasset" 4014
"../../Plugins/FX/Niagara/Content/Functions/LinearColor/HueShiftLinearColor.uasset" 4015
"../../Plugins/FX/Niagara/Content/Functions/Localspace/SimulationPosition.uasset" 4016
"../../Plugins/FX/Niagara/Content/Functions/Localspace/TransformVector.uasset" 4017
"../../Plugins/FX/Niagara/Content/Functions/V2/CalculateRandomBool.uasset" 4018
"../../Plugins/FX/Niagara/Content/Functions/V2/CalculateRandomRange.uasset" 4019
"../../Plugins/FX/Niagara/Content/Functions/V2/CalculateRandomRangeInteger.uasset" 4020
"../../Plugins/FX/Niagara/Content/Functions/Math/CalculateRandomPointInConeSphereIntersection.uasset" 4021
"../../Plugins/FX/Niagara/Content/Functions/Math/SaturateFloat.uasset" 4022
"../../Plugins/FX/Niagara/Content/Functions/Rotation/AngleUnitConverter.uasset" 4023
"../../Plugins/FX/Niagara/Content/Functions/Rotation/AxisAngleToQuaternion.uasset" 4024
"../../Plugins/FX/Niagara/Content/Functions/Rotation/FindQuatBetween.uasset" 4025
"../../Plugins/FX/Niagara/Content/Functions/Rotation/InvertQuaternion.uasset" 4026
"../../Plugins/FX/Niagara/Content/Functions/Rotation/MakeQuaternionFrom3BasisVectors.uasset" 4027
"../../Plugins/FX/Niagara/Content/Functions/Rotation/MultiplyQuaternion.uasset" 4028
"../../Plugins/FX/Niagara/Content/Functions/Rotation/TransformStack/TransformStack_Rotation.uasset" 4029
"../../Plugins/FX/Niagara/Content/Functions/Rotation/XYZRotationToQuaternion.uasset" 4030
"../../Plugins/FX/Niagara/Content/Functions/V2/CalculateRandomUnitVector.uasset" 4031
"../../Plugins/FX/Niagara/Content/Functions/V2/DistanceBasedFalloff.uasset" 4032
"../../Plugins/FX/Niagara/Content/Functions/System/SystemChangeState.uasset" 4033
"../../Plugins/FX/Niagara/Content/Icons/Modules/T_Icon_Particle_InfiniteLife.uasset" 4034
"C:/Documents/Unreal Projects/HackAndSlash/goyslop/Content/Player/MainModel/Mats/T_Body.uasset" 4035
"C:/Documents/Unreal Projects/HackAndSlash/goyslop/Content/Player/MainModel/Mats/T_Hair.uasset" 4036
"C:/Documents/Unreal Projects/HackAndSlash/goyslop/Content/Player/MainModel/Mats/T_Hat.uasset" 4037
"C:/Documents/Unreal Projects/HackAndSlash/goyslop/Content/Player/MainModel/Mats/T_Head.uasset" 4038
"C:/Documents/Unreal Projects/HackAndSlash/goyslop/Content/Player/MainModel/Mats/T_Knee.uasset" 4039
"C:/Documents/Unreal Projects/HackAndSlash/goyslop/Content/Player/MainModel/Mats/T_Parts.uasset" 4040
"C:/Documents/Unreal Projects/HackAndSlash/goyslop/Content/Player/MainModel/Mats/T_Shorts.uasset" 4041
"C:/Documents/Unreal Projects/HackAndSlash/goyslop/Content/Player/MainModel/Mats/T_Top.uasset" 4042
"C:/Documents/Unreal Projects/HackAndSlash/goyslop/Content/Player/MainModel/Mats/T_Waist.uasset" 4043
"C:/Documents/Unreal Projects/HackAndSlash/goyslop/Content/Player/MainModel/Weapon/T_Base.uasset" 4044
"C:/Documents/Unreal Projects/HackAndSlash/goyslop/Content/Developers/betri/Interface/Chinese_Rocks_SHA.uasset" 4045
"C:/Documents/Unreal Projects/HackAndSlash/goyslop/Content/Player/Sounds/MM_Sigh.uasset" 4046
"C:/Documents/Unreal Projects/HackAndSlash/goyslop/Content/Player/Sounds/run/run2.uasset" 4047
"C:/Documents/Unreal Projects/HackAndSlash/goyslop/Content/Player/Sounds/run/run3.uasset" 4048
"C:/Documents/Unreal Projects/HackAndSlash/goyslop/Content/Player/PlayerLOC/Standing_Melee_Combo_Attack_Ver__2__2_.uasset" 4049
"C:/Documents/Unreal Projects/HackAndSlash/goyslop/Content/DamageSystem/DamageTypes/DT_Right.uasset" 4050
"C:/Documents/Unreal Projects/HackAndSlash/goyslop/Content/Player/PlayerLOC/Standing_Dodge_Forward.uasset" 4051
"C:/Documents/Unreal Projects/HackAndSlash/goyslop/Content/Player/PlayerLOC/Great_Sword_Casting__4_.uasset" 4052
"C:/Documents/Unreal Projects/HackAndSlash/goyslop/Content/Player/PlayerLOC/Great_Sword_Slash__1_.uasset" 4053
"C:/Documents/Unreal Projects/HackAndSlash/goyslop/Content/Player/PlayerLOC/Light33.uasset" 4054
"C:/Documents/Unreal Projects/HackAndSlash/goyslop/Content/Player/PlayerLOC/One_Hand_Sword_Combo.uasset" 4055
"C:/Documents/Unreal Projects/HackAndSlash/goyslop/Content/Player/PlayerLOC/Standing_Melee_Combo_Attack_Ver__1__2_.uasset" 4056
"C:/Documents/Unreal Projects/HackAndSlash/goyslop/Content/Player/PlayerLOC/Powerr.uasset" 4057
"C:/Documents/Unreal Projects/HackAndSlash/goyslop/Content/Player/PlayerLOC/Powerrr.uasset" 4058
"../../Plugins/FX/Niagara/Content/Functions/ChannelMasks/SelectV3Channel.uasset" 4059
"../../Plugins/FX/Niagara/Content/Enums/ENiagaraVector3_Channels.uasset" 4060
"../../Plugins/FX/Niagara/Content/Functions/RandomRangeFloat.uasset" 4061
"../../Plugins/FX/Niagara/Content/Functions/Localspace/TransformPosition.uasset" 4062
"C:/Documents/Unreal Projects/HackAndSlash/goyslop/Content/Player/Sounds/MM_RageAttack1.uasset" 4063
"C:/Documents/Unreal Projects/HackAndSlash/goyslop/Content/Player/Sounds/MM_RageAttack2.uasset" 4064
"C:/Documents/Unreal Projects/HackAndSlash/goyslop/Content/Player/Sounds/MM_RageAttack3.uasset" 4065
"../../../Engine/Content/Animation/DefaultAnimBoneCompressionSettings.uasset" 4066
"../../../Engine/Content/Animation/DefaultAnimCurveCompressionSettings.uasset" 4067
"C:/Documents/Unreal Projects/HackAndSlash/goyslop/Content/Characters/Mannequins/Anims/Unarmed/Jog/MF_Unarmed_Jog_Bwd.uasset" 4068
"C:/Documents/Unreal Projects/HackAndSlash/goyslop/Content/Characters/Mannequins/Anims/Unarmed/Jog/MF_Unarmed_Jog_Bwd_Left.uasset" 4069
"C:/Documents/Unreal Projects/HackAndSlash/goyslop/Content/Characters/Mannequins/Anims/Unarmed/Jog/MF_Unarmed_Jog_Bwd_Right.uasset" 4070
"C:/Documents/Unreal Projects/HackAndSlash/goyslop/Content/Characters/Mannequins/Anims/Unarmed/Jog/MF_Unarmed_Jog_Fwd.uasset" 4071
"C:/Documents/Unreal Projects/HackAndSlash/goyslop/Content/Characters/Mannequins/Anims/Unarmed/Jog/MF_Unarmed_Jog_Fwd_Left.uasset" 4072
"C:/Documents/Unreal Projects/HackAndSlash/goyslop/Content/Characters/Mannequins/Anims/Unarmed/Jog/MF_Unarmed_Jog_Fwd_Right.uasset" 4073
"C:/Documents/Unreal Projects/HackAndSlash/goyslop/Content/Characters/Mannequins/Anims/Unarmed/Jog/MF_Unarmed_Jog_Left.uasset" 4074
"C:/Documents/Unreal Projects/HackAndSlash/goyslop/Content/Characters/Mannequins/Anims/Unarmed/Jog/MF_Unarmed_Jog_Right.uasset" 4075
"C:/Documents/Unreal Projects/HackAndSlash/goyslop/Content/Characters/Mannequins/Anims/Unarmed/Walk/MF_Unarmed_Walk_Bwd.uasset" 4076
"C:/Documents/Unreal Projects/HackAndSlash/goyslop/Content/Characters/Mannequins/Anims/Unarmed/Walk/MF_Unarmed_Walk_Bwd_Left.uasset" 4077
"C:/Documents/Unreal Projects/HackAndSlash/goyslop/Content/Characters/Mannequins/Anims/Unarmed/Walk/MF_Unarmed_Walk_Bwd_Right.uasset" 4078
"C:/Documents/Unreal Projects/HackAndSlash/goyslop/Content/Characters/Mannequins/Anims/Unarmed/Walk/MF_Unarmed_Walk_Fwd.uasset" 4079
"C:/Documents/Unreal Projects/HackAndSlash/goyslop/Content/Characters/Mannequins/Anims/Unarmed/Walk/MF_Unarmed_Walk_Fwd_Left.uasset" 4080
"C:/Documents/Unreal Projects/HackAndSlash/goyslop/Content/Characters/Mannequins/Anims/Unarmed/Walk/MF_Unarmed_Walk_Fwd_Right.uasset" 4081
"C:/Documents/Unreal Projects/HackAndSlash/goyslop/Content/Characters/Mannequins/Anims/Unarmed/Walk/MF_Unarmed_Walk_Left.uasset" 4082
"C:/Documents/Unreal Projects/HackAndSlash/goyslop/Content/Characters/Mannequins/Anims/Unarmed/Walk/MF_Unarmed_Walk_Right.uasset" 4083
"C:/Documents/Unreal Projects/HackAndSlash/goyslop/Content/Characters/Mannequins/Materials/M_Mannequin.uasset" 4084
"C:/Documents/Unreal Projects/HackAndSlash/goyslop/Content/Characters/Mannequins/Textures/Manny/T_Manny_01_BN.uasset" 4085
"C:/Documents/Unreal Projects/HackAndSlash/goyslop/Content/Characters/Mannequins/Textures/Manny/T_Manny_01_D.uasset" 4086
"C:/Documents/Unreal Projects/HackAndSlash/goyslop/Content/Characters/Mannequins/Textures/Manny/T_Manny_01_MRA.uasset" 4087
"C:/Documents/Unreal Projects/HackAndSlash/goyslop/Content/Characters/Mannequins/Textures/Manny/T_Manny_02_BN.uasset" 4088
"C:/Documents/Unreal Projects/HackAndSlash/goyslop/Content/Characters/Mannequins/Textures/Manny/T_Manny_02_D.uasset" 4089
"C:/Documents/Unreal Projects/HackAndSlash/goyslop/Content/Characters/Mannequins/Textures/Manny/T_Manny_02_MRA.uasset" 4090
"C:/Documents/Unreal Projects/HackAndSlash/goyslop/Content/Inventory/Widget/UMG_Item.uasset" 4091
"C:/Documents/Unreal Projects/HackAndSlash/goyslop/Content/Inventory/Widget/UMG_Slot.uasset" 4092
"C:/Documents/Unreal Projects/HackAndSlash/goyslop/Content/LevelPrototyping/Materials/MI_PrototypeGrid_Gray.uasset" 4093
"../../../Engine/Content/MobileResources/HUD/VirtualJoystick_Thumb.uasset" 4094
"C:/Documents/Unreal Projects/HackAndSlash/goyslop/Content/Input/Touch/UI_Thumbstick.uasset" 4095
"../../Plugins/FX/Niagara/Content/Functions/Localspace/TransformBase.uasset" 4096
"../../Plugins/FX/Niagara/Content/Functions/Rotation/MatrixToQuaternion.uasset" 4097
"../../Plugins/FX/Niagara/Content/Functions/NormalizeDistanceRange.uasset" 4098
"../../Plugins/FX/Niagara/Content/Functions/GetRandomInfo.uasset" 4099
"C:/Documents/Unreal Projects/HackAndSlash/goyslop/Content/Characters/Mannequins/Textures/Shared/T_UE_Logo_M.uasset" 4100
"C:/Documents/Unreal Projects/HackAndSlash/goyslop/Content/Inventory/Widget/UMG_DropDown.uasset" 4101
"C:/Documents/Unreal Projects/HackAndSlash/goyslop/Content/Inventory/Widget/UMG_Visibility.uasset" 4102
"C:/Documents/Unreal Projects/HackAndSlash/goyslop/Content/LevelPrototyping/Materials/M_PrototypeGrid.uasset" 4103
"../../../Engine/Content/MobileResources/HUD/VirtualJoystick_Background.uasset" 4104
"../../../Engine/Content/Functions/Engine_MaterialFunctions01/Gradient/LinearGradient.uasset" 4105
"../../../Engine/Content/Functions/Engine_MaterialFunctions01/ImageAdjustment/CheapContrast.uasset" 4106
"C:/Documents/Unreal Projects/HackAndSlash/goyslop/Content/LevelPrototyping/Materials/MF_ProcGrid.uasset" 4107
"C:/Documents/Unreal Projects/HackAndSlash/goyslop/Content/LevelPrototyping/Textures/T_GridChecker_A.uasset" 4108
"../../../Engine/Plugins/FX/Niagara/Content/DynamicInputs/UniformRange/V2/RandomRangeVector.uasset" 4109
"../../../Engine/Plugins/FX/Niagara/Content/Modules/Update/Forces/AerodynamicDrag.uasset" 4110
"../../../Engine/Plugins/FX/Niagara/Content/VectorFields/Assets/TilingCurl16.uasset" 4111
"/Game/Developers/betri/Prototypes/grm1" 4112
"../../../Engine/Plugins/FX/Niagara/Content/VectorFields/Assets/TilingCurl64.uasset" 4113
"../../../Engine/Plugins/FX/Niagara/Content/Functions/DirectionAndLength.uasset" 4114
"../../../Engine/Plugins/FX/Niagara/Content/Functions/ChannelMasks/SelectV4Channel.uasset" 4115
"C:/Documents/Unreal Projects/HackAndSlash/goyslop/Content/Developers/betri/Prototypes/Object_2_002.uasset" 4116
"/Game/Developers/betri/Prototypes/scene/StaticMeshes/s" 4117
"/Game/Developers/betri/Textures/Resin_Frame" 4118
"/Game/Developers/betri/Prototypes/scene/StaticMeshes/map_1lambert5SG" 4119
"/Game/Developers/betri/Models/Mball" 4120
"/Game/Developers/betri/Materials/Smola" 4121
"/Game/Developers/betri/Interface/WBP_Smola" 4122
"/Game/Developers/betri/Prototypes/scene/StaticMeshes/Lake" 4123
"/Game/Developers/betri/BP_Tryasina" 4124
"/Game/Developers/betri/Models/Kolyshek" 4125
"/Game/Developers/betri/Models/bush03_jabami_mesh" 4126
"C:/Documents/Unreal Projects/HackAndSlash/goyslop/Content/Developers/betri/Models/leave_bush_00_mat.uasset" 4127
"C:/Documents/Unreal Projects/HackAndSlash/goyslop/Content/Developers/betri/Models/leave_bush_01_mat.uasset" 4128
"C:/Documents/Unreal Projects/HackAndSlash/goyslop/Content/Developers/betri/Models/leave_tree_05_tex.uasset" 4129
"C:/Documents/Unreal Projects/HackAndSlash/goyslop/Content/Developers/betri/Models/leave_tree_09_tex.uasset" 4130
"/Game/Developers/betri/Prototypes/Object_5_001" 4131
"/Game/Developers/betri/Prototypes/map_1blinn6SG_004" 4132
"/Game/Developers/betri/Prototypes/Object_2_004" 4133
"/Game/Developers/betri/Prototypes/map_1blinn6SG_002" 4134
"../../../Engine/Plugins/FX/Niagara/Content/Enums/ENiagaraVector4_Channels.uasset" 4135
"../../../Engine/Plugins/FX/Niagara/Content/Enums/Wind/ENiagaraWindFrictionMode.uasset" 4136
"../../../Engine/Plugins/FX/Niagara/Content/Enums/Wind/ENiagaraWindGroundMaskMode.uasset" 4137
"../../../Engine/Plugins/FX/Niagara/Content/Enums/Wind/ENiagaraWindFrictionDistanceMode.uasset" 4138
"../../../Engine/Plugins/FX/Niagara/Content/Enums/Wind/ENiagaraWindOffsetMode.uasset" 4139
"../../../Engine/Plugins/FX/Niagara/Content/Functions/Localspace/PositionToVector.uasset" 4140
"../../../Engine/Plugins/FX/Niagara/Content/Enums/Wind/ENiagaraWindCombingMode.uasset" 4141
"../../../Engine/Plugins/FX/Niagara/Content/Modules/Update/Forces/WindForce.uasset" 4142
"../../../Engine/Plugins/FX/Niagara/Content/Enums/Wind/ENiagaraWindTurbulenceContributionMode.uasset" 4143
"../../../Engine/Plugins/FX/Niagara/Content/Enums/Wind/ENiagaraWindTurbulenceFrequencyMode.uasset" 4144
"../../../Engine/Plugins/FX/Niagara/Content/Enums/ENiagaraAerodynamicDragPivotMode.uasset" 4145
"../../../Engine/Plugins/FX/Niagara/Content/VectorFields/Assets/TilingCurl32.uasset" 4146
"../../../Engine/Plugins/FX/Niagara/Content/Enums/ENiagaraCurlNoiseQuality.uasset" 4147
"../../../Engine/Plugins/FX/Niagara/Content/Enums/ENiagaraDragCoefficientShapeMode.uasset" 4148
"../../../Engine/Plugins/FX/Niagara/Content/Enums/Wind/ENiagaraWindTurbulenceMode.uasset" 4149
"/Niagara/VectorFields/Assets/TilingCurl64" 4150
"../../../Engine/Plugins/FX/Niagara/Content/Functions/Rotation/RotateVector2D.uasset" 4151
"../../../Engine/Plugins/FX/Niagara/Content/DynamicInputs/TypeConversions/Vector2DFromFloat.uasset" 4152
"/Niagara/VectorFields/Assets/TilingCurl16" 4153
"/Niagara/DynamicInputs/UniformRange/V2/RandomRangeVector" 4154
"/Game/Developers/betri/Prototypes/Object_2_002" 4155
"/Game/Developers/betri/Models/map_1blinn6SG_baseColor" 4156
"/Game/Developers/betri/Models/map_1blinn6SG_001" 4157
"/Game/Developers/betri/Models/map_1blinn6SG" 4158
"/Game/Developers/betri/Models/tree" 4159
"/Game/Developers/betri/Models/kus" 4160
"/Game/Developers/betri/Models/gra" 4161
"/Niagara/Enums/Wind/ENiagaraWindOffsetMode" 4162
"/Niagara/Enums/Wind/ENiagaraWindGroundMaskMode" 4163
"/Niagara/Enums/Wind/ENiagaraWindFrictionMode" 4164
"/Niagara/Enums/Wind/ENiagaraWindFrictionDistanceMode" 4165
"/Niagara/Enums/Wind/ENiagaraWindCombingMode" 4166
"/Niagara/Functions/Localspace/PositionToVector" 4167
"/Niagara/Functions/DirectionAndLength" 4168
"../../../Engine/Plugins/FX/Niagara/Content/Functions/ParametricTorus.uasset" 4169
"../../../Engine/Plugins/FX/Niagara/Content/Functions/IsolateLongestVectorComponent.uasset" 4170
"../../../Engine/Plugins/FX/Niagara/Content/Functions/ParametricTorusKnot.uasset" 4171
"../../../Engine/Plugins/FX/Niagara/Content/Functions/PolarToCartesianCoordinates.uasset" 4172
"../../../Engine/Plugins/FX/Niagara/Content/Functions/NormalizedExecutionIndex.uasset" 4173
"/Niagara/Modules/Update/Forces/AerodynamicDrag" 4174
"../../../Engine/Plugins/FX/Niagara/Content/Functions/V2/RemapRange.uasset" 4175
"../../../Engine/Plugins/FX/Niagara/Content/Functions/RandomPointInBox.uasset" 4176
"../../../Engine/Plugins/FX/Niagara/Content/Enums/ENiagaraExpansionMode.uasset" 4177
"../../../Engine/Plugins/FX/Niagara/Content/Modules/Spawn/Location/V2/ShapeLocation.uasset" 4178
"../../../Engine/Plugins/FX/Niagara/Content/Functions/SphericalToCartesianCoordinates.uasset" 4179
"../../../Engine/Plugins/FX/Niagara/Content/Enums/Transforms/ENiagara_TransformType.uasset" 4180
"../../../Engine/Plugins/FX/Niagara/Content/Enums/Transforms/ENiagara_TransformOrder.uasset" 4181
"../../../Engine/Plugins/FX/Niagara/Content/Enums/Transforms/ENiagara_ScaleMode.uasset" 4182
"../../../Engine/Plugins/FX/Niagara/Content/Modules/Emitter/SpawnRate.uasset" 4183
"../../../Engine/Plugins/FX/Niagara/Content/Enums/Transforms/ENiagara_OffsetMode.uasset" 4184
"../../../Engine/Plugins/FX/Niagara/Content/Enums/Location/ENiagaraRingDiscMode.uasset" 4185
"../../../Engine/Plugins/FX/Niagara/Content/Enums/Location/ENiagara_CylinderMode.uasset" 4186
"../../../Engine/Plugins/FX/Niagara/Content/Enums/Location/ENiagara_ConeMode.uasset" 4187
"../../../Engine/Plugins/FX/Niagara/Content/Enums/Location/ENiagara_BoxPlaneMode.uasset" 4188
"../../../Engine/Plugins/FX/Niagara/Content/Enums/Location/ENiagara_LocationShapes.uasset" 4189
"../../../Engine/Plugins/FX/Niagara/Content/DefaultAssets/DefaultSpriteMaterial.uasset" 4190
"/Niagara/Functions/Rotation/RotateVector2D" 4191
"/Niagara/Enums/ENiagaraCurlNoiseQuality" 4192
"/Niagara/DynamicInputs/TypeConversions/Vector2DFromFloat" 4193
"/Niagara/VectorFields/Assets/TilingCurl32" 4194
"/Niagara/Enums/Wind/ENiagaraWindTurbulenceMode" 4195
"/Niagara/Enums/Wind/ENiagaraWindTurbulenceFrequencyMode" 4196
"/Niagara/Enums/Wind/ENiagaraWindTurbulenceContributionMode" 4197
"../../../Engine/Plugins/FX/Niagara/Content/Enums/ENiagaraShapeTorusMode.uasset" 4198
"../../../Engine/Plugins/FX/Niagara/Content/Enums/ENiagara_AttributeSamplingApplyOutput.uasset" 4199
"../../../Engine/Plugins/FX/Niagara/Content/Enums/ENiagaraScaleColorMode.uasset" 4200
"../../../Engine/Plugins/FX/Niagara/Content/Modules/Update/Color/ScaleColor.uasset" 4201
"../../../Engine/Plugins/FX/Niagara/Content/Enums/ENiagaraSphereDistributionMode.uasset" 4202
"C:/Documents/Unreal Projects/HackAndSlash/goyslop/Content/Developers/betri/Models/cAVE.uasset" 4203
"../../../Engine/Plugins/FX/Niagara/Content/Enums/ENiagaraTorusDistributionMode.uasset" 4204
"C:/Documents/Unreal Projects/HackAndSlash/goyslop/Content/Developers/betri/Niagara/NewNiagaraSystem.uasset" 4205
"C:/Documents/Unreal Projects/HackAndSlash/goyslop/Content/Developers/betri/Models/bush02_jabami_mesh.uasset" 4206
"/Niagara/DefaultAssets/DefaultSpriteMaterial" 4207
"C:/Documents/Unreal Projects/HackAndSlash/goyslop/Content/Developers/betri/Models/bush01_jabami_mesh.uasset" 4208
"/Niagara/Enums/Location/ENiagara_BoxPlaneMode" 4209
"/Niagara/Enums/Location/ENiagara_ConeMode" 4210
"/Niagara/Enums/Location/ENiagara_CylinderMode" 4211
"/Niagara/Enums/Location/ENiagara_LocationShapes" 4212
"/Niagara/Enums/Location/ENiagaraRingDiscMode" 4213
"/Niagara/Enums/Transforms/ENiagara_OffsetMode" 4214
"/Niagara/Enums/Transforms/ENiagara_ScaleMode" 4215
"/Niagara/Enums/Transforms/ENiagara_TransformOrder" 4216
"/Niagara/Enums/ENiagaraShapeTorusMode" 4217
"/Niagara/Enums/Transforms/ENiagara_TransformType" 4218
"/Niagara/Modules/Emitter/SpawnRate" 4219
"/Niagara/Enums/ENiagaraExpansionMode" 4220
"/Niagara/Functions/SphericalToCartesianCoordinates" 4221
"/Niagara/Functions/PolarToCartesianCoordinates" 4222
"/Niagara/Functions/RandomPointInBox" 4223
"/Niagara/Modules/Update/Forces/WindForce" 4224
"/Niagara/Functions/ParametricTorusKnot" 4225
"/Niagara/Functions/ParametricTorus" 4226
"/Niagara/Functions/NormalizedExecutionIndex" 4227
"C:/Documents/Unreal Projects/HackAndSlash/goyslop/Content/Developers/betri/Textures/T_Dark.uasset" 4228
"C:/Documents/Unreal Projects/HackAndSlash/goyslop/Content/Developers/betri/Textures/T_.uasset" 4229
"C:/Documents/Unreal Projects/HackAndSlash/goyslop/Content/Developers/betri/Textures/T_Sand.uasset" 4230
"C:/Documents/Unreal Projects/HackAndSlash/goyslop/Content/Developers/betri/MM_Base_sharedassets/2_LayerInfo.uasset" 4231
"C:/Documents/Unreal Projects/HackAndSlash/goyslop/Content/Developers/betri/MM_Base_sharedassets/Layer_3_LayerInfo.uasset" 4232
"C:/Documents/Unreal Projects/HackAndSlash/goyslop/Content/Developers/betri/MM_Base_sharedassets/12_LayerInfo.uasset" 4233
"C:/Documents/Unreal Projects/HackAndSlash/goyslop/Content/Developers/betri/Textures/Yexture_grass.uasset" 4234
"/Game/Developers/betri/Models/bush02_jabami_mesh" 4235
"C:/Documents/Unreal Projects/HackAndSlash/goyslop/Content/Developers/betri/MM_Base_sharedassets/1_LayerInfo.uasset" 4236
"C:/Documents/Unreal Projects/HackAndSlash/goyslop/Content/Developers/betri/Prototypes/M_Proto.uasset" 4237
"C:/Documents/Unreal Projects/HackAndSlash/goyslop/Content/Developers/betri/Models/Clyck.uasset" 4238
"C:/Documents/Unreal Projects/HackAndSlash/goyslop/Content/Developers/betri/Models/Object_5.uasset" 4239
"C:/Documents/Unreal Projects/HackAndSlash/goyslop/Content/Developers/betri/Models/Object_4.uasset" 4240
"C:/Documents/Unreal Projects/HackAndSlash/goyslop/Content/Player/TestEnemy/NewEnemies/Tadpole/Animations/HitReaction_Tadpole.uasset" 4241
"C:/Documents/Unreal Projects/HackAndSlash/goyslop/Content/Player/TestEnemy/NewEnemies/Tadpole/Animations/Golovach_Hit.uasset" 4242
"C:/Documents/Unreal Projects/HackAndSlash/goyslop/Content/Player/TestEnemy/NewEnemies/Tadpole/Animations/BellyFlop_Tadpole.uasset" 4243
"C:/Documents/Unreal Projects/HackAndSlash/goyslop/Content/Player/TestEnemy/NewEnemies/Tadpole/Animations/GOL_KnockDown.uasset" 4244
"C:/Documents/Unreal Projects/HackAndSlash/goyslop/Content/Player/TestEnemy/NewEnemies/Tadpole/Animations/FallBack_Tadpole.uasset" 4245
"C:/Documents/Unreal Projects/HackAndSlash/goyslop/Content/Player/TestEnemy/NewEnemies/Tadpole/Animations/GOL_Bacc.uasset" 4246
"C:/Documents/Unreal Projects/HackAndSlash/goyslop/Content/Player/TestEnemy/NewEnemies/Tadpole/Animations/GOL_Attack.uasset" 4247
"C:/Documents/Unreal Projects/HackAndSlash/goyslop/Content/Player/TestEnemy/NewEnemies/Tadpole/Animations/Attack_Tadpole.uasset" 4248
"C:/Documents/Unreal Projects/HackAndSlash/goyslop/Content/Player/TestEnemy/NewEnemies/Tadpole/Animations/GETUP_GOL.uasset" 4249
"C:/Documents/Unreal Projects/HackAndSlash/goyslop/Content/Player/TestEnemy/NewEnemies/Tadpole/Animations/GetUp_Tadpole.uasset" 4250
"/Game/Developers/betri/Models/cAVE" 4251
"/Game/Developers/betri/Niagara/NewNiagaraSystem" 4252
"/Game/Developers/betri/Models/bush01_jabami_mesh" 4253
"C:/Documents/Unreal Projects/HackAndSlash/goyslop/Content/Player/TestEnemy/NewEnemies/Tadpole/Animations/Walk_Tadpole.uasset" 4254
"C:/Documents/Unreal Projects/HackAndSlash/goyslop/Content/Player/TestEnemy/NewEnemies/Tadpole/Materials/T_G_Eyes.uasset" 4255
"C:/Documents/Unreal Projects/HackAndSlash/goyslop/Content/Player/TestEnemy/NewEnemies/Tadpole/Materials/M_Body2.uasset" 4256
"C:/Documents/Unreal Projects/HackAndSlash/goyslop/Content/Player/TestEnemy/NewEnemies/Tadpole/Materials/M_Body.uasset" 4257
"C:/Documents/Unreal Projects/HackAndSlash/goyslop/Content/Player/TestEnemy/NewEnemies/Tadpole/ABP_GOLOVACH.uasset" 4258
"C:/Documents/Unreal Projects/HackAndSlash/goyslop/Content/Player/TestEnemy/NewEnemies/Tadpole/Materials/T_G_Lip.uasset" 4259
"/Game/Player/TestEnemy/NewEnemies/Tadpole/Animations/GETUP_GOL" 4260
"C:/Documents/Unreal Projects/HackAndSlash/goyslop/Content/Player/TestEnemy/NewEnemies/Tadpole/Materials/M_Lip.uasset" 4261
"C:/Documents/Unreal Projects/HackAndSlash/goyslop/Content/Player/TestEnemy/NewEnemies/Tadpole/Materials/M_Eyes.uasset" 4262
"C:/Documents/Unreal Projects/HackAndSlash/goyslop/Content/Player/TestEnemy/NewEnemies/Tadpole/Materials/T_G_Body.uasset" 4263
"C:/Documents/Unreal Projects/HackAndSlash/goyslop/Content/Player/TestEnemy/NewEnemies/Tadpole/Materials/M_Body3.uasset" 4264
"C:/Documents/Unreal Projects/HackAndSlash/goyslop/Content/Player/TestEnemy/NewEnemies/Tadpole/tadpole_Skeleton.uasset" 4265
"/Game/Player/TestEnemy/NewEnemies/Tadpole/Animations/GOL_Attack" 4266
"C:/Documents/Unreal Projects/HackAndSlash/goyslop/Content/Player/TestEnemy/Notifies/EnemyDrawCollision.uasset" 4267
"C:/Documents/Unreal Projects/HackAndSlash/goyslop/Content/Player/TestEnemy/Notifies/EnemyResetState.uasset" 4268
"/Game/Player/TestEnemy/NewEnemies/Tadpole/Animations/GOL_Bacc" 4269
"/Game/Player/TestEnemy/NewEnemies/Tadpole/Animations/GOL_KnockDown" 4270
"/Game/Player/TestEnemy/NewEnemies/Tadpole/Animations/Golovach_Hit" 4271
"/Game/Developers/betri/Models/Object_4" 4272
"/Game/Developers/betri/Models/Object_5" 4273
"/Game/Developers/betri/Models/Clyck" 4274
"/Game/Developers/betri/Prototypes/M_Proto" 4275
"/Game/Developers/betri/MM_Base_sharedassets/12_LayerInfo" 4276
"/Game/Developers/betri/MM_Base_sharedassets/1_LayerInfo" 4277
"/Game/Developers/betri/MM_Base_sharedassets/2_LayerInfo" 4278
"/Game/Developers/betri/MM_Base_sharedassets/Layer_3_LayerInfo" 4279
"C:/Documents/Unreal Projects/HackAndSlash/goyslop/Content/Player/TestEnemy/NewEnemies/Octopussy/Animations/Oct_Attack.uasset" 4280
"C:/Documents/Unreal Projects/HackAndSlash/goyslop/Content/Player/TestEnemy/Notifies/RangeShot.uasset" 4281
"C:/Documents/Unreal Projects/HackAndSlash/goyslop/Content/Player/TestEnemy/NewEnemies/Tadpole/tadpole.uasset" 4282
"C:/Documents/Unreal Projects/HackAndSlash/goyslop/Content/Player/TestEnemy/NewEnemies/Octopussy/Animations/BellyFlop_Octopussy.uasset" 4283
"C:/Documents/Unreal Projects/HackAndSlash/goyslop/Content/Player/TestEnemy/NewEnemies/Octopussy/Animations/Attack_Octopussy.uasset" 4284
"C:/Documents/Unreal Projects/HackAndSlash/goyslop/Content/Player/TestEnemy/NewEnemies/Octopussy/Animations/FallBack_Octopussy.uasset" 4285
"/Game/Player/TestEnemy/NewEnemies/Tadpole/Materials/M_Body" 4286
"C:/Documents/Unreal Projects/HackAndSlash/goyslop/Content/Player/TestEnemy/NewEnemies/Octopussy/Animations/Knockback_Occtopus.uasset" 4287
"C:/Documents/Unreal Projects/HackAndSlash/goyslop/Content/Player/TestEnemy/MeleeEnemy.uasset" 4288
"C:/Documents/Unreal Projects/HackAndSlash/goyslop/Content/Player/TestEnemy/NewEnemies/Octopussy/Animations/HitReaction_Octopussy.uasset" 4289
"C:/Documents/Unreal Projects/HackAndSlash/goyslop/Content/Player/TestEnemy/NewEnemies/Octopussy/Animations/Hit_Octopus.uasset" 4290
"C:/Documents/Unreal Projects/HackAndSlash/goyslop/Content/Player/TestEnemy/NewEnemies/Octopussy/Animations/KnockDown_Occtopus.uasset" 4291
"C:/Documents/Unreal Projects/HackAndSlash/goyslop/Content/Player/TestEnemy/NewEnemies/Octopussy/Animations/GetUp_Octopussy.uasset" 4292
"C:/Documents/Unreal Projects/HackAndSlash/goyslop/Content/Player/TestEnemy/NewEnemies/Octopussy/Mats/concha.uasset" 4293
"C:/Documents/Unreal Projects/HackAndSlash/goyslop/Content/Player/TestEnemy/NewEnemies/Octopussy/Animations/GetUp_Montage.uasset" 4294
"C:/Documents/Unreal Projects/HackAndSlash/goyslop/Content/Player/TestEnemy/NewEnemies/Octopussy/Mats/concha_textura.uasset" 4295
"C:/Documents/Unreal Projects/HackAndSlash/goyslop/Content/Player/TestEnemy/NewEnemies/Octopussy/Shell_Projectile.uasset" 4296
"C:/Documents/Unreal Projects/HackAndSlash/goyslop/Content/Player/TestEnemy/Projectile/BP_BaseProjectile.uasset" 4297
"C:/Documents/Unreal Projects/HackAndSlash/goyslop/Content/Player/TestEnemy/NewEnemies/Octopussy/Mats/T_Tent.uasset" 4298
"C:/Documents/Unreal Projects/HackAndSlash/goyslop/Content/Player/TestEnemy/Projectile/BP_XZ.uasset" 4299
"C:/Documents/Unreal Projects/HackAndSlash/goyslop/Content/Player/TestEnemy/NewEnemies/Octopussy/Mats/M_Tentacles.uasset" 4300
"C:/Documents/Unreal Projects/HackAndSlash/goyslop/Content/Player/TestEnemy/NewEnemies/Octopussy/Mats/T_Skirt.uasset" 4301
"C:/Documents/Unreal Projects/HackAndSlash/goyslop/Content/Player/TestEnemy/NewEnemies/Octopussy/Mats/M_Skirt.uasset" 4302
"/Game/Player/TestEnemy/NewEnemies/Tadpole/Materials/M_Body2" 4303
"/Game/Player/TestEnemy/NewEnemies/Tadpole/Materials/M_Body3" 4304
"/Game/Player/TestEnemy/NewEnemies/Tadpole/Materials/M_Eyes" 4305
"/Game/Player/TestEnemy/NewEnemies/Tadpole/Materials/M_Lip" 4306
"/Game/Player/TestEnemy/NewEnemies/Tadpole/Animations/Walk_Tadpole" 4307
"C:/Documents/Unreal Projects/HackAndSlash/goyslop/Content/Player/TestEnemy/NewEnemies/Octopussy/Mats/T_Cloack.uasset" 4308
"C:/Documents/Unreal Projects/HackAndSlash/goyslop/Content/Player/TestEnemy/NewEnemies/Octopussy/Mats/M_EyesEtc.uasset" 4309
"C:/Documents/Unreal Projects/HackAndSlash/goyslop/Content/Player/TestEnemy/NewEnemies/Octopussy/Mats/M_Legs.uasset" 4310
"C:/Documents/Unreal Projects/HackAndSlash/goyslop/Content/Player/TestEnemy/NewEnemies/Octopussy/Enemy_Octopussy_Skeleton.uasset" 4311
"C:/Documents/Unreal Projects/HackAndSlash/goyslop/Content/Player/TestEnemy/NewEnemies/Octopussy/Mats/T_Legs.uasset" 4312
"C:/Documents/Unreal Projects/HackAndSlash/goyslop/Content/Player/TestEnemy/NewEnemies/Octopussy/Animations/Walk_Octopussy.uasset" 4313
"/Game/Player/TestEnemy/NewEnemies/Octopussy/Mats/T_Skirt" 4314
"C:/Documents/Unreal Projects/HackAndSlash/goyslop/Content/Player/TestEnemy/NewEnemies/Octopussy/Enemy_Octopussy.uasset" 4315
"C:/Documents/Unreal Projects/HackAndSlash/goyslop/Content/Player/TestEnemy/NewEnemies/Octopussy/Animations/Idle_Octopussy.uasset" 4316
"C:/Documents/Unreal Projects/HackAndSlash/goyslop/Content/Player/TestEnemy/NewEnemies/Octopussy/Mats/M_Cloack.uasset" 4317
"/Game/Player/TestEnemy/NewEnemies/Octopussy/Mats/M_Tentacles" 4318
"/Game/Player/TestEnemy/Projectile/BP_XZ" 4319
"/Game/Player/TestEnemy/NewEnemies/Octopussy/Mats/M_Skirt" 4320
"/Game/Player/TestEnemy/NewEnemies/Tadpole/ABP_GOLOVACH" 4321
"/Game/Player/TestEnemy/Notifies/RangeShot" 4322
"C:/Documents/Unreal Projects/HackAndSlash/goyslop/Content/Player/TestEnemy/RangedEnemy.uasset" 4323
"C:/Documents/Unreal Projects/HackAndSlash/goyslop/Content/Player/TestEnemy/NewEnemies/Octopussy/Animations/ABP_Mage.uasset" 4324
"C:/Documents/Unreal Projects/HackAndSlash/goyslop/Content/Player/TestEnemy/BT_Range.uasset" 4325
"C:/Documents/Unreal Projects/HackAndSlash/goyslop/Content/Player/TestEnemy/RangedController.uasset" 4326
"C:/Documents/Unreal Projects/HackAndSlash/goyslop/Content/Player/Octopus.uasset" 4327
"C:/Documents/Unreal Projects/HackAndSlash/goyslop/Content/Player/Attack.uasset" 4328
"C:/Documents/Unreal Projects/HackAndSlash/goyslop/Content/Player/TestEnemy/BT_Tank.uasset" 4329
"C:/Documents/Unreal Projects/HackAndSlash/goyslop/Content/Player/TestEnemy/NewEnemies/Crab/Animations/Walk_Crab.uasset" 4330
"C:/Documents/Unreal Projects/HackAndSlash/goyslop/Content/Player/TestEnemy/NewEnemies/Crab/Mats/T_Shield.uasset" 4331
"C:/Documents/Unreal Projects/HackAndSlash/goyslop/Content/Player/TestEnemy/NewEnemies/Crab/Animations/Attack_Crab.uasset" 4332
"C:/Documents/Unreal Projects/HackAndSlash/goyslop/Content/Player/TestEnemy/NewEnemies/Crab/Mats/M_Shorts.uasset" 4333
"C:/Documents/Unreal Projects/HackAndSlash/goyslop/Content/Player/TestEnemy/NewEnemies/Crab/Mats/T_Shorts.uasset" 4334
"C:/Documents/Unreal Projects/HackAndSlash/goyslop/Content/Player/TestEnemy/NewEnemies/Crab/Enemy_Crab_Skeleton_AnimBlueprint.uasset" 4335
"C:/Documents/Unreal Projects/HackAndSlash/goyslop/Content/Player/TestEnemy/NewEnemies/Crab/Animations/Idle_Crab.uasset" 4336
"C:/Documents/Unreal Projects/HackAndSlash/goyslop/Content/Player/TestEnemy/NewEnemies/Crab/Animations/Attack_Crab_Montage.uasset" 4337
"C:/Documents/Unreal Projects/HackAndSlash/goyslop/Content/Player/TestEnemy/NewEnemies/Crab/Mats/M_Shield.uasset" 4338
"C:/Documents/Unreal Projects/HackAndSlash/goyslop/Content/Player/TestEnemy/NewEnemies/Crab/Mats/M_Joints.uasset" 4339
"C:/Documents/Unreal Projects/HackAndSlash/goyslop/Content/Player/TestEnemy/NewEnemies/Crab/Mats/T_Eyes.uasset" 4340
"C:/Documents/Unreal Projects/HackAndSlash/goyslop/Content/Player/TestEnemy/NewEnemies/Crab/Mats/M_Eyes.uasset" 4341
"C:/Documents/Unreal Projects/HackAndSlash/goyslop/Content/Player/TestEnemy/NewEnemies/Crab/Mats/M_Boots.uasset" 4342
"C:/Documents/Unreal Projects/HackAndSlash/goyslop/Content/Player/TestEnemy/NewEnemies/Crab/Mats/M_Arm2.uasset" 4343
"C:/Documents/Unreal Projects/HackAndSlash/goyslop/Content/Player/TestEnemy/NewEnemies/Crab/Mats/M_Body.uasset" 4344
"C:/Documents/Unreal Projects/HackAndSlash/goyslop/Content/Player/TestEnemy/NewEnemies/Crab/Mats/T_Body.uasset" 4345
"/Game/Player/TestEnemy/NewEnemies/Crab/Mats/M_Shield" 4346
"C:/Documents/Unreal Projects/HackAndSlash/goyslop/Content/Player/TestEnemy/NewEnemies/Crab/Mats/T_Boots.uasset" 4347
"C:/Documents/Unreal Projects/HackAndSlash/goyslop/Content/Player/TestEnemy/NewEnemies/Crab/Mats/T_Arm.uasset" 4348
"C:/Documents/Unreal Projects/HackAndSlash/goyslop/Content/Player/TestEnemy/NewEnemies/Crab/Mats/T_Arm2.uasset" 4349
"C:/Documents/Unreal Projects/HackAndSlash/goyslop/Content/Player/TestEnemy/NewEnemies/Crab/Enemy_Crab.uasset" 4350
"C:/Documents/Unreal Projects/HackAndSlash/goyslop/Content/Player/TestEnemy/NewEnemies/Crab/Mats/M_Arm.uasset" 4351
"C:/Documents/Unreal Projects/HackAndSlash/goyslop/Content/Player/TestEnemy/NewEnemies/Crab/Animations/HitReaction_Crab.uasset" 4352
"C:/Documents/Unreal Projects/HackAndSlash/goyslop/Content/Player/TestEnemy/NewEnemies/Crab/Animations/GetUp_Crab.uasset" 4353
"C:/Documents/Unreal Projects/HackAndSlash/goyslop/Content/Player/TestEnemy/NewEnemies/Crab/Animations/AM_GetUp_Crab.uasset" 4354
"C:/Documents/Unreal Projects/HackAndSlash/goyslop/Content/Player/TestEnemy/NewEnemies/Crab/Animations/FallBack_Crab.uasset" 4355
"C:/Documents/Unreal Projects/HackAndSlash/goyslop/Content/Player/TestEnemy/NewEnemies/Crab/Animations/AM_HitReaction.uasset" 4356
"C:/Documents/Unreal Projects/HackAndSlash/goyslop/Content/Player/TestEnemy/NewEnemies/Crab/Animations/AM_FallBack_Crab.uasset" 4357
"C:/Documents/Unreal Projects/HackAndSlash/goyslop/Content/Player/TestEnemy/NewEnemies/Crab/Animations/BellyFlop_Crab.uasset" 4358
"C:/Documents/Unreal Projects/HackAndSlash/goyslop/Content/Player/Tank_M.uasset" 4359
"C:/Documents/Unreal Projects/HackAndSlash/goyslop/Content/Player/TestEnemy/NewEnemies/Crab/Enemy_Crab_Skeleton.uasset" 4360
"C:/Documents/Unreal Projects/HackAndSlash/goyslop/Content/Player/TestEnemy/NewEnemies/Crab/Animations/AM_BellyFlop_Crab.uasset" 4361
"/Game/Player/TestEnemy/BT_Tank" 4362
"/Game/Player/TestEnemy/NewEnemies/Crab/Mats/M_Shorts" 4363
"/Game/Player/TestEnemy/NewEnemies/Crab/Mats/M_Joints" 4364
"/Game/Player/TestEnemy/NewEnemies/Crab/Mats/T_Eyes" 4365
"/Game/Player/TestEnemy/NewEnemies/Crab/Mats/M_Eyes" 4366
"C:/Documents/Unreal Projects/HackAndSlash/goyslop/Content/Player/Tank_MS.uasset" 4367
"/Game/Player/TestEnemy/NewEnemies/Crab/Animations/Idle_Crab" 4368
"C:/Documents/Unreal Projects/HackAndSlash/goyslop/Content/Player/TestEnemy/BP_Spawner.uasset" 4369
"../../../Engine/Content/EngineSky/C_Sky_Cloud_Color.uasset" 4370
"../../../Engine/Content/EngineSky/C_Sky_Horizon_Color.uasset" 4371
"../../../Engine/Content/EngineSky/C_Sky_Zenith_Color.uasset" 4372
"../../../Engine/Content/EngineSky/T_Sky_Blue.uasset" 4373
"../../../Engine/Content/EngineSky/T_Sky_Clouds_M.uasset" 4374
"C:/Documents/Unreal Projects/HackAndSlash/goyslop/Content/Player/TestEnemy/TankEnemy.uasset" 4375
"/Game/Player/TestEnemy/NewEnemies/Crab/Animations/Walk_Crab" 4376
"/Game/Player/TestEnemy/NewEnemies/Crab/Animations/Attack_Crab_Montage" 4377
"/Game/Player/Tank_M" 4378
"/Game/Player/TestEnemy/NewEnemies/Crab/Animations/AM_BellyFlop_Crab" 4379
"/Game/Player/TestEnemy/NewEnemies/Crab/Animations/AM_FallBack_Crab" 4380
"/Game/Player/TestEnemy/NewEnemies/Crab/Animations/AM_GetUp_Crab" 4381
"/Game/Player/TestEnemy/NewEnemies/Crab/Animations/AM_HitReaction" 4382
"/Game/Player/TestEnemy/NewEnemies/Crab/Enemy_Crab" 4383
"../../../Engine/Content/EngineSky/SM_SkySphere.uasset" 4384
"../../../Engine/Content/EngineSky/BP_Sky_Sphere.uasset" 4385
"C:/Documents/Unreal Projects/HackAndSlash/goyslop/Content/Developers/betri/Textures/Stink_Frame.uasset" 4386
"C:/Documents/Unreal Projects/HackAndSlash/goyslop/Content/Developers/betri/Interface/WBP_Tryasina.uasset" 4387
"../../../Engine/Content/EngineSky/M_Sky_Panning_Clouds2.uasset" 4388
"../../../Engine/Content/EngineSky/T_Sky_Stars.uasset" 4389
"C:/Documents/Unreal Projects/HackAndSlash/goyslop/Content/CombatSystem/BP_Smegma.uasset" 4390
"C:/Documents/Unreal Projects/HackAndSlash/goyslop/Content/Developers/betri/MM_Base.umap" 4391
"C:/Documents/Unreal Projects/HackAndSlash/goyslop/Content/Developers/betri/Lvl_Arena_sharedassets/2_LayerInfo.uasset" 4392
"C:/Documents/Unreal Projects/HackAndSlash/goyslop/Content/Developers/betri/Lvl_Arena_sharedassets/3_LayerInfo.uasset" 4393
"C:/Documents/Unreal Projects/HackAndSlash/goyslop/Content/Developers/betri/Lvl_Arena_sharedassets/1_LayerInfo.uasset" 4394
"C:/Documents/Unreal Projects/HackAndSlash/goyslop/Content/Developers/betri/Niagara/Lev.uasset" 4395
"C:/Documents/Unreal Projects/HackAndSlash/goyslop/Content/Developers/betri/Lvl_ArenaSmola_BuiltData.uasset" 4396
"C:/Documents/Unreal Projects/HackAndSlash/goyslop/Content/Developers/betri/Lvl_ArenaBasic.umap" 4397
"C:/Documents/Unreal Projects/HackAndSlash/goyslop/Content/Developers/betri/Lvl_Arena_sharedassets/12_LayerInfo.uasset" 4398
"C:/Documents/Unreal Projects/HackAndSlash/goyslop/Content/Developers/betri/Lvl_ArenaSmola.umap" 4399
"C:/Documents/Unreal Projects/HackAndSlash/goyslop/Content/Developers/betri/Lvl_ArenaTrryasnya_BuiltData.uasset" 4400
"C:/Documents/Unreal Projects/HackAndSlash/goyslop/Content/Developers/betri/Lvl_ArenaTrryasnya.umap" 4401
"C:/Documents/Unreal Projects/HackAndSlash/goyslop/Content/Developers/betri/Interface/TILDASANS-VF_0.uasset" 4402
"C:/Documents/Unreal Projects/HackAndSlash/goyslop/Content/Developers/betri/Interface/TILDASANS-VF_0_Font.uasset" 4403
"C:/Documents/Unreal Projects/HackAndSlash/goyslop/Content/Developers/betri/Textures/Back.uasset" 4404
"C:/Documents/Unreal Projects/HackAndSlash/goyslop/Content/Developers/betri/Textures/Zaglushka.uasset" 4405
"C:/Documents/Unreal Projects/HackAndSlash/goyslop/Content/Developers/betri/Interface/WBP_Hints.uasset" 4406
"/Game/Player/TestEnemy/NewEnemies/Crab/Enemy_Crab_Skeleton_AnimBlueprint" 4407
"/Engine/EngineSky/T_Sky_Clouds_M" 4408
"/Engine/EngineSky/T_Sky_Blue" 4409
"/Engine/EngineSky/C_Sky_Zenith_Color" 4410
"/Engine/EngineSky/C_Sky_Horizon_Color" 4411
"/Engine/EngineSky/C_Sky_Cloud_Color" 4412
"/Game/Developers/betri/Interface/WBP_Tryasina" 4413
"/Engine/EngineSky/BP_Sky_Sphere" 4414
"/Game/Player/TestEnemy/BP_Spawner" 4415
"/Game/CombatSystem/BP_Smegma" 4416
"/Game/Developers/betri/MM_Base" 4417
"/Game/Developers/betri/Niagara/Lev" 4418
"/Game/Developers/betri/Lvl_Arena_sharedassets/3_LayerInfo" 4419
"/Game/Developers/betri/Lvl_Arena_sharedassets/2_LayerInfo" 4420
"/Game/Developers/betri/Lvl_Arena_sharedassets/1_LayerInfo" 4421
"/Game/Developers/betri/Lvl_Arena_sharedassets/12_LayerInfo" 4422
"/Game/Developers/betri/Lvl_ArenaBasic" 4423
"/Game/Developers/betri/Lvl_ArenaSmola_BuiltData" 4424
"/Game/Developers/betri/Lvl_ArenaSmola" 4425
"/Game/Developers/betri/Lvl_ArenaTrryasnya_BuiltData" 4426
"/Game/Developers/betri/Lvl_ArenaTrryasnya" 4427
"/Game/Developers/betri/Interface/TILDASANS-VF_0" 4428
"/Game/Developers/betri/Interface/TILDASANS-VF_0_Font" 4429
"/Game/Developers/betri/Textures/Back" 4430
"/Game/Developers/betri/Textures/Zaglushka" 4431
"/Game/Developers/betri/Interface/WBP_Hints" 4432
"../../../Engine/Content/EngineSounds/Submixes/MasterEQEffectPreset.uasset" 4433
"../../../Engine/Content/EngineSounds/Submixes/MasterReverbEffectPreset.uasset" 4434
"C:/Documents/Unreal Projects/HackAndSlash/goyslop/Content/Developers/betri/Interface/GMB_MainMenu.uasset" 4435
"../../../Engine/Content/EngineSounds/Submixes/MasterSubmixDefault.uasset" 4436
"C:/Documents/Unreal Projects/HackAndSlash/goyslop/Content/Developers/betri/m_hints.umap" 4437
"../../../Engine/Content/EngineSounds/Submixes/MasterEQSubmixDefault.uasset" 4438
"../../../Engine/Plugins/Interchange/Assets/Content/gltf/MaterialFunctions/MF_Clearcoat.uasset" 4439
"../../../Engine/Plugins/Interchange/Assets/Content/gltf/MaterialFunctions/MF_SpecularAnisotropy.uasset" 4440
"../../../Engine/Plugins/Interchange/Assets/Content/gltf/MaterialBodies/MF_ClearCoat_Body.uasset" 4441
"../../../Engine/Plugins/Interchange/Assets/Content/gltf/MaterialFunctions/MF_Emissive.uasset" 4442
"../../../Engine/Plugins/Interchange/Assets/Content/gltf/Textures/T_Generic_N.uasset" 4443
"../../../Engine/Plugins/Interchange/Assets/Content/gltf/Textures/T_Anisotropy_Direction_Linear.uasset" 4444
"../../../Engine/Plugins/Interchange/Assets/Content/gltf/MaterialFunctions/MF_Occlusion.uasset" 4445
"../../../Engine/Plugins/Interchange/Assets/Content/gltf/MaterialFunctions/MF_Specular.uasset" 4446
"../../../Engine/Content/EngineSounds/Submixes/MasterReverbSubmixDefault.uasset" 4447
"../../../Engine/Plugins/Interchange/Assets/Content/gltf/MaterialFunctions/MF_ScaleNormal.uasset" 4448
"../../../Engine/Plugins/Interchange/Assets/Content/gltf/MaterialFunctions/MF_RotateNormals_TS.uasset" 4449
"../../../Engine/Plugins/Interchange/Assets/Content/gltf/MaterialFunctions/MF_Normals.uasset" 4450
"../../../Engine/Plugins/Interchange/Assets/Content/gltf/MaterialFunctions/MF_MetallicRoughness.uasset" 4451
"../../../Engine/Plugins/Interchange/Assets/Content/gltf/Textures/T_White_Linear.uasset" 4452
"../../../Engine/Plugins/Interchange/Assets/Content/Functions/MF_IridescenceNoLUT.uasset" 4453
"../../../Engine/Plugins/Interchange/Assets/Content/gltf/MaterialFunctions/MF_IOR.uasset" 4454
"../../../Engine/Plugins/Interchange/Assets/Content/gltf/MaterialFunctions/MF_Iridescence.uasset" 4455
"../../../Engine/Plugins/Interchange/Assets/Content/gltf/MaterialFunctions/MF_TransformUVs.uasset" 4456
"../../../Engine/Plugins/Interchange/Assets/Content/gltf/MaterialFunctions/MF_BaseColor.uasset" 4457
"../../../Engine/Plugins/Interchange/Assets/Content/gltf/MaterialFunctions/MF_RotateV2.uasset" 4458
"../../../Engine/Plugins/Interchange/Assets/Content/gltf/Textures/T_White_srgb.uasset" 4459
"../../../Engine/Content/Functions/Engine_MaterialFunctions03/Math/RemapValueRange.uasset" 4460
"../../../Engine/Plugins/Interchange/Assets/Content/Utilities/New_LUT.uasset" 4461
"../../../Engine/Plugins/Interchange/Assets/Content/Functions/MF_Iridescence.uasset" 4462
"../../../Engine/Plugins/Interchange/Assets/Content/gltf/M_ClearCoat.uasset" 4463
"../../../Engine/Plugins/Interchange/Assets/Content/gltf/MaterialInstances/MI_ClearCoat_Opaque.uasset" 4464
"/Engine/EngineSounds/Submixes/MasterEQEffectPreset" 4465
"/Engine/EngineSounds/Submixes/MasterReverbEffectPreset" 4466
"../../../Engine/Plugins/Interchange/Assets/Content/gltf/MaterialInstances/MI_ClearCoat_Blend.uasset" 4467
"../../../Engine/Plugins/Interchange/Assets/Content/gltf/MaterialInstances/MI_ClearCoat_Mask.uasset" 4468
"/InterchangeAssets/gltf/MaterialInstances/MI_ClearCoat_Opaque" 4469
"/Engine/EngineSounds/Submixes/MasterReverbSubmixDefault" 4470
"/Engine/EditorResources/EmptyActor" 4471
"../../../Engine/Content/EditorResources/EmptyActor.uasset" 4472
"/Game/Developers/betri/m_hints" 4473
"../../../Engine/Plugins/Interchange/Assets/Content/gltf/MaterialInstances/MI_ClearCoat_Mask_DS.uasset" 4474
"../../../Engine/Plugins/Interchange/Assets/Content/gltf/MaterialInstances/MI_Default_Opaque_DS.uasset" 4475
"../../../Engine/Plugins/Interchange/Assets/Content/gltf/MaterialInstances/MI_Default_Mask.uasset" 4476
"../../../Engine/Plugins/Interchange/Assets/Content/gltf/M_Default.uasset" 4477
"/InterchangeAssets/gltf/MaterialInstances/MI_ClearCoat_Blend" 4478
"../../../Engine/Plugins/Interchange/Assets/Content/gltf/MaterialInstances/MI_Default_Opaque.uasset" 4479
"../../../Engine/Plugins/Interchange/Assets/Content/gltf/MaterialInstances/MI_ClearCoat_Blend_DS.uasset" 4480
"../../../Engine/Plugins/Interchange/Assets/Content/gltf/MaterialInstances/MI_Default_Blend.uasset" 4481
"../../../Engine/Plugins/Interchange/Assets/Content/gltf/MaterialInstances/MI_ClearCoat_Opaque_DS.uasset" 4482
"../../../Engine/Plugins/Interchange/Assets/Content/gltf/MaterialInstances/MI_Default_Mask_DS.uasset" 4483
"../../../Engine/Plugins/Interchange/Assets/Content/gltf/MaterialBodies/MF_Default_Body.uasset" 4484
"../../../Engine/Plugins/Interchange/Assets/Content/gltf/MaterialInstances/MI_Default_Blend_DS.uasset" 4485
"../../../Engine/Plugins/Interchange/Assets/Content/gltf/MaterialBodies/MF_Sheen_Body.uasset" 4486
"../../../Engine/Plugins/Interchange/Assets/Content/gltf/MaterialInstances/MI_Sheen_Opaque.uasset" 4487
"../../../Engine/Plugins/Interchange/Assets/Content/gltf/MaterialInstances/MI_Sheen_Mask.uasset" 4488
"../../../Engine/Plugins/Interchange/Assets/Content/gltf/M_Sheen.uasset" 4489
"../../../Engine/Plugins/Interchange/Assets/Content/gltf/MaterialInstances/MI_Sheen_Blend.uasset" 4490
"../../../Engine/Plugins/Interchange/Assets/Content/gltf/MaterialInstances/MI_Sheen_Opaque_DS.uasset" 4491
"../../../Engine/Plugins/Interchange/Assets/Content/gltf/MaterialFunctions/MF_Sheen.uasset" 4492
"../../../Engine/Plugins/Interchange/Assets/Content/gltf/MaterialInstances/MI_Sheen_Mask_DS.uasset" 4493
"../../../Engine/Plugins/Interchange/Assets/Content/gltf/MaterialInstances/MI_Sheen_Blend_DS.uasset" 4494
"../../../Engine/Plugins/Interchange/Assets/Content/gltf/MaterialFunctions/MF_Transmission.uasset" 4495
"../../../Engine/Plugins/Interchange/Assets/Content/gltf/MaterialFunctions/MF_Temporal_Blur.uasset" 4496
"../../../Engine/Plugins/Interchange/Assets/Content/gltf/MaterialFunctions/MF_Fresnel_DS.uasset" 4497
"../../../Engine/Plugins/Interchange/Assets/Content/gltf/MaterialBodies/MF_Transmission_Body.uasset" 4498
"../../../Engine/Content/Functions/Engine_MaterialFunctions02/Texturing/ScreenAlignedPixelToPixelUVs.uasset" 4499
"../../../Engine/Plugins/Interchange/Assets/Content/gltf/M_Transmission.uasset" 4500
"../../../Engine/Plugins/Interchange/Assets/Content/gltf/MaterialInstances/MI_Transmission.uasset" 4501
"../../../Engine/Plugins/Interchange/Assets/Content/gltf/MaterialInstances/MI_Transmission_DS.uasset" 4502
"../../../Engine/Plugins/Interchange/Assets/Content/gltf/MaterialFunctions/MF_SpecGlossToMetalRoughness.uasset" 4503
"../../../Engine/Plugins/Interchange/Assets/Content/gltf/MaterialFunctions/MF_PerceivedBrightness.uasset" 4504
"/InterchangeAssets/gltf/MaterialInstances/MI_ClearCoat_Mask" 4505
"../../../Engine/Plugins/Interchange/Assets/Content/gltf/MaterialFunctions/MF_DiffuseSpecGloss.uasset" 4506
"../../../Engine/Plugins/Interchange/Assets/Content/gltf/MaterialFunctions/MF_MaxComponentValue.uasset" 4507
"/InterchangeAssets/gltf/MaterialFunctions/MF_SpecGlossToMetalRoughness" 4508
"../../../Engine/Content/Functions/Engine_MaterialFunctions02/Math/AddComponents.uasset" 4509
"/InterchangeAssets/gltf/MaterialInstances/MI_Transmission_DS" 4510
"/InterchangeAssets/gltf/MaterialInstances/MI_Transmission" 4511
"/InterchangeAssets/gltf/MaterialInstances/MI_Sheen_Blend_DS" 4512
"/InterchangeAssets/gltf/MaterialInstances/MI_Sheen_Mask_DS" 4513
"/InterchangeAssets/gltf/MaterialInstances/MI_Sheen_Opaque_DS" 4514
"/InterchangeAssets/gltf/MaterialInstances/MI_Sheen_Blend" 4515
"/InterchangeAssets/gltf/MaterialInstances/MI_Sheen_Mask" 4516
"/InterchangeAssets/gltf/MaterialInstances/MI_Sheen_Opaque" 4517
"/InterchangeAssets/gltf/MaterialInstances/MI_Default_Blend_DS" 4518
"../../../Engine/Plugins/Interchange/Assets/Shaders/ThinFilmFunctions.usf" 4519
"/InterchangeAssets/gltf/MaterialInstances/MI_Default_Mask_DS" 4520
"/InterchangeAssets/gltf/MaterialInstances/MI_Default_Opaque_DS" 4521
"/InterchangeAssets/gltf/MaterialInstances/MI_Default_Blend" 4522
"/InterchangeAssets/gltf/MaterialInstances/MI_Default_Mask" 4523
"/InterchangeAssets/gltf/MaterialInstances/MI_Default_Opaque" 4524
"/InterchangeAssets/gltf/MaterialInstances/MI_ClearCoat_Blend_DS" 4525
"/InterchangeAssets/gltf/MaterialInstances/MI_ClearCoat_Mask_DS" 4526
"/InterchangeAssets/gltf/MaterialInstances/MI_ClearCoat_Opaque_DS" 4527
"../../../Engine/Plugins/Interchange/Assets/Content/gltf/MaterialInstances/MI_SpecularGlossiness_Opaque_DS.uasset" 4528
"../../../Engine/Plugins/Interchange/Assets/Content/gltf/MaterialBodies/MF_SpecularGlossiness_Body.uasset" 4529
"../../../Engine/Plugins/Interchange/Assets/Content/gltf/MaterialInstances/MI_SpecularGlossiness_Blend_DS.uasset" 4530
"../../../Engine/Plugins/Interchange/Assets/Content/gltf/M_SpecularGlossiness.uasset" 4531
"../../../Engine/Plugins/Interchange/Assets/Content/gltf/MaterialInstances/MI_SpecularGlossiness_Mask_DS.uasset" 4532
"../../../Engine/Plugins/Interchange/Assets/Content/gltf/MaterialInstances/MI_SpecularGlossiness_Mask.uasset" 4533
"../../../Engine/Plugins/Interchange/Assets/Content/gltf/MaterialInstances/MI_SpecularGlossiness_Blend.uasset" 4534
"../../../Engine/Plugins/Interchange/Assets/Content/Functions/MX_Transmission.uasset" 4535
"../../../Engine/Plugins/Interchange/Assets/Content/gltf/MaterialInstances/MI_SpecularGlossiness_Opaque.uasset" 4536
"../../../Engine/Content/Functions/Engine_MaterialFunctions01/Volumetrics/BeersLaw.uasset" 4537
"../../../Engine/Content/Functions/Substrate/MF_SchlickInternal.uasset" 4538
"../../../Engine/Plugins/Interchange/Assets/Content/Functions/MX_StandardSurface.uasset" 4539
"../../../Engine/Plugins/Interchange/Assets/Content/Functions/MF_OrenNayerView.uasset" 4540
"../../../Engine/Plugins/Interchange/Assets/Content/Functions/MX_OpenPBR_Translucent.uasset" 4541
"../../../Engine/Plugins/Interchange/Assets/Content/Functions/MX_TransmissionSurface.uasset" 4542
"../../../Engine/Plugins/Interchange/Assets/Content/gltf/MaterialBodies/MF_Unlit_Body.uasset" 4543
"../../../Engine/Plugins/Interchange/Assets/Content/gltf/M_Unlit.uasset" 4544
"../../../Engine/Plugins/Interchange/Assets/Content/gltf/MaterialInstances/MI_Unlit_Opaque.uasset" 4545
"../../../Engine/Plugins/Interchange/Assets/Content/gltf/MaterialInstances/MI_Unlit_Mask.uasset" 4546
"../../../Engine/Plugins/Interchange/Assets/Content/gltf/MaterialInstances/MI_Unlit_Blend.uasset" 4547
"../../../Engine/Plugins/Interchange/Assets/Content/gltf/MaterialInstances/MI_Unlit_Opaque_DS.uasset" 4548
"../../../Engine/Plugins/Interchange/Assets/Content/gltf/MaterialInstances/MI_Unlit_Mask_DS.uasset" 4549
"C:/Documents/Unreal Projects/HackAndSlash/goyslop/Content/Developers/betri/Textures/aw.uasset" 4550
"C:/Documents/Unreal Projects/HackAndSlash/goyslop/Content/Developers/betri/Interface/WBP_MainMenu.uasset" 4551
"../../../Engine/Plugins/Interchange/Assets/Content/gltf/MaterialInstances/MI_Unlit_Blend_DS.uasset" 4552
"C:/Documents/Unreal Projects/HackAndSlash/goyslop/Content/Developers/betri/Models/Object_3.uasset" 4553
"C:/Documents/Unreal Projects/HackAndSlash/goyslop/Content/Developers/betri/MM_Map.umap" 4554
"/InterchangeAssets/gltf/MaterialFunctions/MF_DiffuseSpecGloss" 4555
"/InterchangeAssets/gltf/MaterialFunctions/MF_MaxComponentValue" 4556
"/Game/Developers/betri/MM_Map" 4557
"/InterchangeAssets/gltf/MaterialInstances/MI_Unlit_Blend_DS" 4558
"/InterchangeAssets/gltf/MaterialInstances/MI_Unlit_Mask_DS" 4559
"/InterchangeAssets/gltf/MaterialInstances/MI_Unlit_Opaque_DS" 4560
"/InterchangeAssets/gltf/MaterialInstances/MI_Unlit_Blend" 4561
"/InterchangeAssets/gltf/MaterialInstances/MI_Unlit_Mask" 4562
"/InterchangeAssets/gltf/MaterialInstances/MI_Unlit_Opaque" 4563
"/InterchangeAssets/Functions/MX_OpenPBR_Translucent" 4564
"/Engine/EditorResources/LightIcons/S_LightError" 4565
"../../../Engine/Content/EditorResources/LightIcons/S_LightError.uasset" 4566
"/InterchangeAssets/gltf/MaterialInstances/MI_SpecularGlossiness_Blend_DS" 4567
"/InterchangeAssets/gltf/MaterialInstances/MI_SpecularGlossiness_Mask_DS" 4568
"/InterchangeAssets/gltf/MaterialInstances/MI_SpecularGlossiness_Opaque_DS" 4569
"/InterchangeAssets/gltf/MaterialInstances/MI_SpecularGlossiness_Blend" 4570
"/InterchangeAssets/gltf/MaterialInstances/MI_SpecularGlossiness_Mask" 4571
"/InterchangeAssets/gltf/MaterialInstances/MI_SpecularGlossiness_Opaque" 4572
"../../../Engine/Plugins/Interchange/Assets/Content/Functions/MX_OpenPBR_Opaque.uasset" 4573
"../../../Engine/Plugins/Animation/ControlRig/Content/Controls/ControlRig_Sphere_solid.uasset" 4574
"../../../Engine/Plugins/Animation/ControlRig/Content/Controls/ControlRig_Arrow2_1mm.uasset" 4575
"../../../Engine/Plugins/Animation/ControlRig/Content/Controls/ControlRig_Arrow2_3mm.uasset" 4576
"../../../Engine/Plugins/Animation/ControlRig/Content/Controls/ControlRig_Arrow2_solid.uasset" 4577
"../../../Engine/Plugins/Animation/ControlRig/Content/Controls/ControlRig_Arrow4_1mm.uasset" 4578
"../../../Engine/Plugins/Animation/ControlRig/Content/Controls/ControlRig_Arrow4_3mm.uasset" 4579
"../../../Engine/Plugins/Animation/ControlRig/Content/Controls/ControlRig_Arrow4_solid.uasset" 4580
"/ControlRig/Controls/ControlRig_Arrow4_solid" 4581
"/ControlRig/Controls/ControlRig_Arrow4_3mm" 4582
"/ControlRig/Controls/ControlRig_Arrow4_1mm" 4583
"/ControlRig/Controls/ControlRig_Arrow2_solid" 4584
"/ControlRig/Controls/ControlRig_Arrow2_3mm" 4585
"/ControlRig/Controls/ControlRig_Arrow2_1mm" 4586
"/ControlRig/Controls/ControlRig_Sphere_solid" 4587
"/InterchangeAssets/Functions/MX_OpenPBR_Opaque" 4588
"../../../Engine/Plugins/Animation/ControlRig/Content/Controls/ControlRig_Arrow_3mm.uasset" 4589
"../../../Engine/Plugins/Animation/ControlRig/Content/Controls/ControlRig_Arrow_1mm.uasset" 4590
"../../../Engine/Plugins/Animation/ControlRig/Content/Controls/ControlRig_Arrow_solid.uasset" 4591
"../../../Engine/Plugins/Animation/ControlRig/Content/Controls/ControlRig_Box_1mm.uasset" 4592
"../../../Engine/Plugins/Animation/ControlRig/Content/Controls/ControlRig_Box_3mm.uasset" 4593
"../../../Engine/Plugins/Animation/ControlRig/Content/Controls/ControlRig_Box_solid.uasset" 4594
"../../../Engine/Plugins/Animation/ControlRig/Content/Controls/ControlRig_Circle_1mm.uasset" 4595
"../../../Engine/Plugins/Animation/ControlRig/Content/Controls/ControlRig_Circle_3mm.uasset" 4596
"../../../Engine/Plugins/Animation/ControlRig/Content/Controls/ControlRig_Circle_solid.uasset" 4597
"../../../Engine/Plugins/Animation/ControlRig/Content/Controls/ControlRig_Diamond_1mm.uasset" 4598
"../../../Engine/Plugins/Animation/ControlRig/Content/Controls/ControlRig_Diamond_3mm.uasset" 4599
"../../../Engine/Plugins/Animation/ControlRig/Content/Controls/ControlRig_Diamond_solid.uasset" 4600
"../../../Engine/Plugins/Animation/ControlRig/Content/Controls/ControlRig_HalfCircle_1mm.uasset" 4601
"../../../Engine/Plugins/Animation/ControlRig/Content/Controls/ControlRig_HalfCircle_3mm.uasset" 4602
"../../../Engine/Plugins/Animation/ControlRig/Content/Controls/ControlRig_HalfCircle_solid.uasset" 4603
"../../../Engine/Plugins/Animation/ControlRig/Content/Controls/ControlRig_Hexagon_1mm.uasset" 4604
"../../../Engine/Plugins/Animation/ControlRig/Content/Controls/ControlRig_Hexagon_3mm.uasset" 4605
"../../../Engine/Plugins/Animation/ControlRig/Content/Controls/ControlRig_Hexagon_solid.uasset" 4606
"../../../Engine/Plugins/Animation/ControlRig/Content/Controls/ControlRig_Octagon_1mm.uasset" 4607
"../../../Engine/Plugins/Animation/ControlRig/Content/Controls/ControlRig_Octagon_3mm.uasset" 4608
"../../../Engine/Plugins/Animation/ControlRig/Content/Controls/ControlRig_Octagon_solid.uasset" 4609
"../../../Engine/Plugins/Animation/ControlRig/Content/Controls/ControlRig_Pyramid_1mm.uasset" 4610
"../../../Engine/Plugins/Animation/ControlRig/Content/Controls/ControlRig_Pyramid_3mm.uasset" 4611
"../../../Engine/Plugins/Animation/ControlRig/Content/Controls/ControlRig_Pyramid_solid.uasset" 4612
"../../../Engine/Plugins/Animation/ControlRig/Content/Controls/ControlRig_QuarterCircle_1mm.uasset" 4613
"../../../Engine/Plugins/Animation/ControlRig/Content/Controls/ControlRig_QuarterCircle_3mm.uasset" 4614
"../../../Engine/Plugins/Animation/ControlRig/Content/Controls/ControlRig_QuarterCircle_solid.uasset" 4615
"../../../Engine/Plugins/Animation/ControlRig/Content/Controls/ControlRig_RoundedSquare_1mm.uasset" 4616
"../../../Engine/Plugins/Animation/ControlRig/Content/Controls/ControlRig_RoundedSquare_3mm.uasset" 4617
"../../../Engine/Plugins/Animation/ControlRig/Content/Controls/ControlRig_RoundedSquare_solid.uasset" 4618
"../../../Engine/Plugins/Animation/ControlRig/Content/Controls/ControlRig_RoundedTriangle_1mm.uasset" 4619
"/ControlRig/Controls/ControlRig_QuarterCircle_solid" 4620
"/ControlRig/Controls/ControlRig_QuarterCircle_3mm" 4621
"/ControlRig/Controls/ControlRig_QuarterCircle_1mm" 4622
"/ControlRig/Controls/ControlRig_Pyramid_solid" 4623
"/ControlRig/Controls/ControlRig_Pyramid_3mm" 4624
"/ControlRig/Controls/ControlRig_Pyramid_1mm" 4625
"/ControlRig/Controls/ControlRig_Octagon_solid" 4626
"/ControlRig/Controls/ControlRig_Octagon_3mm" 4627
"/ControlRig/Controls/ControlRig_Octagon_1mm" 4628
"/ControlRig/Controls/ControlRig_Hexagon_solid" 4629
"/ControlRig/Controls/ControlRig_Hexagon_3mm" 4630
"/ControlRig/Controls/ControlRig_Hexagon_1mm" 4631
"/ControlRig/Controls/ControlRig_HalfCircle_solid" 4632
"/ControlRig/Controls/ControlRig_HalfCircle_3mm" 4633
"/ControlRig/Controls/ControlRig_HalfCircle_1mm" 4634
"/ControlRig/Controls/ControlRig_Diamond_solid" 4635
"/ControlRig/Controls/ControlRig_Diamond_3mm" 4636
"/ControlRig/Controls/ControlRig_Diamond_1mm" 4637
"/ControlRig/Controls/ControlRig_Circle_solid" 4638
"/ControlRig/Controls/ControlRig_Circle_3mm" 4639
"/ControlRig/Controls/ControlRig_Circle_1mm" 4640
"/ControlRig/Controls/ControlRig_Box_solid" 4641
"/ControlRig/Controls/ControlRig_Box_3mm" 4642
"/ControlRig/Controls/ControlRig_Box_1mm" 4643
"/ControlRig/Controls/ControlRig_Arrow_solid" 4644
"/ControlRig/Controls/ControlRig_Arrow_3mm" 4645
"/ControlRig/Controls/ControlRig_Arrow_1mm" 4646
"/ControlRig/Controls/ControlRig_RoundedTriangle_1mm" 4647
"/ControlRig/Controls/ControlRig_RoundedSquare_solid" 4648
"/ControlRig/Controls/ControlRig_RoundedSquare_3mm" 4649
"/ControlRig/Controls/ControlRig_RoundedSquare_1mm" 4650
"../../../Engine/Plugins/Animation/ControlRig/Content/Controls/ControlRig_Sphere_3mm.uasset" 4651
"../../../Engine/Plugins/Animation/ControlRig/Content/Controls/ControlRig_RoundedTriangle_solid.uasset" 4652
"../../../Engine/Plugins/Animation/ControlRig/Content/Controls/ControlRig_Square_1mm.uasset" 4653
"../../../Engine/Plugins/Animation/ControlRig/Content/Controls/ControlRig_Square_solid.uasset" 4654
"../../../Engine/Plugins/Animation/ControlRig/Content/Controls/ControlRig_Square_3mm.uasset" 4655
"../../../Engine/Plugins/Animation/ControlRig/Content/Controls/ControlRig_Sphere_1mm.uasset" 4656
"../../../Engine/Plugins/Animation/ControlRig/Content/Controls/ControlRig_RoundedTriangle_3mm.uasset" 4657
"../../../Engine/Plugins/Animation/ControlRig/Content/Controls/ControlRig_Star4_1mm.uasset" 4658
"../../../Engine/Plugins/Animation/ControlRig/Content/Controls/ControlRig_Triangle_1mm.uasset" 4659
"../../../Engine/Plugins/Animation/ControlRig/Content/Controls/ControlRig_Star4_solid.uasset" 4660
"../../../Engine/Plugins/Animation/ControlRig/Content/Controls/ControlRig_Star4_3mm.uasset" 4661
"../../../Engine/Plugins/Animation/ControlRig/Content/Controls/ControlRig_Triangle_solid.uasset" 4662
"../../../Engine/Plugins/Animation/ControlRig/Content/Controls/ControlRig_Wedge_solid.uasset" 4663
"../../../Engine/Plugins/Animation/ControlRig/Content/Controls/ControlRig_Triangle_3mm.uasset" 4664
"../../../Engine/Plugins/Animation/ControlRig/Content/Controls/ControlRig_Wedge_3mm.uasset" 4665
"../../../Engine/Plugins/Animation/ControlRig/Content/Controls/ControlRig_Wedge_1mm.uasset" 4666
"/ControlRig/Controls/ControlRig_Wedge_solid" 4667
"/ControlRig/Controls/ControlRig_Wedge_3mm" 4668
"/ControlRig/Controls/ControlRig_Wedge_1mm" 4669
"/ControlRig/Controls/ControlRig_Triangle_solid" 4670
"/ControlRig/Controls/ControlRig_Triangle_3mm" 4671
"/ControlRig/Controls/ControlRig_Triangle_1mm" 4672
"/ControlRig/Controls/ControlRig_Star4_solid" 4673
"/ControlRig/Controls/ControlRig_Star4_3mm" 4674
"/ControlRig/Controls/ControlRig_Star4_1mm" 4675
"/ControlRig/Controls/ControlRig_Square_solid" 4676
"/ControlRig/Controls/ControlRig_Square_3mm" 4677
"/ControlRig/Controls/ControlRig_Square_1mm" 4678
"/ControlRig/Controls/ControlRig_Sphere_3mm" 4679
"/ControlRig/Controls/ControlRig_Sphere_1mm" 4680
"/ControlRig/Controls/ControlRig_RoundedTriangle_solid" 4681
"/ControlRig/Controls/ControlRig_RoundedTriangle_3mm" 4682
"../../../Engine/Content/EditorMaterials/PreviewShadowIndicator.uasset" 4683
"C:/Documents/Unreal Projects/HackAndSlash/goyslop/Content/CombatSystem/BP_CComponent.uasset" 4684
"../../../Engine/Content/EditorMaterials/PreviewShadowIndicatorMaterial.uasset" 4685
"../../../Engine/Content/EngineMaterials/Substrate/GLints/dict_16_192_64_0p5_0p02_0000_0000.uasset" 4686
"../../../Engine/Content/EngineMaterials/Substrate/GLints/dict_16_192_64_0p5_0p02_0000_0001.uasset" 4687
"../../../Engine/Content/EngineMaterials/Substrate/GLints/dict_16_192_64_0p5_0p02_0000_0002.uasset" 4688
"../../../Engine/Content/EngineMaterials/Substrate/GLints/dict_16_192_64_0p5_0p02_0000_0003.uasset" 4689
"../../../Engine/Content/EngineMaterials/Substrate/GLints/dict_16_192_64_0p5_0p02_0000_0004.uasset" 4690
"../../../Engine/Content/EngineMaterials/Substrate/GLints/dict_16_192_64_0p5_0p02_0000_0005.uasset" 4691
"../../../Engine/Content/EngineMaterials/Substrate/GLints/dict_16_192_64_0p5_0p02_0000_0006.uasset" 4692
"../../../Engine/Content/EngineMaterials/Substrate/GLints/dict_16_192_64_0p5_0p02_0000_0007.uasset" 4693
"../../../Engine/Content/EngineMaterials/Substrate/GLints/dict_16_192_64_0p5_0p02_0000_0008.uasset" 4694
"../../../Engine/Content/EngineMaterials/Substrate/GLints/dict_16_192_64_0p5_0p02_0000_0009.uasset" 4695
"../../../Engine/Content/EngineMaterials/Substrate/GLints/dict_16_192_64_0p5_0p02_0000_0010.uasset" 4696
"../../../Engine/Content/EngineMaterials/Substrate/GLints/dict_16_192_64_0p5_0p02_0000_0011.uasset" 4697
"../../../Engine/Content/EngineMaterials/Substrate/GLints/dict_16_192_64_0p5_0p02_0000_0012.uasset" 4698
"../../../Engine/Content/EngineMaterials/Substrate/GLints/dict_16_192_64_0p5_0p02_0000_0013.uasset" 4699
"../../../Engine/Content/EngineMaterials/Substrate/GLints/dict_16_192_64_0p5_0p02_0000_0014.uasset" 4700
"../../../Engine/Content/EngineMaterials/Substrate/GLints/dict_16_192_64_0p5_0p02_0000_0015.uasset" 4701
"../../../Engine/Content/EngineMaterials/Substrate/GLints/dict_16_192_64_0p5_0p02_0001_0000.uasset" 4702
"../../../Engine/Content/EngineMaterials/Substrate/GLints/dict_16_192_64_0p5_0p02_0001_0001.uasset" 4703
"../../../Engine/Content/EngineMaterials/Substrate/GLints/dict_16_192_64_0p5_0p02_0001_0002.uasset" 4704
"../../../Engine/Content/EngineMaterials/Substrate/GLints/dict_16_192_64_0p5_0p02_0001_0003.uasset" 4705
"../../../Engine/Content/EngineMaterials/Substrate/GLints/dict_16_192_64_0p5_0p02_0001_0004.uasset" 4706
"../../../Engine/Content/EngineMaterials/Substrate/GLints/dict_16_192_64_0p5_0p02_0001_0005.uasset" 4707
"../../../Engine/Content/EngineMaterials/Substrate/GLints/dict_16_192_64_0p5_0p02_0001_0006.uasset" 4708
"../../../Engine/Content/EngineMaterials/Substrate/GLints/dict_16_192_64_0p5_0p02_0001_0007.uasset" 4709
"../../../Engine/Content/EngineMaterials/Substrate/GLints/dict_16_192_64_0p5_0p02_0001_0008.uasset" 4710
"../../../Engine/Content/EngineMaterials/Substrate/GLints/dict_16_192_64_0p5_0p02_0001_0009.uasset" 4711
"../../../Engine/Content/EngineMaterials/Substrate/GLints/dict_16_192_64_0p5_0p02_0001_0010.uasset" 4712
"../../../Engine/Content/EngineMaterials/Substrate/GLints/dict_16_192_64_0p5_0p02_0001_0011.uasset" 4713
"../../../Engine/Content/EngineMaterials/Substrate/GLints/dict_16_192_64_0p5_0p02_0001_0012.uasset" 4714
"/Engine/EditorMaterials/PreviewShadowIndicatorMaterial" 4715
"/Game/CombatSystem/BP_CComponent" 4716
"../../../Engine/Content/EngineMaterials/Substrate/GLints/dict_16_192_64_0p5_0p02_0001_0013.uasset" 4717
"../../../Engine/Content/EngineMaterials/Substrate/GLints/dict_16_192_64_0p5_0p02_0001_0014.uasset" 4718
"../../../Engine/Content/EngineMaterials/Substrate/GLints/dict_16_192_64_0p5_0p02_0001_0015.uasset" 4719
"/Engine/EngineMaterials/Substrate/GLints/dict_16_192_64_0p5_0p02_0001_0011" 4720
"/Engine/EngineMaterials/Substrate/GLints/dict_16_192_64_0p5_0p02_0001_0010" 4721
"/Engine/EngineMaterials/Substrate/GLints/dict_16_192_64_0p5_0p02_0001_0009" 4722
"/Engine/EngineMaterials/Substrate/GLints/dict_16_192_64_0p5_0p02_0001_0008" 4723
"/Engine/EngineMaterials/Substrate/GLints/dict_16_192_64_0p5_0p02_0001_0007" 4724
"/Engine/EngineMaterials/Substrate/GLints/dict_16_192_64_0p5_0p02_0001_0006" 4725
"/Engine/EngineMaterials/Substrate/GLints/dict_16_192_64_0p5_0p02_0001_0005" 4726
"/Engine/EngineMaterials/Substrate/GLints/dict_16_192_64_0p5_0p02_0001_0004" 4727
"/Engine/EngineMaterials/Substrate/GLints/dict_16_192_64_0p5_0p02_0001_0003" 4728
"/Engine/EngineMaterials/Substrate/GLints/dict_16_192_64_0p5_0p02_0001_0002" 4729
"/Engine/EngineMaterials/Substrate/GLints/dict_16_192_64_0p5_0p02_0001_0001" 4730
"/Engine/EngineMaterials/Substrate/GLints/dict_16_192_64_0p5_0p02_0001_0000" 4731
"/Engine/EngineMaterials/Substrate/GLints/dict_16_192_64_0p5_0p02_0000_0015" 4732
"/Engine/EngineMaterials/Substrate/GLints/dict_16_192_64_0p5_0p02_0000_0014" 4733
"/Engine/EngineMaterials/Substrate/GLints/dict_16_192_64_0p5_0p02_0000_0013" 4734
"/Engine/EngineMaterials/Substrate/GLints/dict_16_192_64_0p5_0p02_0000_0012" 4735
"/Engine/EngineMaterials/Substrate/GLints/dict_16_192_64_0p5_0p02_0000_0011" 4736
"/Engine/EngineMaterials/Substrate/GLints/dict_16_192_64_0p5_0p02_0000_0010" 4737
"/Engine/EngineMaterials/Substrate/GLints/dict_16_192_64_0p5_0p02_0000_0009" 4738
"/Engine/EngineMaterials/Substrate/GLints/dict_16_192_64_0p5_0p02_0000_0008" 4739
"/Engine/EngineMaterials/Substrate/GLints/dict_16_192_64_0p5_0p02_0000_0007" 4740
"/Engine/EngineMaterials/Substrate/GLints/dict_16_192_64_0p5_0p02_0000_0006" 4741
"/Engine/EngineMaterials/Substrate/GLints/dict_16_192_64_0p5_0p02_0000_0005" 4742
"/Engine/EngineMaterials/Substrate/GLints/dict_16_192_64_0p5_0p02_0000_0004" 4743
"/Engine/EngineMaterials/Substrate/GLints/dict_16_192_64_0p5_0p02_0000_0003" 4744
"/Engine/EngineMaterials/Substrate/GLints/dict_16_192_64_0p5_0p02_0000_0002" 4745
"/Engine/EngineMaterials/Substrate/GLints/dict_16_192_64_0p5_0p02_0000_0001" 4746
"/Engine/EngineMaterials/Substrate/GLints/dict_16_192_64_0p5_0p02_0001_0012" 4747
"/Engine/EngineMaterials/Substrate/GLints/dict_16_192_64_0p5_0p02_0000_0000" 4748
"../../../Engine/Content/EngineMaterials/Substrate/GLints/dict_16_192_64_0p5_0p02_0002_0000.uasset" 4749
"../../../Engine/Content/EngineMaterials/Substrate/GLints/dict_16_192_64_0p5_0p02_0002_0001.uasset" 4750
"../../../Engine/Content/EngineMaterials/Substrate/GLints/dict_16_192_64_0p5_0p02_0002_0002.uasset" 4751
"../../../Engine/Content/EngineMaterials/Substrate/GLints/dict_16_192_64_0p5_0p02_0002_0003.uasset" 4752
"/Engine/EngineMaterials/Substrate/GLints/dict_16_192_64_0p5_0p02_0001_0015" 4753
"../../../Engine/Content/EngineMaterials/Substrate/GLints/dict_16_192_64_0p5_0p02_0002_0004.uasset" 4754
"../../../Engine/Content/EngineMaterials/Substrate/GLints/dict_16_192_64_0p5_0p02_0002_0006.uasset" 4755
"../../../Engine/Content/EngineMaterials/Substrate/GLints/dict_16_192_64_0p5_0p02_0002_0005.uasset" 4756
"../../../Engine/Content/EngineMaterials/Substrate/GLints/dict_16_192_64_0p5_0p02_0002_0007.uasset" 4757
"../../../Engine/Content/EngineMaterials/Substrate/GLints/dict_16_192_64_0p5_0p02_0002_0008.uasset" 4758
"/Engine/EngineMaterials/Substrate/GLints/dict_16_192_64_0p5_0p02_0001_0014" 4759
"../../../Engine/Content/EngineMaterials/Substrate/GLints/dict_16_192_64_0p5_0p02_0002_0009.uasset" 4760
"../../../Engine/Content/EngineMaterials/Substrate/GLints/dict_16_192_64_0p5_0p02_0002_0010.uasset" 4761
"../../../Engine/Content/EngineMaterials/Substrate/GLints/dict_16_192_64_0p5_0p02_0002_0011.uasset" 4762
"/Engine/EngineMaterials/Substrate/GLints/dict_16_192_64_0p5_0p02_0001_0013" 4763
"../../../Engine/Content/EngineMaterials/Substrate/GLints/dict_16_192_64_0p5_0p02_0002_0013.uasset" 4764
"../../../Engine/Content/EngineMaterials/Substrate/GLints/dict_16_192_64_0p5_0p02_0002_0012.uasset" 4765
"../../../Engine/Content/EngineMaterials/Substrate/GLints/dict_16_192_64_0p5_0p02_0002_0014.uasset" 4766
"../../../Engine/Content/EngineMaterials/Substrate/GLints/dict_16_192_64_0p5_0p02_0002_0015.uasset" 4767
"../../../Engine/Content/EngineMaterials/Substrate/GLints/dict_16_192_64_0p5_0p02_0003_0000.uasset" 4768
"../../../Engine/Content/EngineMaterials/Substrate/GLints/dict_16_192_64_0p5_0p02_0003_0001.uasset" 4769
"/Engine/EngineMaterials/Substrate/GLints/dict_16_192_64_0p5_0p02_0002_0014" 4770
"../../../Engine/Content/EngineMaterials/Substrate/GLints/dict_16_192_64_0p5_0p02_0003_0003.uasset" 4771
"../../../Engine/Content/EngineMaterials/Substrate/GLints/dict_16_192_64_0p5_0p02_0003_0004.uasset" 4772
"../../../Engine/Content/EngineMaterials/Substrate/GLints/dict_16_192_64_0p5_0p02_0003_0002.uasset" 4773
"../../../Engine/Content/EngineMaterials/Substrate/GLints/dict_16_192_64_0p5_0p02_0003_0006.uasset" 4774
"/Engine/EngineMaterials/Substrate/GLints/dict_16_192_64_0p5_0p02_0002_0013" 4775
"../../../Engine/Content/EngineMaterials/Substrate/GLints/dict_16_192_64_0p5_0p02_0003_0007.uasset" 4776
"../../../Engine/Content/EngineMaterials/Substrate/GLints/dict_16_192_64_0p5_0p02_0003_0008.uasset" 4777
"/Engine/EngineMaterials/Substrate/GLints/dict_16_192_64_0p5_0p02_0002_0012" 4778
"../../../Engine/Content/EngineMaterials/Substrate/GLints/dict_16_192_64_0p5_0p02_0003_0009.uasset" 4779
"../../../Engine/Content/EngineMaterials/Substrate/GLints/dict_16_192_64_0p5_0p02_0003_0005.uasset" 4780
"../../../Engine/Content/EngineMaterials/Substrate/GLints/dict_16_192_64_0p5_0p02_0003_0010.uasset" 4781
"../../../Engine/Content/EngineMaterials/Substrate/GLints/dict_16_192_64_0p5_0p02_0003_0011.uasset" 4782
"../../../Engine/Content/EngineMaterials/Substrate/GLints/dict_16_192_64_0p5_0p02_0003_0012.uasset" 4783
"/Engine/EngineMaterials/Substrate/GLints/dict_16_192_64_0p5_0p02_0002_0011" 4784
"../../../Engine/Content/EngineMaterials/Substrate/GLints/dict_16_192_64_0p5_0p02_0003_0013.uasset" 4785
"../../../Engine/Content/EngineMaterials/Substrate/GLints/dict_16_192_64_0p5_0p02_0003_0014.uasset" 4786
"../../../Engine/Content/EngineMaterials/Substrate/GLints/dict_16_192_64_0p5_0p02_0003_0015.uasset" 4787
"/Engine/EngineMaterials/Substrate/GLints/dict_16_192_64_0p5_0p02_0002_0010" 4788
"/Engine/EngineMaterials/Substrate/GLints/dict_16_192_64_0p5_0p02_0002_0009" 4789
"/Engine/EngineMaterials/Substrate/GLints/dict_16_192_64_0p5_0p02_0002_0008" 4790
"/Engine/EngineMaterials/Substrate/GLints/dict_16_192_64_0p5_0p02_0002_0007" 4791
"/Engine/EngineMaterials/Substrate/GLints/dict_16_192_64_0p5_0p02_0002_0006" 4792
"/Engine/EngineMaterials/Substrate/GLints/dict_16_192_64_0p5_0p02_0002_0005" 4793
"/Engine/EngineMaterials/Substrate/GLints/dict_16_192_64_0p5_0p02_0002_0004" 4794
"/Engine/EngineMaterials/Substrate/GLints/dict_16_192_64_0p5_0p02_0002_0003" 4795
"/Engine/EngineMaterials/Substrate/GLints/dict_16_192_64_0p5_0p02_0002_0001" 4796
"/Engine/EngineMaterials/Substrate/GLints/dict_16_192_64_0p5_0p02_0002_0000" 4797
"../../../Engine/Content/EngineMaterials/Substrate/GLints/dict_16_192_64_0p5_0p02_0004_0001.uasset" 4798
"/Engine/EngineMaterials/Substrate/GLints/dict_16_192_64_0p5_0p02_0003_0012" 4799
"../../../Engine/Content/EngineMaterials/Substrate/GLints/dict_16_192_64_0p5_0p02_0004_0002.uasset" 4800
"../../../Engine/Content/EngineMaterials/Substrate/GLints/dict_16_192_64_0p5_0p02_0004_0004.uasset" 4801
"../../../Engine/Content/EngineMaterials/Substrate/GLints/dict_16_192_64_0p5_0p02_0004_0003.uasset" 4802
"../../../Engine/Content/EngineMaterials/Substrate/GLints/dict_16_192_64_0p5_0p02_0004_0006.uasset" 4803
"../../../Engine/Content/EngineMaterials/Substrate/GLints/dict_16_192_64_0p5_0p02_0004_0008.uasset" 4804
"../../../Engine/Content/EngineMaterials/Substrate/GLints/dict_16_192_64_0p5_0p02_0004_0007.uasset" 4805
"../../../Engine/Content/EngineMaterials/Substrate/GLints/dict_16_192_64_0p5_0p02_0004_0009.uasset" 4806
"../../../Engine/Content/EngineMaterials/Substrate/GLints/dict_16_192_64_0p5_0p02_0004_0010.uasset" 4807
"/Engine/EngineMaterials/Substrate/GLints/dict_16_192_64_0p5_0p02_0003_0011" 4808
"../../../Engine/Content/EngineMaterials/Substrate/GLints/dict_16_192_64_0p5_0p02_0004_0011.uasset" 4809
"../../../Engine/Content/EngineMaterials/Substrate/GLints/dict_16_192_64_0p5_0p02_0004_0012.uasset" 4810
"../../../Engine/Content/EngineMaterials/Substrate/GLints/dict_16_192_64_0p5_0p02_0004_0000.uasset" 4811
"../../../Engine/Content/EngineMaterials/Substrate/GLints/dict_16_192_64_0p5_0p02_0004_0013.uasset" 4812
"/Engine/EngineMaterials/Substrate/GLints/dict_16_192_64_0p5_0p02_0003_0010" 4813
"/Engine/EngineMaterials/Substrate/GLints/dict_16_192_64_0p5_0p02_0003_0009" 4814
"/Engine/EngineMaterials/Substrate/GLints/dict_16_192_64_0p5_0p02_0003_0008" 4815
"/Engine/EngineMaterials/Substrate/GLints/dict_16_192_64_0p5_0p02_0003_0007" 4816
"/Engine/EngineMaterials/Substrate/GLints/dict_16_192_64_0p5_0p02_0003_0006" 4817
"/Engine/EngineMaterials/Substrate/GLints/dict_16_192_64_0p5_0p02_0003_0005" 4818
"../../../Engine/Content/EngineMaterials/Substrate/GLints/dict_16_192_64_0p5_0p02_0004_0005.uasset" 4819
"/Engine/EngineMaterials/Substrate/GLints/dict_16_192_64_0p5_0p02_0003_0004" 4820
"/Engine/EngineMaterials/Substrate/GLints/dict_16_192_64_0p5_0p02_0003_0003" 4821
"/Engine/EngineMaterials/Substrate/GLints/dict_16_192_64_0p5_0p02_0003_0002" 4822
"/Engine/EngineMaterials/Substrate/GLints/dict_16_192_64_0p5_0p02_0003_0001" 4823
"/Engine/EngineMaterials/Substrate/GLints/dict_16_192_64_0p5_0p02_0003_0000" 4824
"/Engine/EngineMaterials/Substrate/GLints/dict_16_192_64_0p5_0p02_0002_0015" 4825
"/Engine/EngineMaterials/Substrate/GLints/dict_16_192_64_0p5_0p02_0002_0002" 4826
"/Engine/EngineMaterials/Substrate/GLints/dict_16_192_64_0p5_0p02_0003_0015" 4827
"/Engine/EngineMaterials/Substrate/GLints/dict_16_192_64_0p5_0p02_0003_0014" 4828
"/Engine/EngineMaterials/Substrate/GLints/dict_16_192_64_0p5_0p02_0003_0013" 4829
"../../../Engine/Content/EngineMaterials/Substrate/GLints/dict_16_192_64_0p5_0p02_0005_0000.uasset" 4830
"/Engine/EngineMaterials/Substrate/GLints/dict_16_192_64_0p5_0p02_0004_0013" 4831
"../../../Engine/Content/EngineMaterials/Substrate/GLints/dict_16_192_64_0p5_0p02_0005_0001.uasset" 4832
"../../../Engine/Content/EngineMaterials/Substrate/GLints/dict_16_192_64_0p5_0p02_0004_0014.uasset" 4833
"../../../Engine/Content/EngineMaterials/Substrate/GLints/dict_16_192_64_0p5_0p02_0005_0002.uasset" 4834
"../../../Engine/Content/EngineMaterials/Substrate/GLints/dict_16_192_64_0p5_0p02_0005_0006.uasset" 4835
"../../../Engine/Content/EngineMaterials/Substrate/GLints/dict_16_192_64_0p5_0p02_0005_0003.uasset" 4836
"../../../Engine/Content/EngineMaterials/Substrate/GLints/dict_16_192_64_0p5_0p02_0004_0015.uasset" 4837
"../../../Engine/Content/EngineMaterials/Substrate/GLints/dict_16_192_64_0p5_0p02_0005_0005.uasset" 4838
"../../../Engine/Content/EngineMaterials/Substrate/GLints/dict_16_192_64_0p5_0p02_0005_0007.uasset" 4839
"../../../Engine/Content/EngineMaterials/Substrate/GLints/dict_16_192_64_0p5_0p02_0005_0008.uasset" 4840
"../../../Engine/Content/EngineMaterials/Substrate/GLints/dict_16_192_64_0p5_0p02_0005_0004.uasset" 4841
"../../../Engine/Content/EngineMaterials/Substrate/GLints/dict_16_192_64_0p5_0p02_0005_0009.uasset" 4842
"../../../Engine/Content/EngineMaterials/Substrate/GLints/dict_16_192_64_0p5_0p02_0005_0011.uasset" 4843
"../../../Engine/Content/EngineMaterials/Substrate/GLints/dict_16_192_64_0p5_0p02_0005_0012.uasset" 4844
"../../../Engine/Content/EngineMaterials/Substrate/GLints/dict_16_192_64_0p5_0p02_0005_0010.uasset" 4845
"../../../Engine/Content/EngineMaterials/Substrate/GLints/dict_16_192_64_0p5_0p02_0005_0014.uasset" 4846
"../../../Engine/Content/EngineMaterials/Substrate/GLints/dict_16_192_64_0p5_0p02_0005_0013.uasset" 4847
"../../../Engine/Content/EngineMaterials/Substrate/GLints/dict_16_192_64_0p5_0p02_0005_0015.uasset" 4848
"/Engine/EngineMaterials/Substrate/GLints/dict_16_192_64_0p5_0p02_0004_0012" 4849
"/Engine/EngineMaterials/Substrate/GLints/dict_16_192_64_0p5_0p02_0004_0011" 4850
"/Engine/EngineMaterials/Substrate/GLints/dict_16_192_64_0p5_0p02_0004_0010" 4851
"/Engine/EngineMaterials/Substrate/GLints/dict_16_192_64_0p5_0p02_0004_0009" 4852
"/Engine/EngineMaterials/Substrate/GLints/dict_16_192_64_0p5_0p02_0004_0008" 4853
"/Engine/EngineMaterials/Substrate/GLints/dict_16_192_64_0p5_0p02_0004_0007" 4854
"/Engine/EngineMaterials/Substrate/GLints/dict_16_192_64_0p5_0p02_0004_0006" 4855
"/Engine/EngineMaterials/Substrate/GLints/dict_16_192_64_0p5_0p02_0004_0005" 4856
"/Engine/EngineMaterials/Substrate/GLints/dict_16_192_64_0p5_0p02_0004_0004" 4857
"/Engine/EngineMaterials/Substrate/GLints/dict_16_192_64_0p5_0p02_0004_0003" 4858
"/Engine/EngineMaterials/Substrate/GLints/dict_16_192_64_0p5_0p02_0004_0002" 4859
"/Engine/EngineMaterials/Substrate/GLints/dict_16_192_64_0p5_0p02_0004_0001" 4860
"/Engine/EngineMaterials/Substrate/GLints/dict_16_192_64_0p5_0p02_0004_0000" 4861
"../../../Engine/Content/EngineMaterials/Substrate/GLints/dict_16_192_64_0p5_0p02_0006_0000.uasset" 4862
"/Engine/EngineMaterials/Substrate/GLints/dict_16_192_64_0p5_0p02_0005_0015" 4863
"../../../Engine/Content/EngineMaterials/Substrate/GLints/dict_16_192_64_0p5_0p02_0006_0002.uasset" 4864
"../../../Engine/Content/EngineMaterials/Substrate/GLints/dict_16_192_64_0p5_0p02_0006_0003.uasset" 4865
"../../../Engine/Content/EngineMaterials/Substrate/GLints/dict_16_192_64_0p5_0p02_0006_0004.uasset" 4866
"../../../Engine/Content/EngineMaterials/Substrate/GLints/dict_16_192_64_0p5_0p02_0006_0005.uasset" 4867
"../../../Engine/Content/EngineMaterials/Substrate/GLints/dict_16_192_64_0p5_0p02_0006_0007.uasset" 4868
"../../../Engine/Content/EngineMaterials/Substrate/GLints/dict_16_192_64_0p5_0p02_0006_0009.uasset" 4869
"../../../Engine/Content/EngineMaterials/Substrate/GLints/dict_16_192_64_0p5_0p02_0006_0006.uasset" 4870
"../../../Engine/Content/EngineMaterials/Substrate/GLints/dict_16_192_64_0p5_0p02_0006_0001.uasset" 4871
"../../../Engine/Content/EngineMaterials/Substrate/GLints/dict_16_192_64_0p5_0p02_0006_0008.uasset" 4872
"../../../Engine/Content/EngineMaterials/Substrate/GLints/dict_16_192_64_0p5_0p02_0006_0010.uasset" 4873
"../../../Engine/Content/EngineMaterials/Substrate/GLints/dict_16_192_64_0p5_0p02_0006_0011.uasset" 4874
"../../../Engine/Content/EngineMaterials/Substrate/GLints/dict_16_192_64_0p5_0p02_0006_0012.uasset" 4875
"../../../Engine/Content/EngineMaterials/Substrate/GLints/dict_16_192_64_0p5_0p02_0006_0013.uasset" 4876
"/Engine/EngineMaterials/Substrate/GLints/dict_16_192_64_0p5_0p02_0005_0014" 4877
"/Engine/EngineMaterials/Substrate/GLints/dict_16_192_64_0p5_0p02_0005_0013" 4878
"/Engine/EngineMaterials/Substrate/GLints/dict_16_192_64_0p5_0p02_0005_0012" 4879
"/Engine/EngineMaterials/Substrate/GLints/dict_16_192_64_0p5_0p02_0005_0011" 4880
"/Engine/EngineMaterials/Substrate/GLints/dict_16_192_64_0p5_0p02_0005_0010" 4881
"/Engine/EngineMaterials/Substrate/GLints/dict_16_192_64_0p5_0p02_0005_0009" 4882
"/Engine/EngineMaterials/Substrate/GLints/dict_16_192_64_0p5_0p02_0005_0008" 4883
"/Engine/EngineMaterials/Substrate/GLints/dict_16_192_64_0p5_0p02_0005_0007" 4884
"/Engine/EngineMaterials/Substrate/GLints/dict_16_192_64_0p5_0p02_0005_0006" 4885
"/Engine/EngineMaterials/Substrate/GLints/dict_16_192_64_0p5_0p02_0005_0005" 4886
"/Engine/EngineMaterials/Substrate/GLints/dict_16_192_64_0p5_0p02_0005_0004" 4887
"/Engine/EngineMaterials/Substrate/GLints/dict_16_192_64_0p5_0p02_0005_0003" 4888
"/Engine/EngineMaterials/Substrate/GLints/dict_16_192_64_0p5_0p02_0005_0002" 4889
"/Engine/EngineMaterials/Substrate/GLints/dict_16_192_64_0p5_0p02_0005_0001" 4890
"/Engine/EngineMaterials/Substrate/GLints/dict_16_192_64_0p5_0p02_0005_0000" 4891
"/Engine/EngineMaterials/Substrate/GLints/dict_16_192_64_0p5_0p02_0004_0015" 4892
"/Engine/EngineMaterials/Substrate/GLints/dict_16_192_64_0p5_0p02_0004_0014" 4893
"../../../Engine/Content/EngineMaterials/Substrate/GLints/dict_16_192_64_0p5_0p02_0007_0002.uasset" 4894
"../../../Engine/Content/EngineMaterials/Substrate/GLints/dict_16_192_64_0p5_0p02_0007_0007.uasset" 4895
"../../../Engine/Content/EngineMaterials/Substrate/GLints/dict_16_192_64_0p5_0p02_0007_0004.uasset" 4896
"../../../Engine/Content/EngineMaterials/Substrate/GLints/dict_16_192_64_0p5_0p02_0007_0006.uasset" 4897
"../../../Engine/Content/EngineMaterials/Substrate/GLints/dict_16_192_64_0p5_0p02_0007_0003.uasset" 4898
"/Engine/EngineMaterials/Substrate/GLints/dict_16_192_64_0p5_0p02_0006_0013" 4899
"../../../Engine/Content/EngineMaterials/Substrate/GLints/dict_16_192_64_0p5_0p02_0006_0015.uasset" 4900
"../../../Engine/Content/EngineMaterials/Substrate/GLints/dict_16_192_64_0p5_0p02_0007_0005.uasset" 4901
"../../../Engine/Content/EngineMaterials/Substrate/GLints/dict_16_192_64_0p5_0p02_0006_0014.uasset" 4902
"../../../Engine/Content/EngineMaterials/Substrate/GLints/dict_16_192_64_0p5_0p02_0007_0001.uasset" 4903
"../../../Engine/Content/EngineMaterials/Substrate/GLints/dict_16_192_64_0p5_0p02_0007_0000.uasset" 4904
"../../../Engine/Content/EngineMaterials/Substrate/GLints/dict_16_192_64_0p5_0p02_0007_0009.uasset" 4905
"../../../Engine/Content/EngineMaterials/Substrate/GLints/dict_16_192_64_0p5_0p02_0007_0008.uasset" 4906
"../../../Engine/Content/EngineMaterials/Substrate/GLints/dict_16_192_64_0p5_0p02_0007_0010.uasset" 4907
"../../../Engine/Content/EngineMaterials/Substrate/GLints/dict_16_192_64_0p5_0p02_0007_0012.uasset" 4908
"/Engine/EngineMaterials/Substrate/GLints/dict_16_192_64_0p5_0p02_0006_0012" 4909
"../../../Engine/Content/EngineMaterials/Substrate/GLints/dict_16_192_64_0p5_0p02_0007_0013.uasset" 4910
"../../../Engine/Content/EngineMaterials/Substrate/GLints/dict_16_192_64_0p5_0p02_0007_0011.uasset" 4911
"../../../Engine/Content/EngineMaterials/Substrate/GLints/dict_16_192_64_0p5_0p02_0007_0014.uasset" 4912
"../../../Engine/Content/EngineMaterials/Substrate/GLints/dict_16_192_64_0p5_0p02_0007_0015.uasset" 4913
"/Engine/EngineMaterials/Substrate/GLints/dict_16_192_64_0p5_0p02_0006_0011" 4914
"/Engine/EngineMaterials/Substrate/GLints/dict_16_192_64_0p5_0p02_0006_0010" 4915
"/Engine/EngineMaterials/Substrate/GLints/dict_16_192_64_0p5_0p02_0006_0009" 4916
"/Engine/EngineMaterials/Substrate/GLints/dict_16_192_64_0p5_0p02_0006_0008" 4917
"/Engine/EngineMaterials/Substrate/GLints/dict_16_192_64_0p5_0p02_0006_0007" 4918
"/Engine/EngineMaterials/Substrate/GLints/dict_16_192_64_0p5_0p02_0006_0006" 4919
"/Engine/EngineMaterials/Substrate/GLints/dict_16_192_64_0p5_0p02_0006_0005" 4920
"/Engine/EngineMaterials/Substrate/GLints/dict_16_192_64_0p5_0p02_0006_0004" 4921
"/Engine/EngineMaterials/Substrate/GLints/dict_16_192_64_0p5_0p02_0006_0003" 4922
"/Engine/EngineMaterials/Substrate/GLints/dict_16_192_64_0p5_0p02_0006_0002" 4923
"/Engine/EngineMaterials/Substrate/GLints/dict_16_192_64_0p5_0p02_0006_0001" 4924
"/Engine/EngineMaterials/Substrate/GLints/dict_16_192_64_0p5_0p02_0006_0000" 4925
"../../../Engine/Content/EngineMaterials/Substrate/GLints/dict_16_192_64_0p5_0p02_0008_0000.uasset" 4926
"../../../Engine/Content/EngineMaterials/Substrate/GLints/dict_16_192_64_0p5_0p02_0008_0003.uasset" 4927
"../../../Engine/Content/EngineMaterials/Substrate/GLints/dict_16_192_64_0p5_0p02_0008_0004.uasset" 4928
"../../../Engine/Content/EngineMaterials/Substrate/GLints/dict_16_192_64_0p5_0p02_0008_0008.uasset" 4929
"../../../Engine/Content/EngineMaterials/Substrate/GLints/dict_16_192_64_0p5_0p02_0008_0006.uasset" 4930
"../../../Engine/Content/EngineMaterials/Substrate/GLints/dict_16_192_64_0p5_0p02_0008_0009.uasset" 4931
"../../../Engine/Content/EngineMaterials/Substrate/GLints/dict_16_192_64_0p5_0p02_0008_0002.uasset" 4932
"/Engine/EngineMaterials/Substrate/GLints/dict_16_192_64_0p5_0p02_0007_0015" 4933
"../../../Engine/Content/EngineMaterials/Substrate/GLints/dict_16_192_64_0p5_0p02_0008_0007.uasset" 4934
"../../../Engine/Content/EngineMaterials/Substrate/GLints/dict_16_192_64_0p5_0p02_0008_0005.uasset" 4935
"../../../Engine/Content/EngineMaterials/Substrate/GLints/dict_16_192_64_0p5_0p02_0008_0001.uasset" 4936
"../../../Engine/Content/EngineMaterials/Substrate/GLints/dict_16_192_64_0p5_0p02_0008_0010.uasset" 4937
"../../../Engine/Content/EngineMaterials/Substrate/GLints/dict_16_192_64_0p5_0p02_0008_0011.uasset" 4938
"../../../Engine/Content/EngineMaterials/Substrate/GLints/dict_16_192_64_0p5_0p02_0008_0012.uasset" 4939
"../../../Engine/Content/EngineMaterials/Substrate/GLints/dict_16_192_64_0p5_0p02_0008_0013.uasset" 4940
"/Engine/EngineMaterials/Substrate/GLints/dict_16_192_64_0p5_0p02_0007_0014" 4941
"/Engine/EngineMaterials/Substrate/GLints/dict_16_192_64_0p5_0p02_0007_0013" 4942
"/Engine/EngineMaterials/Substrate/GLints/dict_16_192_64_0p5_0p02_0007_0012" 4943
"/Engine/EngineMaterials/Substrate/GLints/dict_16_192_64_0p5_0p02_0007_0011" 4944
"/Engine/EngineMaterials/Substrate/GLints/dict_16_192_64_0p5_0p02_0007_0010" 4945
"/Engine/EngineMaterials/Substrate/GLints/dict_16_192_64_0p5_0p02_0007_0009" 4946
"/Engine/EngineMaterials/Substrate/GLints/dict_16_192_64_0p5_0p02_0007_0008" 4947
"/Engine/EngineMaterials/Substrate/GLints/dict_16_192_64_0p5_0p02_0007_0007" 4948
"/Engine/EngineMaterials/Substrate/GLints/dict_16_192_64_0p5_0p02_0007_0006" 4949
"/Engine/EngineMaterials/Substrate/GLints/dict_16_192_64_0p5_0p02_0007_0005" 4950
"/Engine/EngineMaterials/Substrate/GLints/dict_16_192_64_0p5_0p02_0007_0004" 4951
"/Engine/EngineMaterials/Substrate/GLints/dict_16_192_64_0p5_0p02_0007_0003" 4952
"/Engine/EngineMaterials/Substrate/GLints/dict_16_192_64_0p5_0p02_0007_0002" 4953
"/Engine/EngineMaterials/Substrate/GLints/dict_16_192_64_0p5_0p02_0007_0001" 4954
"/Engine/EngineMaterials/Substrate/GLints/dict_16_192_64_0p5_0p02_0007_0000" 4955
"/Engine/EngineMaterials/Substrate/GLints/dict_16_192_64_0p5_0p02_0006_0015" 4956
"/Engine/EngineMaterials/Substrate/GLints/dict_16_192_64_0p5_0p02_0006_0014" 4957
"/Engine/EngineMaterials/Substrate/GLints/dict_16_192_64_0p5_0p02_0008_0013" 4958
"../../../Engine/Content/EngineMaterials/Substrate/GLints/dict_16_192_64_0p5_0p02_0008_0015.uasset" 4959
"../../../Engine/Content/EngineMaterials/Substrate/GLints/dict_16_192_64_0p5_0p02_0009_0000.uasset" 4960
"../../../Engine/Content/EngineMaterials/Substrate/GLints/dict_16_192_64_0p5_0p02_0009_0002.uasset" 4961
"../../../Engine/Content/EngineMaterials/Substrate/GLints/dict_16_192_64_0p5_0p02_0008_0014.uasset" 4962
"../../../Engine/Content/EngineMaterials/Substrate/GLints/dict_16_192_64_0p5_0p02_0009_0005.uasset" 4963
"../../../Engine/Content/EngineMaterials/Substrate/GLints/dict_16_192_64_0p5_0p02_0009_0004.uasset" 4964
"../../../Engine/Content/EngineMaterials/Substrate/GLints/dict_16_192_64_0p5_0p02_0009_0001.uasset" 4965
"../../../Engine/Content/EngineMaterials/Substrate/GLints/dict_16_192_64_0p5_0p02_0009_0007.uasset" 4966
"../../../Engine/Content/EngineMaterials/Substrate/GLints/dict_16_192_64_0p5_0p02_0009_0003.uasset" 4967
"../../../Engine/Content/EngineMaterials/Substrate/GLints/dict_16_192_64_0p5_0p02_0009_0006.uasset" 4968
"../../../Engine/Content/EngineMaterials/Substrate/GLints/dict_16_192_64_0p5_0p02_0009_0010.uasset" 4969
"../../../Engine/Content/EngineMaterials/Substrate/GLints/dict_16_192_64_0p5_0p02_0009_0009.uasset" 4970
"../../../Engine/Content/EngineMaterials/Substrate/GLints/dict_16_192_64_0p5_0p02_0009_0011.uasset" 4971
"../../../Engine/Content/EngineMaterials/Substrate/GLints/dict_16_192_64_0p5_0p02_0009_0012.uasset" 4972
"/Engine/EngineMaterials/Substrate/GLints/dict_16_192_64_0p5_0p02_0008_0012" 4973
"../../../Engine/Content/EngineMaterials/Substrate/GLints/dict_16_192_64_0p5_0p02_0009_0013.uasset" 4974
"../../../Engine/Content/EngineMaterials/Substrate/GLints/dict_16_192_64_0p5_0p02_0009_0015.uasset" 4975
"../../../Engine/Content/EngineMaterials/Substrate/GLints/dict_16_192_64_0p5_0p02_0009_0014.uasset" 4976
"../../../Engine/Content/EngineMaterials/Substrate/GLints/dict_16_192_64_0p5_0p02_0009_0008.uasset" 4977
"/Engine/EngineMaterials/Substrate/GLints/dict_16_192_64_0p5_0p02_0008_0011" 4978
"/Engine/EngineMaterials/Substrate/GLints/dict_16_192_64_0p5_0p02_0008_0010" 4979
"/Engine/EngineMaterials/Substrate/GLints/dict_16_192_64_0p5_0p02_0008_0009" 4980
"/Engine/EngineMaterials/Substrate/GLints/dict_16_192_64_0p5_0p02_0008_0008" 4981
"/Engine/EngineMaterials/Substrate/GLints/dict_16_192_64_0p5_0p02_0008_0007" 4982
"/Engine/EngineMaterials/Substrate/GLints/dict_16_192_64_0p5_0p02_0008_0006" 4983
"/Engine/EngineMaterials/Substrate/GLints/dict_16_192_64_0p5_0p02_0008_0005" 4984
"/Engine/EngineMaterials/Substrate/GLints/dict_16_192_64_0p5_0p02_0008_0004" 4985
"/Engine/EngineMaterials/Substrate/GLints/dict_16_192_64_0p5_0p02_0008_0003" 4986
"/Engine/EngineMaterials/Substrate/GLints/dict_16_192_64_0p5_0p02_0008_0002" 4987
"/Engine/EngineMaterials/Substrate/GLints/dict_16_192_64_0p5_0p02_0008_0001" 4988
"/Engine/EngineMaterials/Substrate/GLints/dict_16_192_64_0p5_0p02_0008_0000" 4989
"../../../Engine/Content/EngineMaterials/Substrate/GLints/dict_16_192_64_0p5_0p02_0010_0002.uasset" 4990
"../../../Engine/Content/EngineMaterials/Substrate/GLints/dict_16_192_64_0p5_0p02_0010_0000.uasset" 4991
"../../../Engine/Content/EngineMaterials/Substrate/GLints/dict_16_192_64_0p5_0p02_0010_0005.uasset" 4992
"../../../Engine/Content/EngineMaterials/Substrate/GLints/dict_16_192_64_0p5_0p02_0010_0001.uasset" 4993
"/Engine/EngineMaterials/Substrate/GLints/dict_16_192_64_0p5_0p02_0009_0015" 4994
"../../../Engine/Content/EngineMaterials/Substrate/GLints/dict_16_192_64_0p5_0p02_0010_0006.uasset" 4995
"../../../Engine/Content/EngineMaterials/Substrate/GLints/dict_16_192_64_0p5_0p02_0010_0004.uasset" 4996
"../../../Engine/Content/EngineMaterials/Substrate/GLints/dict_16_192_64_0p5_0p02_0010_0003.uasset" 4997
"../../../Engine/Content/EngineMaterials/Substrate/GLints/dict_16_192_64_0p5_0p02_0010_0009.uasset" 4998
"../../../Engine/Content/EngineMaterials/Substrate/GLints/dict_16_192_64_0p5_0p02_0010_0007.uasset" 4999
"../../../Engine/Content/EngineMaterials/Substrate/GLints/dict_16_192_64_0p5_0p02_0010_0008.uasset" 5000
"../../../Engine/Content/EngineMaterials/Substrate/GLints/dict_16_192_64_0p5_0p02_0010_0010.uasset" 5001
"../../../Engine/Content/EngineMaterials/Substrate/GLints/dict_16_192_64_0p5_0p02_0010_0011.uasset" 5002
"../../../Engine/Content/EngineMaterials/Substrate/GLints/dict_16_192_64_0p5_0p02_0010_0012.uasset" 5003
"../../../Engine/Content/EngineMaterials/Substrate/GLints/dict_16_192_64_0p5_0p02_0010_0013.uasset" 5004
"/Engine/EngineMaterials/Substrate/GLints/dict_16_192_64_0p5_0p02_0009_0014" 5005
"/Engine/EngineMaterials/Substrate/GLints/dict_16_192_64_0p5_0p02_0009_0013" 5006
"/Engine/EngineMaterials/Substrate/GLints/dict_16_192_64_0p5_0p02_0009_0012" 5007
"/Engine/EngineMaterials/Substrate/GLints/dict_16_192_64_0p5_0p02_0009_0011" 5008
"/Engine/EngineMaterials/Substrate/GLints/dict_16_192_64_0p5_0p02_0009_0010" 5009
"/Engine/EngineMaterials/Substrate/GLints/dict_16_192_64_0p5_0p02_0009_0009" 5010
"/Engine/EngineMaterials/Substrate/GLints/dict_16_192_64_0p5_0p02_0009_0008" 5011
"/Engine/EngineMaterials/Substrate/GLints/dict_16_192_64_0p5_0p02_0009_0007" 5012
"/Engine/EngineMaterials/Substrate/GLints/dict_16_192_64_0p5_0p02_0009_0006" 5013
"/Engine/EngineMaterials/Substrate/GLints/dict_16_192_64_0p5_0p02_0009_0005" 5014
"/Engine/EngineMaterials/Substrate/GLints/dict_16_192_64_0p5_0p02_0009_0004" 5015
"/Engine/EngineMaterials/Substrate/GLints/dict_16_192_64_0p5_0p02_0009_0003" 5016
"/Engine/EngineMaterials/Substrate/GLints/dict_16_192_64_0p5_0p02_0009_0002" 5017
"/Engine/EngineMaterials/Substrate/GLints/dict_16_192_64_0p5_0p02_0009_0001" 5018
"/Engine/EngineMaterials/Substrate/GLints/dict_16_192_64_0p5_0p02_0009_0000" 5019
"/Engine/EngineMaterials/Substrate/GLints/dict_16_192_64_0p5_0p02_0008_0015" 5020
"/Engine/EngineMaterials/Substrate/GLints/dict_16_192_64_0p5_0p02_0008_0014" 5021
"../../../Engine/Content/EngineMaterials/Substrate/GLints/dict_16_192_64_0p5_0p02_0010_0015.uasset" 5022
"../../../Engine/Content/EngineMaterials/Substrate/GLints/dict_16_192_64_0p5_0p02_0011_0003.uasset" 5023
"../../../Engine/Content/EngineMaterials/Substrate/GLints/dict_16_192_64_0p5_0p02_0011_0002.uasset" 5024
"../../../Engine/Content/EngineMaterials/Substrate/GLints/dict_16_192_64_0p5_0p02_0010_0014.uasset" 5025
"/Engine/EngineMaterials/Substrate/GLints/dict_16_192_64_0p5_0p02_0010_0013" 5026
"../../../Engine/Content/EngineMaterials/Substrate/GLints/dict_16_192_64_0p5_0p02_0011_0007.uasset" 5027
"../../../Engine/Content/EngineMaterials/Substrate/GLints/dict_16_192_64_0p5_0p02_0011_0005.uasset" 5028
"../../../Engine/Content/EngineMaterials/Substrate/GLints/dict_16_192_64_0p5_0p02_0011_0006.uasset" 5029
"../../../Engine/Content/EngineMaterials/Substrate/GLints/dict_16_192_64_0p5_0p02_0011_0004.uasset" 5030
"../../../Engine/Content/EngineMaterials/Substrate/GLints/dict_16_192_64_0p5_0p02_0011_0000.uasset" 5031
"../../../Engine/Content/EngineMaterials/Substrate/GLints/dict_16_192_64_0p5_0p02_0011_0001.uasset" 5032
"../../../Engine/Content/EngineMaterials/Substrate/GLints/dict_16_192_64_0p5_0p02_0011_0008.uasset" 5033
"../../../Engine/Content/EngineMaterials/Substrate/GLints/dict_16_192_64_0p5_0p02_0011_0009.uasset" 5034
"../../../Engine/Content/EngineMaterials/Substrate/GLints/dict_16_192_64_0p5_0p02_0011_0011.uasset" 5035
"../../../Engine/Content/EngineMaterials/Substrate/GLints/dict_16_192_64_0p5_0p02_0011_0013.uasset" 5036
"../../../Engine/Content/EngineMaterials/Substrate/GLints/dict_16_192_64_0p5_0p02_0011_0012.uasset" 5037
"../../../Engine/Content/EngineMaterials/Substrate/GLints/dict_16_192_64_0p5_0p02_0011_0010.uasset" 5038
"../../../Engine/Content/EngineMaterials/Substrate/GLints/dict_16_192_64_0p5_0p02_0011_0014.uasset" 5039
"../../../Engine/Content/EngineMaterials/Substrate/GLints/dict_16_192_64_0p5_0p02_0011_0015.uasset" 5040
"/Engine/EngineMaterials/Substrate/GLints/dict_16_192_64_0p5_0p02_0010_0012" 5041
"/Engine/EngineMaterials/Substrate/GLints/dict_16_192_64_0p5_0p02_0010_0011" 5042
"/Engine/EngineMaterials/Substrate/GLints/dict_16_192_64_0p5_0p02_0010_0010" 5043
"/Engine/EngineMaterials/Substrate/GLints/dict_16_192_64_0p5_0p02_0010_0009" 5044
"/Engine/EngineMaterials/Substrate/GLints/dict_16_192_64_0p5_0p02_0010_0008" 5045
"/Engine/EngineMaterials/Substrate/GLints/dict_16_192_64_0p5_0p02_0010_0007" 5046
"/Engine/EngineMaterials/Substrate/GLints/dict_16_192_64_0p5_0p02_0010_0006" 5047
"/Engine/EngineMaterials/Substrate/GLints/dict_16_192_64_0p5_0p02_0010_0005" 5048
"/Engine/EngineMaterials/Substrate/GLints/dict_16_192_64_0p5_0p02_0010_0004" 5049
"/Engine/EngineMaterials/Substrate/GLints/dict_16_192_64_0p5_0p02_0010_0003" 5050
"/Engine/EngineMaterials/Substrate/GLints/dict_16_192_64_0p5_0p02_0010_0002" 5051
"/Engine/EngineMaterials/Substrate/GLints/dict_16_192_64_0p5_0p02_0010_0001" 5052
"/Engine/EngineMaterials/Substrate/GLints/dict_16_192_64_0p5_0p02_0010_0000" 5053
"../../../Engine/Content/EngineMaterials/Substrate/GLints/dict_16_192_64_0p5_0p02_0012_0001.uasset" 5054
"../../../Engine/Content/EngineMaterials/Substrate/GLints/dict_16_192_64_0p5_0p02_0012_0005.uasset" 5055
"../../../Engine/Content/EngineMaterials/Substrate/GLints/dict_16_192_64_0p5_0p02_0012_0003.uasset" 5056
"../../../Engine/Content/EngineMaterials/Substrate/GLints/dict_16_192_64_0p5_0p02_0012_0008.uasset" 5057
"../../../Engine/Content/EngineMaterials/Substrate/GLints/dict_16_192_64_0p5_0p02_0012_0009.uasset" 5058
"../../../Engine/Content/EngineMaterials/Substrate/GLints/dict_16_192_64_0p5_0p02_0012_0006.uasset" 5059
"../../../Engine/Content/EngineMaterials/Substrate/GLints/dict_16_192_64_0p5_0p02_0012_0007.uasset" 5060
"/Engine/EngineMaterials/Substrate/GLints/dict_16_192_64_0p5_0p02_0011_0015" 5061
"../../../Engine/Content/EngineMaterials/Substrate/GLints/dict_16_192_64_0p5_0p02_0012_0000.uasset" 5062
"../../../Engine/Content/EngineMaterials/Substrate/GLints/dict_16_192_64_0p5_0p02_0012_0002.uasset" 5063
"../../../Engine/Content/EngineMaterials/Substrate/GLints/dict_16_192_64_0p5_0p02_0012_0004.uasset" 5064
"../../../Engine/Content/EngineMaterials/Substrate/GLints/dict_16_192_64_0p5_0p02_0012_0011.uasset" 5065
"../../../Engine/Content/EngineMaterials/Substrate/GLints/dict_16_192_64_0p5_0p02_0012_0010.uasset" 5066
"../../../Engine/Content/EngineMaterials/Substrate/GLints/dict_16_192_64_0p5_0p02_0012_0012.uasset" 5067
"../../../Engine/Content/EngineMaterials/Substrate/GLints/dict_16_192_64_0p5_0p02_0012_0013.uasset" 5068
"/Engine/EngineMaterials/Substrate/GLints/dict_16_192_64_0p5_0p02_0011_0014" 5069
"/Engine/EngineMaterials/Substrate/GLints/dict_16_192_64_0p5_0p02_0011_0013" 5070
"/Engine/EngineMaterials/Substrate/GLints/dict_16_192_64_0p5_0p02_0011_0012" 5071
"/Engine/EngineMaterials/Substrate/GLints/dict_16_192_64_0p5_0p02_0011_0011" 5072
"/Engine/EngineMaterials/Substrate/GLints/dict_16_192_64_0p5_0p02_0011_0010" 5073
"/Engine/EngineMaterials/Substrate/GLints/dict_16_192_64_0p5_0p02_0011_0009" 5074
"/Engine/EngineMaterials/Substrate/GLints/dict_16_192_64_0p5_0p02_0011_0008" 5075
"/Engine/EngineMaterials/Substrate/GLints/dict_16_192_64_0p5_0p02_0011_0007" 5076
"/Engine/EngineMaterials/Substrate/GLints/dict_16_192_64_0p5_0p02_0011_0006" 5077
"/Engine/EngineMaterials/Substrate/GLints/dict_16_192_64_0p5_0p02_0011_0005" 5078
"/Engine/EngineMaterials/Substrate/GLints/dict_16_192_64_0p5_0p02_0011_0004" 5079
"/Engine/EngineMaterials/Substrate/GLints/dict_16_192_64_0p5_0p02_0011_0003" 5080
"/Engine/EngineMaterials/Substrate/GLints/dict_16_192_64_0p5_0p02_0011_0002" 5081
"/Engine/EngineMaterials/Substrate/GLints/dict_16_192_64_0p5_0p02_0011_0001" 5082
"/Engine/EngineMaterials/Substrate/GLints/dict_16_192_64_0p5_0p02_0011_0000" 5083
"/Engine/EngineMaterials/Substrate/GLints/dict_16_192_64_0p5_0p02_0010_0015" 5084
"/Engine/EngineMaterials/Substrate/GLints/dict_16_192_64_0p5_0p02_0010_0014" 5085
"../../../Engine/Content/EngineMaterials/Substrate/GLints/dict_16_192_64_0p5_0p02_0012_0015.uasset" 5086
"../../../Engine/Content/EngineMaterials/Substrate/GLints/dict_16_192_64_0p5_0p02_0013_0000.uasset" 5087
"../../../Engine/Content/EngineMaterials/Substrate/GLints/dict_16_192_64_0p5_0p02_0013_0006.uasset" 5088
"../../../Engine/Content/EngineMaterials/Substrate/GLints/dict_16_192_64_0p5_0p02_0013_0002.uasset" 5089
"../../../Engine/Content/EngineMaterials/Substrate/GLints/dict_16_192_64_0p5_0p02_0013_0004.uasset" 5090
"../../../Engine/Content/EngineMaterials/Substrate/GLints/dict_16_192_64_0p5_0p02_0013_0005.uasset" 5091
"/Engine/EngineMaterials/Substrate/GLints/dict_16_192_64_0p5_0p02_0012_0013" 5092
"../../../Engine/Content/EngineMaterials/Substrate/GLints/dict_16_192_64_0p5_0p02_0013_0001.uasset" 5093
"../../../Engine/Content/EngineMaterials/Substrate/GLints/dict_16_192_64_0p5_0p02_0012_0014.uasset" 5094
"../../../Engine/Content/EngineMaterials/Substrate/GLints/dict_16_192_64_0p5_0p02_0013_0003.uasset" 5095
"../../../Engine/Content/EngineMaterials/Substrate/GLints/dict_16_192_64_0p5_0p02_0013_0007.uasset" 5096
"../../../Engine/Content/EngineMaterials/Substrate/GLints/dict_16_192_64_0p5_0p02_0013_0009.uasset" 5097
"../../../Engine/Content/EngineMaterials/Substrate/GLints/dict_16_192_64_0p5_0p02_0013_0008.uasset" 5098
"../../../Engine/Content/EngineMaterials/Substrate/GLints/dict_16_192_64_0p5_0p02_0013_0011.uasset" 5099
"../../../Engine/Content/EngineMaterials/Substrate/GLints/dict_16_192_64_0p5_0p02_0013_0010.uasset" 5100
"../../../Engine/Content/EngineMaterials/Substrate/GLints/dict_16_192_64_0p5_0p02_0013_0012.uasset" 5101
"../../../Engine/Content/EngineMaterials/Substrate/GLints/dict_16_192_64_0p5_0p02_0013_0013.uasset" 5102
"../../../Engine/Content/EngineMaterials/Substrate/GLints/dict_16_192_64_0p5_0p02_0013_0014.uasset" 5103
"../../../Engine/Content/EngineMaterials/Substrate/GLints/dict_16_192_64_0p5_0p02_0013_0015.uasset" 5104
"/Engine/EngineMaterials/Substrate/GLints/dict_16_192_64_0p5_0p02_0012_0012" 5105
"/Engine/EngineMaterials/Substrate/GLints/dict_16_192_64_0p5_0p02_0012_0011" 5106
"/Engine/EngineMaterials/Substrate/GLints/dict_16_192_64_0p5_0p02_0012_0010" 5107
"/Engine/EngineMaterials/Substrate/GLints/dict_16_192_64_0p5_0p02_0012_0009" 5108
"/Engine/EngineMaterials/Substrate/GLints/dict_16_192_64_0p5_0p02_0012_0008" 5109
"/Engine/EngineMaterials/Substrate/GLints/dict_16_192_64_0p5_0p02_0012_0007" 5110
"/Engine/EngineMaterials/Substrate/GLints/dict_16_192_64_0p5_0p02_0012_0006" 5111
"/Engine/EngineMaterials/Substrate/GLints/dict_16_192_64_0p5_0p02_0012_0005" 5112
"/Engine/EngineMaterials/Substrate/GLints/dict_16_192_64_0p5_0p02_0012_0004" 5113
"/Engine/EngineMaterials/Substrate/GLints/dict_16_192_64_0p5_0p02_0012_0003" 5114
"/Engine/EngineMaterials/Substrate/GLints/dict_16_192_64_0p5_0p02_0012_0002" 5115
"/Engine/EngineMaterials/Substrate/GLints/dict_16_192_64_0p5_0p02_0012_0001" 5116
"/Engine/EngineMaterials/Substrate/GLints/dict_16_192_64_0p5_0p02_0012_0000" 5117
"../../../Engine/Content/EngineMaterials/Substrate/GLints/dict_16_192_64_0p5_0p02_0014_0002.uasset" 5118
"../../../Engine/Content/EngineMaterials/Substrate/GLints/dict_16_192_64_0p5_0p02_0014_0003.uasset" 5119
"../../../Engine/Content/EngineMaterials/Substrate/GLints/dict_16_192_64_0p5_0p02_0014_0006.uasset" 5120
"../../../Engine/Content/EngineMaterials/Substrate/GLints/dict_16_192_64_0p5_0p02_0014_0004.uasset" 5121
"/Engine/EngineMaterials/Substrate/GLints/dict_16_192_64_0p5_0p02_0013_0015" 5122
"../../../Engine/Content/EngineMaterials/Substrate/GLints/dict_16_192_64_0p5_0p02_0014_0009.uasset" 5123
"../../../Engine/Content/EngineMaterials/Substrate/GLints/dict_16_192_64_0p5_0p02_0014_0001.uasset" 5124
"../../../Engine/Content/EngineMaterials/Substrate/GLints/dict_16_192_64_0p5_0p02_0014_0007.uasset" 5125
"../../../Engine/Content/EngineMaterials/Substrate/GLints/dict_16_192_64_0p5_0p02_0014_0008.uasset" 5126
"../../../Engine/Content/EngineMaterials/Substrate/GLints/dict_16_192_64_0p5_0p02_0014_0000.uasset" 5127
"../../../Engine/Content/EngineMaterials/Substrate/GLints/dict_16_192_64_0p5_0p02_0014_0005.uasset" 5128
"../../../Engine/Content/EngineMaterials/Substrate/GLints/dict_16_192_64_0p5_0p02_0014_0010.uasset" 5129
"../../../Engine/Content/EngineMaterials/Substrate/GLints/dict_16_192_64_0p5_0p02_0014_0011.uasset" 5130
"../../../Engine/Content/EngineMaterials/Substrate/GLints/dict_16_192_64_0p5_0p02_0014_0012.uasset" 5131
"/Engine/EngineMaterials/Substrate/GLints/dict_16_192_64_0p5_0p02_0013_0014" 5132
"../../../Engine/Content/EngineMaterials/Substrate/GLints/dict_16_192_64_0p5_0p02_0014_0013.uasset" 5133
"/Engine/EngineMaterials/Substrate/GLints/dict_16_192_64_0p5_0p02_0013_0013" 5134
"/Engine/EngineMaterials/Substrate/GLints/dict_16_192_64_0p5_0p02_0013_0012" 5135
"/Engine/EngineMaterials/Substrate/GLints/dict_16_192_64_0p5_0p02_0013_0011" 5136
"/Engine/EngineMaterials/Substrate/GLints/dict_16_192_64_0p5_0p02_0013_0010" 5137
"/Engine/EngineMaterials/Substrate/GLints/dict_16_192_64_0p5_0p02_0013_0009" 5138
"/Engine/EngineMaterials/Substrate/GLints/dict_16_192_64_0p5_0p02_0013_0008" 5139
"/Engine/EngineMaterials/Substrate/GLints/dict_16_192_64_0p5_0p02_0013_0007" 5140
"/Engine/EngineMaterials/Substrate/GLints/dict_16_192_64_0p5_0p02_0013_0006" 5141
"/Engine/EngineMaterials/Substrate/GLints/dict_16_192_64_0p5_0p02_0013_0005" 5142
"/Engine/EngineMaterials/Substrate/GLints/dict_16_192_64_0p5_0p02_0013_0004" 5143
"/Engine/EngineMaterials/Substrate/GLints/dict_16_192_64_0p5_0p02_0013_0003" 5144
"/Engine/EngineMaterials/Substrate/GLints/dict_16_192_64_0p5_0p02_0013_0002" 5145
"/Engine/EngineMaterials/Substrate/GLints/dict_16_192_64_0p5_0p02_0013_0001" 5146
"/Engine/EngineMaterials/Substrate/GLints/dict_16_192_64_0p5_0p02_0013_0000" 5147
"/Engine/EngineMaterials/Substrate/GLints/dict_16_192_64_0p5_0p02_0012_0015" 5148
"/Engine/EngineMaterials/Substrate/GLints/dict_16_192_64_0p5_0p02_0012_0014" 5149
"../../../Engine/Content/EngineMaterials/Substrate/GLints/dict_16_192_64_0p5_0p02_0015_0002.uasset" 5150
"../../../Engine/Content/EngineMaterials/Substrate/GLints/dict_16_192_64_0p5_0p02_0015_0000.uasset" 5151
"../../../Engine/Content/EngineMaterials/Substrate/GLints/dict_16_192_64_0p5_0p02_0014_0014.uasset" 5152
"../../../Engine/Content/EngineMaterials/Substrate/GLints/dict_16_192_64_0p5_0p02_0015_0005.uasset" 5153
"../../../Engine/Content/EngineMaterials/Substrate/GLints/dict_16_192_64_0p5_0p02_0015_0003.uasset" 5154
"/Engine/EngineMaterials/Substrate/GLints/dict_16_192_64_0p5_0p02_0014_0013" 5155
"../../../Engine/Content/EngineMaterials/Substrate/GLints/dict_16_192_64_0p5_0p02_0015_0007.uasset" 5156
"../../../Engine/Content/EngineMaterials/Substrate/GLints/dict_16_192_64_0p5_0p02_0015_0001.uasset" 5157
"../../../Engine/Content/EngineMaterials/Substrate/GLints/dict_16_192_64_0p5_0p02_0014_0015.uasset" 5158
"../../../Engine/Content/EngineMaterials/Substrate/GLints/dict_16_192_64_0p5_0p02_0015_0004.uasset" 5159
"../../../Engine/Content/EngineMaterials/Substrate/GLints/dict_16_192_64_0p5_0p02_0015_0006.uasset" 5160
"../../../Engine/Content/EngineMaterials/Substrate/GLints/dict_16_192_64_0p5_0p02_0015_0009.uasset" 5161
"../../../Engine/Content/EngineMaterials/Substrate/GLints/dict_16_192_64_0p5_0p02_0015_0008.uasset" 5162
"../../../Engine/Content/EngineMaterials/Substrate/GLints/dict_16_192_64_0p5_0p02_0015_0011.uasset" 5163
"../../../Engine/Content/EngineMaterials/Substrate/GLints/dict_16_192_64_0p5_0p02_0015_0010.uasset" 5164
"../../../Engine/Content/EngineMaterials/Substrate/GLints/dict_16_192_64_0p5_0p02_0015_0013.uasset" 5165
"/Engine/EngineMaterials/Substrate/GLints/dict_16_192_64_0p5_0p02_0014_0012" 5166
"../../../Engine/Content/EngineMaterials/Substrate/GLints/dict_16_192_64_0p5_0p02_0015_0014.uasset" 5167
"../../../Engine/Content/EngineMaterials/Substrate/GLints/dict_16_192_64_0p5_0p02_0015_0012.uasset" 5168
"../../../Engine/Content/EngineMaterials/Substrate/GLints/dict_16_192_64_0p5_0p02_0015_0015.uasset" 5169
"/Engine/EngineMaterials/Substrate/GLints/dict_16_192_64_0p5_0p02_0014_0011" 5170
"/Engine/EngineMaterials/Substrate/GLints/dict_16_192_64_0p5_0p02_0014_0010" 5171
"/Engine/EngineMaterials/Substrate/GLints/dict_16_192_64_0p5_0p02_0014_0009" 5172
"/Engine/EngineMaterials/Substrate/GLints/dict_16_192_64_0p5_0p02_0014_0008" 5173
"/Engine/EngineMaterials/Substrate/GLints/dict_16_192_64_0p5_0p02_0014_0007" 5174
"/Engine/EngineMaterials/Substrate/GLints/dict_16_192_64_0p5_0p02_0014_0006" 5175
"/Engine/EngineMaterials/Substrate/GLints/dict_16_192_64_0p5_0p02_0014_0005" 5176
"/Engine/EngineMaterials/Substrate/GLints/dict_16_192_64_0p5_0p02_0014_0004" 5177
"/Engine/EngineMaterials/Substrate/GLints/dict_16_192_64_0p5_0p02_0014_0003" 5178
"/Engine/EngineMaterials/Substrate/GLints/dict_16_192_64_0p5_0p02_0014_0002" 5179
"/Engine/EngineMaterials/Substrate/GLints/dict_16_192_64_0p5_0p02_0014_0001" 5180
"/Engine/EngineMaterials/Substrate/GLints/dict_16_192_64_0p5_0p02_0014_0000" 5181
"../../../Engine/Content/EngineMaterials/Substrate/GLints/dict_16_192_64_0p5_0p02_0016_0006.uasset" 5182
"../../../Engine/Content/EngineMaterials/Substrate/GLints/dict_16_192_64_0p5_0p02_0016_0007.uasset" 5183
"../../../Engine/Content/EngineMaterials/Substrate/GLints/dict_16_192_64_0p5_0p02_0016_0003.uasset" 5184
"../../../Engine/Content/EngineMaterials/Substrate/GLints/dict_16_192_64_0p5_0p02_0016_0009.uasset" 5185
"../../../Engine/Content/EngineMaterials/Substrate/GLints/dict_16_192_64_0p5_0p02_0016_0005.uasset" 5186
"../../../Engine/Content/EngineMaterials/Substrate/GLints/dict_16_192_64_0p5_0p02_0016_0004.uasset" 5187
"/Engine/EngineMaterials/Substrate/GLints/dict_16_192_64_0p5_0p02_0015_0015" 5188
"../../../Engine/Content/EngineMaterials/Substrate/GLints/dict_16_192_64_0p5_0p02_0016_0000.uasset" 5189
"../../../Engine/Content/EngineMaterials/Substrate/GLints/dict_16_192_64_0p5_0p02_0016_0008.uasset" 5190
"../../../Engine/Content/EngineMaterials/Substrate/GLints/dict_16_192_64_0p5_0p02_0016_0001.uasset" 5191
"../../../Engine/Content/EngineMaterials/Substrate/GLints/dict_16_192_64_0p5_0p02_0016_0002.uasset" 5192
"../../../Engine/Content/EngineMaterials/Substrate/GLints/dict_16_192_64_0p5_0p02_0016_0010.uasset" 5193
"../../../Engine/Content/EngineMaterials/Substrate/GLints/dict_16_192_64_0p5_0p02_0016_0011.uasset" 5194
"../../../Engine/Content/EngineMaterials/Substrate/GLints/dict_16_192_64_0p5_0p02_0016_0012.uasset" 5195
"../../../Engine/Content/EngineMaterials/Substrate/GLints/dict_16_192_64_0p5_0p02_0016_0013.uasset" 5196
"/Engine/EngineMaterials/Substrate/GLints/dict_16_192_64_0p5_0p02_0015_0014" 5197
"/Engine/EngineMaterials/Substrate/GLints/dict_16_192_64_0p5_0p02_0015_0013" 5198
"/Engine/EngineMaterials/Substrate/GLints/dict_16_192_64_0p5_0p02_0015_0012" 5199
"/Engine/EngineMaterials/Substrate/GLints/dict_16_192_64_0p5_0p02_0015_0011" 5200
"/Engine/EngineMaterials/Substrate/GLints/dict_16_192_64_0p5_0p02_0015_0010" 5201
"/Engine/EngineMaterials/Substrate/GLints/dict_16_192_64_0p5_0p02_0015_0009" 5202
"/Engine/EngineMaterials/Substrate/GLints/dict_16_192_64_0p5_0p02_0015_0008" 5203
"/Engine/EngineMaterials/Substrate/GLints/dict_16_192_64_0p5_0p02_0015_0007" 5204
"/Engine/EngineMaterials/Substrate/GLints/dict_16_192_64_0p5_0p02_0015_0006" 5205
"/Engine/EngineMaterials/Substrate/GLints/dict_16_192_64_0p5_0p02_0015_0005" 5206
"/Engine/EngineMaterials/Substrate/GLints/dict_16_192_64_0p5_0p02_0015_0004" 5207
"/Engine/EngineMaterials/Substrate/GLints/dict_16_192_64_0p5_0p02_0015_0003" 5208
"/Engine/EngineMaterials/Substrate/GLints/dict_16_192_64_0p5_0p02_0015_0002" 5209
"/Engine/EngineMaterials/Substrate/GLints/dict_16_192_64_0p5_0p02_0015_0001" 5210
"/Engine/EngineMaterials/Substrate/GLints/dict_16_192_64_0p5_0p02_0015_0000" 5211
"/Engine/EngineMaterials/Substrate/GLints/dict_16_192_64_0p5_0p02_0014_0015" 5212
"/Engine/EngineMaterials/Substrate/GLints/dict_16_192_64_0p5_0p02_0014_0014" 5213
"../../../Engine/Content/EngineMaterials/Substrate/GLints/dict_16_192_64_0p5_0p02_0017_0001.uasset" 5214
"/Engine/EngineMaterials/Substrate/GLints/dict_16_192_64_0p5_0p02_0016_0013" 5215
"../../../Engine/Content/EngineMaterials/Substrate/GLints/dict_16_192_64_0p5_0p02_0017_0004.uasset" 5216
"../../../Engine/Content/EngineMaterials/Substrate/GLints/dict_16_192_64_0p5_0p02_0017_0002.uasset" 5217
"../../../Engine/Content/EngineMaterials/Substrate/GLints/dict_16_192_64_0p5_0p02_0017_0003.uasset" 5218
"../../../Engine/Content/EngineMaterials/Substrate/GLints/dict_16_192_64_0p5_0p02_0017_0005.uasset" 5219
"../../../Engine/Content/EngineMaterials/Substrate/GLints/dict_16_192_64_0p5_0p02_0017_0006.uasset" 5220
"../../../Engine/Content/EngineMaterials/Substrate/GLints/dict_16_192_64_0p5_0p02_0017_0000.uasset" 5221
"../../../Engine/Content/EngineMaterials/Substrate/GLints/dict_16_192_64_0p5_0p02_0017_0007.uasset" 5222
"../../../Engine/Content/EngineMaterials/Substrate/GLints/dict_16_192_64_0p5_0p02_0016_0014.uasset" 5223
"../../../Engine/Content/EngineMaterials/Substrate/GLints/dict_16_192_64_0p5_0p02_0017_0008.uasset" 5224
"../../../Engine/Content/EngineMaterials/Substrate/GLints/dict_16_192_64_0p5_0p02_0016_0015.uasset" 5225
"../../../Engine/Content/EngineMaterials/Substrate/GLints/dict_16_192_64_0p5_0p02_0017_0009.uasset" 5226
"/Engine/EngineMaterials/Substrate/GLints/dict_16_192_64_0p5_0p02_0016_0012" 5227
"../../../Engine/Content/EngineMaterials/Substrate/GLints/dict_16_192_64_0p5_0p02_0017_0010.uasset" 5228
"../../../Engine/Content/EngineMaterials/Substrate/GLints/dict_16_192_64_0p5_0p02_0017_0011.uasset" 5229
"../../../Engine/Content/EngineMaterials/Substrate/GLints/dict_16_192_64_0p5_0p02_0017_0012.uasset" 5230
"../../../Engine/Content/EngineMaterials/Substrate/GLints/dict_16_192_64_0p5_0p02_0017_0014.uasset" 5231
"../../../Engine/Content/EngineMaterials/Substrate/GLints/dict_16_192_64_0p5_0p02_0017_0013.uasset" 5232
"../../../Engine/Content/EngineMaterials/Substrate/GLints/dict_16_192_64_0p5_0p02_0017_0015.uasset" 5233
"/Engine/EngineMaterials/Substrate/GLints/dict_16_192_64_0p5_0p02_0016_0011" 5234
"/Engine/EngineMaterials/Substrate/GLints/dict_16_192_64_0p5_0p02_0016_0010" 5235
"/Engine/EngineMaterials/Substrate/GLints/dict_16_192_64_0p5_0p02_0016_0009" 5236
"/Engine/EngineMaterials/Substrate/GLints/dict_16_192_64_0p5_0p02_0016_0008" 5237
"/Engine/EngineMaterials/Substrate/GLints/dict_16_192_64_0p5_0p02_0016_0007" 5238
"/Engine/EngineMaterials/Substrate/GLints/dict_16_192_64_0p5_0p02_0016_0006" 5239
"/Engine/EngineMaterials/Substrate/GLints/dict_16_192_64_0p5_0p02_0016_0005" 5240
"/Engine/EngineMaterials/Substrate/GLints/dict_16_192_64_0p5_0p02_0016_0004" 5241
"/Engine/EngineMaterials/Substrate/GLints/dict_16_192_64_0p5_0p02_0016_0003" 5242
"/Engine/EngineMaterials/Substrate/GLints/dict_16_192_64_0p5_0p02_0016_0002" 5243
"/Engine/EngineMaterials/Substrate/GLints/dict_16_192_64_0p5_0p02_0016_0001" 5244
"/Engine/EngineMaterials/Substrate/GLints/dict_16_192_64_0p5_0p02_0016_0000" 5245
"../../../Engine/Content/EngineMaterials/Substrate/GLints/dict_16_192_64_0p5_0p02_0018_0004.uasset" 5246
"../../../Engine/Content/EngineMaterials/Substrate/GLints/dict_16_192_64_0p5_0p02_0018_0009.uasset" 5247
"../../../Engine/Content/EngineMaterials/Substrate/GLints/dict_16_192_64_0p5_0p02_0018_0003.uasset" 5248
"../../../Engine/Content/EngineMaterials/Substrate/GLints/dict_16_192_64_0p5_0p02_0018_0001.uasset" 5249
"../../../Engine/Content/EngineMaterials/Substrate/GLints/dict_16_192_64_0p5_0p02_0018_0006.uasset" 5250
"../../../Engine/Content/EngineMaterials/Substrate/GLints/dict_16_192_64_0p5_0p02_0018_0002.uasset" 5251
"../../../Engine/Content/EngineMaterials/Substrate/GLints/dict_16_192_64_0p5_0p02_0018_0000.uasset" 5252
"../../../Engine/Content/EngineMaterials/Substrate/GLints/dict_16_192_64_0p5_0p02_0018_0005.uasset" 5253
"../../../Engine/Content/EngineMaterials/Substrate/GLints/dict_16_192_64_0p5_0p02_0018_0008.uasset" 5254
"../../../Engine/Content/EngineMaterials/Substrate/GLints/dict_16_192_64_0p5_0p02_0018_0007.uasset" 5255
"/Engine/EngineMaterials/Substrate/GLints/dict_16_192_64_0p5_0p02_0017_0015" 5256
"../../../Engine/Content/EngineMaterials/Substrate/GLints/dict_16_192_64_0p5_0p02_0018_0010.uasset" 5257
"../../../Engine/Content/EngineMaterials/Substrate/GLints/dict_16_192_64_0p5_0p02_0018_0013.uasset" 5258
"../../../Engine/Content/EngineMaterials/Substrate/GLints/dict_16_192_64_0p5_0p02_0018_0012.uasset" 5259
"../../../Engine/Content/EngineMaterials/Substrate/GLints/dict_16_192_64_0p5_0p02_0018_0011.uasset" 5260
"/Engine/EngineMaterials/Substrate/GLints/dict_16_192_64_0p5_0p02_0017_0014" 5261
"/Engine/EngineMaterials/Substrate/GLints/dict_16_192_64_0p5_0p02_0017_0013" 5262
"/Engine/EngineMaterials/Substrate/GLints/dict_16_192_64_0p5_0p02_0017_0012" 5263
"/Engine/EngineMaterials/Substrate/GLints/dict_16_192_64_0p5_0p02_0017_0011" 5264
"/Engine/EngineMaterials/Substrate/GLints/dict_16_192_64_0p5_0p02_0017_0010" 5265
"/Engine/EngineMaterials/Substrate/GLints/dict_16_192_64_0p5_0p02_0017_0009" 5266
"/Engine/EngineMaterials/Substrate/GLints/dict_16_192_64_0p5_0p02_0017_0008" 5267
"/Engine/EngineMaterials/Substrate/GLints/dict_16_192_64_0p5_0p02_0017_0007" 5268
"/Engine/EngineMaterials/Substrate/GLints/dict_16_192_64_0p5_0p02_0017_0006" 5269
"/Engine/EngineMaterials/Substrate/GLints/dict_16_192_64_0p5_0p02_0017_0005" 5270
"/Engine/EngineMaterials/Substrate/GLints/dict_16_192_64_0p5_0p02_0017_0004" 5271
"/Engine/EngineMaterials/Substrate/GLints/dict_16_192_64_0p5_0p02_0017_0003" 5272
"/Engine/EngineMaterials/Substrate/GLints/dict_16_192_64_0p5_0p02_0017_0002" 5273
"/Engine/EngineMaterials/Substrate/GLints/dict_16_192_64_0p5_0p02_0017_0001" 5274
"/Engine/EngineMaterials/Substrate/GLints/dict_16_192_64_0p5_0p02_0017_0000" 5275
"/Engine/EngineMaterials/Substrate/GLints/dict_16_192_64_0p5_0p02_0016_0015" 5276
"/Engine/EngineMaterials/Substrate/GLints/dict_16_192_64_0p5_0p02_0016_0014" 5277
"../../../Engine/Content/EngineMaterials/Substrate/GLints/dict_16_192_64_0p5_0p02_0019_0003.uasset" 5278
"../../../Engine/Content/EngineMaterials/Substrate/GLints/dict_16_192_64_0p5_0p02_0018_0015.uasset" 5279
"/Engine/EngineMaterials/Substrate/GLints/dict_16_192_64_0p5_0p02_0018_0013" 5280
"../../../Engine/Content/EngineMaterials/Substrate/GLints/dict_16_192_64_0p5_0p02_0019_0002.uasset" 5281
"../../../Engine/Content/EngineMaterials/Substrate/GLints/dict_16_192_64_0p5_0p02_0019_0006.uasset" 5282
"../../../Engine/Content/EngineMaterials/Substrate/GLints/dict_16_192_64_0p5_0p02_0019_0005.uasset" 5283
"../../../Engine/Content/EngineMaterials/Substrate/GLints/dict_16_192_64_0p5_0p02_0019_0001.uasset" 5284
"../../../Engine/Content/EngineMaterials/Substrate/GLints/dict_16_192_64_0p5_0p02_0018_0014.uasset" 5285
"../../../Engine/Content/EngineMaterials/Substrate/GLints/dict_16_192_64_0p5_0p02_0019_0004.uasset" 5286
"../../../Engine/Content/EngineMaterials/Substrate/GLints/dict_16_192_64_0p5_0p02_0019_0000.uasset" 5287
"../../../Engine/Content/EngineMaterials/Substrate/GLints/dict_16_192_64_0p5_0p02_0019_0007.uasset" 5288
"../../../Engine/Content/EngineMaterials/Substrate/GLints/dict_16_192_64_0p5_0p02_0019_0008.uasset" 5289
"../../../Engine/Content/EngineMaterials/Substrate/GLints/dict_16_192_64_0p5_0p02_0019_0009.uasset" 5290
"../../../Engine/Content/EngineMaterials/Substrate/GLints/dict_16_192_64_0p5_0p02_0019_0010.uasset" 5291
"../../../Engine/Content/EngineMaterials/Substrate/GLints/dict_16_192_64_0p5_0p02_0019_0011.uasset" 5292
"../../../Engine/Content/EngineMaterials/Substrate/GLints/dict_16_192_64_0p5_0p02_0019_0014.uasset" 5293
"/Engine/EngineMaterials/Substrate/GLints/dict_16_192_64_0p5_0p02_0018_0012" 5294
"../../../Engine/Content/EngineMaterials/Substrate/GLints/dict_16_192_64_0p5_0p02_0019_0015.uasset" 5295
"../../../Engine/Content/EngineMaterials/Substrate/GLints/dict_16_192_64_0p5_0p02_0019_0013.uasset" 5296
"../../../Engine/Content/EngineMaterials/Substrate/GLints/dict_16_192_64_0p5_0p02_0019_0012.uasset" 5297
"/Engine/EngineMaterials/Substrate/GLints/dict_16_192_64_0p5_0p02_0018_0011" 5298
"/Engine/EngineMaterials/Substrate/GLints/dict_16_192_64_0p5_0p02_0018_0010" 5299
"/Engine/EngineMaterials/Substrate/GLints/dict_16_192_64_0p5_0p02_0018_0009" 5300
"/Engine/EngineMaterials/Substrate/GLints/dict_16_192_64_0p5_0p02_0018_0008" 5301
"/Engine/EngineMaterials/Substrate/GLints/dict_16_192_64_0p5_0p02_0018_0007" 5302
"/Engine/EngineMaterials/Substrate/GLints/dict_16_192_64_0p5_0p02_0018_0006" 5303
"/Engine/EngineMaterials/Substrate/GLints/dict_16_192_64_0p5_0p02_0018_0005" 5304
"/Engine/EngineMaterials/Substrate/GLints/dict_16_192_64_0p5_0p02_0018_0004" 5305
"/Engine/EngineMaterials/Substrate/GLints/dict_16_192_64_0p5_0p02_0018_0003" 5306
"/Engine/EngineMaterials/Substrate/GLints/dict_16_192_64_0p5_0p02_0018_0002" 5307
"/Engine/EngineMaterials/Substrate/GLints/dict_16_192_64_0p5_0p02_0018_0001" 5308
"/Engine/EngineMaterials/Substrate/GLints/dict_16_192_64_0p5_0p02_0018_0000" 5309
"../../../Engine/Content/EngineMaterials/Substrate/GLints/dict_16_192_64_0p5_0p02_0020_0003.uasset" 5310
"../../../Engine/Content/EngineMaterials/Substrate/GLints/dict_16_192_64_0p5_0p02_0020_0004.uasset" 5311
"../../../Engine/Content/EngineMaterials/Substrate/GLints/dict_16_192_64_0p5_0p02_0020_0005.uasset" 5312
"../../../Engine/Content/EngineMaterials/Substrate/GLints/dict_16_192_64_0p5_0p02_0020_0007.uasset" 5313
"/Engine/EngineMaterials/Substrate/GLints/dict_16_192_64_0p5_0p02_0019_0015" 5314
"../../../Engine/Content/EngineMaterials/Substrate/GLints/dict_16_192_64_0p5_0p02_0020_0008.uasset" 5315
"../../../Engine/Content/EngineMaterials/Substrate/GLints/dict_16_192_64_0p5_0p02_0020_0006.uasset" 5316
"../../../Engine/Content/EngineMaterials/Substrate/GLints/dict_16_192_64_0p5_0p02_0020_0000.uasset" 5317
"../../../Engine/Content/EngineMaterials/Substrate/GLints/dict_16_192_64_0p5_0p02_0020_0002.uasset" 5318
"../../../Engine/Content/EngineMaterials/Substrate/GLints/dict_16_192_64_0p5_0p02_0020_0009.uasset" 5319
"../../../Engine/Content/EngineMaterials/Substrate/GLints/dict_16_192_64_0p5_0p02_0020_0001.uasset" 5320
"../../../Engine/Content/EngineMaterials/Substrate/GLints/dict_16_192_64_0p5_0p02_0020_0011.uasset" 5321
"../../../Engine/Content/EngineMaterials/Substrate/GLints/dict_16_192_64_0p5_0p02_0020_0010.uasset" 5322
"../../../Engine/Content/EngineMaterials/Substrate/GLints/dict_16_192_64_0p5_0p02_0020_0012.uasset" 5323
"../../../Engine/Content/EngineMaterials/Substrate/GLints/dict_16_192_64_0p5_0p02_0020_0013.uasset" 5324
"/Engine/EngineMaterials/Substrate/GLints/dict_16_192_64_0p5_0p02_0019_0014" 5325
"/Engine/EngineMaterials/Substrate/GLints/dict_16_192_64_0p5_0p02_0019_0013" 5326
"/Engine/EngineMaterials/Substrate/GLints/dict_16_192_64_0p5_0p02_0019_0012" 5327
"/Engine/EngineMaterials/Substrate/GLints/dict_16_192_64_0p5_0p02_0019_0011" 5328
"/Engine/EngineMaterials/Substrate/GLints/dict_16_192_64_0p5_0p02_0019_0010" 5329
"/Engine/EngineMaterials/Substrate/GLints/dict_16_192_64_0p5_0p02_0019_0009" 5330
"/Engine/EngineMaterials/Substrate/GLints/dict_16_192_64_0p5_0p02_0019_0008" 5331
"/Engine/EngineMaterials/Substrate/GLints/dict_16_192_64_0p5_0p02_0019_0007" 5332
"/Engine/EngineMaterials/Substrate/GLints/dict_16_192_64_0p5_0p02_0019_0006" 5333
"/Engine/EngineMaterials/Substrate/GLints/dict_16_192_64_0p5_0p02_0019_0005" 5334
"/Engine/EngineMaterials/Substrate/GLints/dict_16_192_64_0p5_0p02_0019_0004" 5335
"/Engine/EngineMaterials/Substrate/GLints/dict_16_192_64_0p5_0p02_0019_0003" 5336
"/Engine/EngineMaterials/Substrate/GLints/dict_16_192_64_0p5_0p02_0019_0002" 5337
"/Engine/EngineMaterials/Substrate/GLints/dict_16_192_64_0p5_0p02_0019_0001" 5338
"/Engine/EngineMaterials/Substrate/GLints/dict_16_192_64_0p5_0p02_0019_0000" 5339
"/Engine/EngineMaterials/Substrate/GLints/dict_16_192_64_0p5_0p02_0018_0015" 5340
"/Engine/EngineMaterials/Substrate/GLints/dict_16_192_64_0p5_0p02_0018_0014" 5341
"../../../Engine/Content/EngineMaterials/Substrate/GLints/dict_16_192_64_0p5_0p02_0020_0015.uasset" 5342
"../../../Engine/Content/EngineMaterials/Substrate/GLints/dict_16_192_64_0p5_0p02_0021_0004.uasset" 5343
"../../../Engine/Content/EngineMaterials/Substrate/GLints/dict_16_192_64_0p5_0p02_0021_0005.uasset" 5344
"../../../Engine/Content/EngineMaterials/Substrate/GLints/dict_16_192_64_0p5_0p02_0021_0003.uasset" 5345
"../../../Engine/Content/EngineMaterials/Substrate/GLints/dict_16_192_64_0p5_0p02_0020_0014.uasset" 5346
"../../../Engine/Content/EngineMaterials/Substrate/GLints/dict_16_192_64_0p5_0p02_0021_0007.uasset" 5347
"/Engine/EngineMaterials/Substrate/GLints/dict_16_192_64_0p5_0p02_0020_0013" 5348
"../../../Engine/Content/EngineMaterials/Substrate/GLints/dict_16_192_64_0p5_0p02_0021_0006.uasset" 5349
"../../../Engine/Content/EngineMaterials/Substrate/GLints/dict_16_192_64_0p5_0p02_0021_0002.uasset" 5350
"../../../Engine/Content/EngineMaterials/Substrate/GLints/dict_16_192_64_0p5_0p02_0021_0001.uasset" 5351
"../../../Engine/Content/EngineMaterials/Substrate/GLints/dict_16_192_64_0p5_0p02_0021_0000.uasset" 5352
"../../../Engine/Content/EngineMaterials/Substrate/GLints/dict_16_192_64_0p5_0p02_0021_0008.uasset" 5353
"../../../Engine/Content/EngineMaterials/Substrate/GLints/dict_16_192_64_0p5_0p02_0021_0009.uasset" 5354
"../../../Engine/Content/EngineMaterials/Substrate/GLints/dict_16_192_64_0p5_0p02_0021_0010.uasset" 5355
"../../../Engine/Content/EngineMaterials/Substrate/GLints/dict_16_192_64_0p5_0p02_0021_0014.uasset" 5356
"../../../Engine/Content/EngineMaterials/Substrate/GLints/dict_16_192_64_0p5_0p02_0021_0013.uasset" 5357
"../../../Engine/Content/EngineMaterials/Substrate/GLints/dict_16_192_64_0p5_0p02_0021_0012.uasset" 5358
"../../../Engine/Content/EngineMaterials/Substrate/GLints/dict_16_192_64_0p5_0p02_0021_0015.uasset" 5359
"../../../Engine/Content/EngineMaterials/Substrate/GLints/dict_16_192_64_0p5_0p02_0021_0011.uasset" 5360
"/Engine/EngineMaterials/Substrate/GLints/dict_16_192_64_0p5_0p02_0020_0012" 5361
"/Engine/EngineMaterials/Substrate/GLints/dict_16_192_64_0p5_0p02_0020_0011" 5362
"/Engine/EngineMaterials/Substrate/GLints/dict_16_192_64_0p5_0p02_0020_0010" 5363
"/Engine/EngineMaterials/Substrate/GLints/dict_16_192_64_0p5_0p02_0020_0009" 5364
"/Engine/EngineMaterials/Substrate/GLints/dict_16_192_64_0p5_0p02_0020_0008" 5365
"/Engine/EngineMaterials/Substrate/GLints/dict_16_192_64_0p5_0p02_0020_0007" 5366
"/Engine/EngineMaterials/Substrate/GLints/dict_16_192_64_0p5_0p02_0020_0006" 5367
"/Engine/EngineMaterials/Substrate/GLints/dict_16_192_64_0p5_0p02_0020_0005" 5368
"/Engine/EngineMaterials/Substrate/GLints/dict_16_192_64_0p5_0p02_0020_0004" 5369
"/Engine/EngineMaterials/Substrate/GLints/dict_16_192_64_0p5_0p02_0020_0003" 5370
"/Engine/EngineMaterials/Substrate/GLints/dict_16_192_64_0p5_0p02_0020_0002" 5371
"/Engine/EngineMaterials/Substrate/GLints/dict_16_192_64_0p5_0p02_0020_0001" 5372
"/Engine/EngineMaterials/Substrate/GLints/dict_16_192_64_0p5_0p02_0020_0000" 5373
"/Engine/EngineMaterials/Substrate/GLints/dict_16_192_64_0p5_0p02_0021_0015" 5374
"../../../Engine/Content/EngineMaterials/Substrate/GLints/dict_16_192_64_0p5_0p02_0022_0001.uasset" 5375
"../../../Engine/Content/EngineMaterials/Substrate/GLints/dict_16_192_64_0p5_0p02_0022_0005.uasset" 5376
"../../../Engine/Content/EngineMaterials/Substrate/GLints/dict_16_192_64_0p5_0p02_0022_0000.uasset" 5377
"../../../Engine/Content/EngineMaterials/Substrate/GLints/dict_16_192_64_0p5_0p02_0022_0004.uasset" 5378
"../../../Engine/Content/EngineMaterials/Substrate/GLints/dict_16_192_64_0p5_0p02_0022_0009.uasset" 5379
"../../../Engine/Content/EngineMaterials/Substrate/GLints/dict_16_192_64_0p5_0p02_0022_0006.uasset" 5380
"../../../Engine/Content/EngineMaterials/Substrate/GLints/dict_16_192_64_0p5_0p02_0022_0002.uasset" 5381
"../../../Engine/Content/EngineMaterials/Substrate/GLints/dict_16_192_64_0p5_0p02_0022_0007.uasset" 5382
"../../../Engine/Content/EngineMaterials/Substrate/GLints/dict_16_192_64_0p5_0p02_0022_0008.uasset" 5383
"../../../Engine/Content/EngineMaterials/Substrate/GLints/dict_16_192_64_0p5_0p02_0022_0011.uasset" 5384
"../../../Engine/Content/EngineMaterials/Substrate/GLints/dict_16_192_64_0p5_0p02_0022_0010.uasset" 5385
"../../../Engine/Content/EngineMaterials/Substrate/GLints/dict_16_192_64_0p5_0p02_0022_0012.uasset" 5386
"/Engine/EngineMaterials/Substrate/GLints/dict_16_192_64_0p5_0p02_0021_0014" 5387
"../../../Engine/Content/EngineMaterials/Substrate/GLints/dict_16_192_64_0p5_0p02_0022_0013.uasset" 5388
"../../../Engine/Content/EngineMaterials/Substrate/GLints/dict_16_192_64_0p5_0p02_0022_0003.uasset" 5389
"/Engine/EngineMaterials/Substrate/GLints/dict_16_192_64_0p5_0p02_0021_0013" 5390
"/Engine/EngineMaterials/Substrate/GLints/dict_16_192_64_0p5_0p02_0021_0012" 5391
"/Engine/EngineMaterials/Substrate/GLints/dict_16_192_64_0p5_0p02_0021_0011" 5392
"/Engine/EngineMaterials/Substrate/GLints/dict_16_192_64_0p5_0p02_0021_0010" 5393
"/Engine/EngineMaterials/Substrate/GLints/dict_16_192_64_0p5_0p02_0021_0009" 5394
"/Engine/EngineMaterials/Substrate/GLints/dict_16_192_64_0p5_0p02_0021_0008" 5395
"/Engine/EngineMaterials/Substrate/GLints/dict_16_192_64_0p5_0p02_0021_0007" 5396
"/Engine/EngineMaterials/Substrate/GLints/dict_16_192_64_0p5_0p02_0021_0006" 5397
"/Engine/EngineMaterials/Substrate/GLints/dict_16_192_64_0p5_0p02_0021_0005" 5398
"/Engine/EngineMaterials/Substrate/GLints/dict_16_192_64_0p5_0p02_0021_0004" 5399
"/Engine/EngineMaterials/Substrate/GLints/dict_16_192_64_0p5_0p02_0021_0003" 5400
"/Engine/EngineMaterials/Substrate/GLints/dict_16_192_64_0p5_0p02_0021_0002" 5401
"/Engine/EngineMaterials/Substrate/GLints/dict_16_192_64_0p5_0p02_0021_0001" 5402
"/Engine/EngineMaterials/Substrate/GLints/dict_16_192_64_0p5_0p02_0021_0000" 5403
"/Engine/EngineMaterials/Substrate/GLints/dict_16_192_64_0p5_0p02_0020_0015" 5404
"/Engine/EngineMaterials/Substrate/GLints/dict_16_192_64_0p5_0p02_0020_0014" 5405
"../../../Engine/Content/EngineMaterials/Substrate/GLints/dict_16_192_64_0p5_0p02_0023_0001.uasset" 5406
"../../../Engine/Content/EngineMaterials/Substrate/GLints/dict_16_192_64_0p5_0p02_0023_0007.uasset" 5407
"../../../Engine/Content/EngineMaterials/Substrate/GLints/dict_16_192_64_0p5_0p02_0022_0014.uasset" 5408
"../../../Engine/Content/EngineMaterials/Substrate/GLints/dict_16_192_64_0p5_0p02_0023_0004.uasset" 5409
"../../../Engine/Content/EngineMaterials/Substrate/GLints/dict_16_192_64_0p5_0p02_0023_0000.uasset" 5410
"../../../Engine/Content/EngineMaterials/Substrate/GLints/dict_16_192_64_0p5_0p02_0023_0005.uasset" 5411
"../../../Engine/Content/EngineMaterials/Substrate/GLints/dict_16_192_64_0p5_0p02_0023_0003.uasset" 5412
"../../../Engine/Content/EngineMaterials/Substrate/GLints/dict_16_192_64_0p5_0p02_0023_0006.uasset" 5413
"/Engine/EngineMaterials/Substrate/GLints/dict_16_192_64_0p5_0p02_0022_0013" 5414
"../../../Engine/Content/EngineMaterials/Substrate/GLints/dict_16_192_64_0p5_0p02_0022_0015.uasset" 5415
"../../../Engine/Content/EngineMaterials/Substrate/GLints/dict_16_192_64_0p5_0p02_0023_0002.uasset" 5416
"../../../Engine/Content/EngineMaterials/Substrate/GLints/dict_16_192_64_0p5_0p02_0023_0009.uasset" 5417
"../../../Engine/Content/EngineMaterials/Substrate/GLints/dict_16_192_64_0p5_0p02_0023_0010.uasset" 5418
"../../../Engine/Content/EngineMaterials/Substrate/GLints/dict_16_192_64_0p5_0p02_0023_0008.uasset" 5419
"../../../Engine/Content/EngineMaterials/Substrate/GLints/dict_16_192_64_0p5_0p02_0023_0011.uasset" 5420
"../../../Engine/Content/EngineMaterials/Substrate/GLints/dict_16_192_64_0p5_0p02_0023_0012.uasset" 5421
"../../../Engine/Content/EngineMaterials/Substrate/GLints/dict_16_192_64_0p5_0p02_0023_0013.uasset" 5422
"../../../Engine/Content/EngineMaterials/Substrate/GLints/dict_16_192_64_0p5_0p02_0023_0014.uasset" 5423
"../../../Engine/Content/EngineMaterials/Substrate/GLints/dict_16_192_64_0p5_0p02_0023_0015.uasset" 5424
"/Engine/EngineMaterials/Substrate/GLints/dict_16_192_64_0p5_0p02_0022_0012" 5425
"/Engine/EngineMaterials/Substrate/GLints/dict_16_192_64_0p5_0p02_0022_0011" 5426
"/Engine/EngineMaterials/Substrate/GLints/dict_16_192_64_0p5_0p02_0022_0010" 5427
"/Engine/EngineMaterials/Substrate/GLints/dict_16_192_64_0p5_0p02_0022_0009" 5428
"/Engine/EngineMaterials/Substrate/GLints/dict_16_192_64_0p5_0p02_0022_0008" 5429
"/Engine/EngineMaterials/Substrate/GLints/dict_16_192_64_0p5_0p02_0022_0007" 5430
"/Engine/EngineMaterials/Substrate/GLints/dict_16_192_64_0p5_0p02_0022_0006" 5431
"/Engine/EngineMaterials/Substrate/GLints/dict_16_192_64_0p5_0p02_0022_0005" 5432
"/Engine/EngineMaterials/Substrate/GLints/dict_16_192_64_0p5_0p02_0022_0004" 5433
"/Engine/EngineMaterials/Substrate/GLints/dict_16_192_64_0p5_0p02_0022_0003" 5434
"/Engine/EngineMaterials/Substrate/GLints/dict_16_192_64_0p5_0p02_0022_0002" 5435
"/Engine/EngineMaterials/Substrate/GLints/dict_16_192_64_0p5_0p02_0022_0001" 5436
"/Engine/EngineMaterials/Substrate/GLints/dict_16_192_64_0p5_0p02_0022_0000" 5437
"../../../Engine/Content/EngineMaterials/Substrate/GLints/dict_16_192_64_0p5_0p02_0024_0003.uasset" 5438
"../../../Engine/Content/EngineMaterials/Substrate/GLints/dict_16_192_64_0p5_0p02_0024_0007.uasset" 5439
"../../../Engine/Content/EngineMaterials/Substrate/GLints/dict_16_192_64_0p5_0p02_0024_0001.uasset" 5440
"../../../Engine/Content/EngineMaterials/Substrate/GLints/dict_16_192_64_0p5_0p02_0024_0000.uasset" 5441
"../../../Engine/Content/EngineMaterials/Substrate/GLints/dict_16_192_64_0p5_0p02_0024_0005.uasset" 5442
"../../../Engine/Content/EngineMaterials/Substrate/GLints/dict_16_192_64_0p5_0p02_0024_0002.uasset" 5443
"../../../Engine/Content/EngineMaterials/Substrate/GLints/dict_16_192_64_0p5_0p02_0024_0006.uasset" 5444
"../../../Engine/Content/EngineMaterials/Substrate/GLints/dict_16_192_64_0p5_0p02_0024_0004.uasset" 5445
"../../../Engine/Content/EngineMaterials/Substrate/GLints/dict_16_192_64_0p5_0p02_0024_0009.uasset" 5446
"/Engine/EngineMaterials/Substrate/GLints/dict_16_192_64_0p5_0p02_0023_0015" 5447
"../../../Engine/Content/EngineMaterials/Substrate/GLints/dict_16_192_64_0p5_0p02_0024_0008.uasset" 5448
"../../../Engine/Content/EngineMaterials/Substrate/GLints/dict_16_192_64_0p5_0p02_0024_0011.uasset" 5449
"../../../Engine/Content/EngineMaterials/Substrate/GLints/dict_16_192_64_0p5_0p02_0024_0012.uasset" 5450
"../../../Engine/Content/EngineMaterials/Substrate/GLints/dict_16_192_64_0p5_0p02_0024_0013.uasset" 5451
"../../../Engine/Content/EngineMaterials/Substrate/GLints/dict_16_192_64_0p5_0p02_0024_0010.uasset" 5452
"/Engine/EngineMaterials/Substrate/GLints/dict_16_192_64_0p5_0p02_0023_0014" 5453
"/Engine/EngineMaterials/Substrate/GLints/dict_16_192_64_0p5_0p02_0023_0013" 5454
"/Engine/EngineMaterials/Substrate/GLints/dict_16_192_64_0p5_0p02_0023_0012" 5455
"/Engine/EngineMaterials/Substrate/GLints/dict_16_192_64_0p5_0p02_0023_0011" 5456
"/Engine/EngineMaterials/Substrate/GLints/dict_16_192_64_0p5_0p02_0023_0010" 5457
"/Engine/EngineMaterials/Substrate/GLints/dict_16_192_64_0p5_0p02_0023_0009" 5458
"/Engine/EngineMaterials/Substrate/GLints/dict_16_192_64_0p5_0p02_0023_0008" 5459
"/Engine/EngineMaterials/Substrate/GLints/dict_16_192_64_0p5_0p02_0023_0007" 5460
"/Engine/EngineMaterials/Substrate/GLints/dict_16_192_64_0p5_0p02_0023_0006" 5461
"/Engine/EngineMaterials/Substrate/GLints/dict_16_192_64_0p5_0p02_0023_0005" 5462
"/Engine/EngineMaterials/Substrate/GLints/dict_16_192_64_0p5_0p02_0023_0004" 5463
"/Engine/EngineMaterials/Substrate/GLints/dict_16_192_64_0p5_0p02_0023_0003" 5464
"/Engine/EngineMaterials/Substrate/GLints/dict_16_192_64_0p5_0p02_0023_0002" 5465
"/Engine/EngineMaterials/Substrate/GLints/dict_16_192_64_0p5_0p02_0023_0001" 5466
"/Engine/EngineMaterials/Substrate/GLints/dict_16_192_64_0p5_0p02_0023_0000" 5467
"/Engine/EngineMaterials/Substrate/GLints/dict_16_192_64_0p5_0p02_0022_0015" 5468
"/Engine/EngineMaterials/Substrate/GLints/dict_16_192_64_0p5_0p02_0022_0014" 5469
"../../../Engine/Content/EngineMaterials/Substrate/GLints/dict_16_192_64_0p5_0p02_0025_0004.uasset" 5470
"../../../Engine/Content/EngineMaterials/Substrate/GLints/dict_16_192_64_0p5_0p02_0024_0014.uasset" 5471
"../../../Engine/Content/EngineMaterials/Substrate/GLints/dict_16_192_64_0p5_0p02_0025_0001.uasset" 5472
"../../../Engine/Content/EngineMaterials/Substrate/GLints/dict_16_192_64_0p5_0p02_0025_0000.uasset" 5473
"../../../Engine/Content/EngineMaterials/Substrate/GLints/dict_16_192_64_0p5_0p02_0025_0006.uasset" 5474
"/Engine/EngineMaterials/Substrate/GLints/dict_16_192_64_0p5_0p02_0024_0013" 5475
"../../../Engine/Content/EngineMaterials/Substrate/GLints/dict_16_192_64_0p5_0p02_0025_0005.uasset" 5476
"../../../Engine/Content/EngineMaterials/Substrate/GLints/dict_16_192_64_0p5_0p02_0024_0015.uasset" 5477
"../../../Engine/Content/EngineMaterials/Substrate/GLints/dict_16_192_64_0p5_0p02_0025_0007.uasset" 5478
"../../../Engine/Content/EngineMaterials/Substrate/GLints/dict_16_192_64_0p5_0p02_0025_0002.uasset" 5479
"../../../Engine/Content/EngineMaterials/Substrate/GLints/dict_16_192_64_0p5_0p02_0025_0003.uasset" 5480
"../../../Engine/Content/EngineMaterials/Substrate/GLints/dict_16_192_64_0p5_0p02_0025_0012.uasset" 5481
"../../../Engine/Content/EngineMaterials/Substrate/GLints/dict_16_192_64_0p5_0p02_0025_0011.uasset" 5482
"../../../Engine/Content/EngineMaterials/Substrate/GLints/dict_16_192_64_0p5_0p02_0025_0008.uasset" 5483
"../../../Engine/Content/EngineMaterials/Substrate/GLints/dict_16_192_64_0p5_0p02_0025_0010.uasset" 5484
"../../../Engine/Content/EngineMaterials/Substrate/GLints/dict_16_192_64_0p5_0p02_0025_0015.uasset" 5485
"../../../Engine/Content/EngineMaterials/Substrate/GLints/dict_16_192_64_0p5_0p02_0025_0009.uasset" 5486
"/Engine/EngineMaterials/Substrate/GLints/dict_16_192_64_0p5_0p02_0024_0012" 5487
"../../../Engine/Content/EngineMaterials/Substrate/GLints/dict_16_192_64_0p5_0p02_0025_0013.uasset" 5488
"../../../Engine/Content/EngineMaterials/Substrate/GLints/dict_16_192_64_0p5_0p02_0025_0014.uasset" 5489
"/Engine/EngineMaterials/Substrate/GLints/dict_16_192_64_0p5_0p02_0024_0011" 5490
"/Engine/EngineMaterials/Substrate/GLints/dict_16_192_64_0p5_0p02_0024_0010" 5491
"/Engine/EngineMaterials/Substrate/GLints/dict_16_192_64_0p5_0p02_0024_0009" 5492
"/Engine/EngineMaterials/Substrate/GLints/dict_16_192_64_0p5_0p02_0024_0008" 5493
"/Engine/EngineMaterials/Substrate/GLints/dict_16_192_64_0p5_0p02_0024_0007" 5494
"/Engine/EngineMaterials/Substrate/GLints/dict_16_192_64_0p5_0p02_0024_0006" 5495
"/Engine/EngineMaterials/Substrate/GLints/dict_16_192_64_0p5_0p02_0024_0005" 5496
"/Engine/EngineMaterials/Substrate/GLints/dict_16_192_64_0p5_0p02_0024_0004" 5497
"/Engine/EngineMaterials/Substrate/GLints/dict_16_192_64_0p5_0p02_0024_0003" 5498
"/Engine/EngineMaterials/Substrate/GLints/dict_16_192_64_0p5_0p02_0024_0002" 5499
"/Engine/EngineMaterials/Substrate/GLints/dict_16_192_64_0p5_0p02_0024_0001" 5500
"/Engine/EngineMaterials/Substrate/GLints/dict_16_192_64_0p5_0p02_0024_0000" 5501
"../../../Engine/Content/EngineMaterials/Substrate/GLints/dict_16_192_64_0p5_0p02_0026_0006.uasset" 5502
"../../../Engine/Content/EngineMaterials/Substrate/GLints/dict_16_192_64_0p5_0p02_0026_0003.uasset" 5503
"../../../Engine/Content/EngineMaterials/Substrate/GLints/dict_16_192_64_0p5_0p02_0026_0005.uasset" 5504
"../../../Engine/Content/EngineMaterials/Substrate/GLints/dict_16_192_64_0p5_0p02_0026_0002.uasset" 5505
"../../../Engine/Content/EngineMaterials/Substrate/GLints/dict_16_192_64_0p5_0p02_0026_0009.uasset" 5506
"../../../Engine/Content/EngineMaterials/Substrate/GLints/dict_16_192_64_0p5_0p02_0026_0001.uasset" 5507
"../../../Engine/Content/EngineMaterials/Substrate/GLints/dict_16_192_64_0p5_0p02_0026_0000.uasset" 5508
"../../../Engine/Content/EngineMaterials/Substrate/GLints/dict_16_192_64_0p5_0p02_0026_0008.uasset" 5509
"../../../Engine/Content/EngineMaterials/Substrate/GLints/dict_16_192_64_0p5_0p02_0026_0007.uasset" 5510
"/Engine/EngineMaterials/Substrate/GLints/dict_16_192_64_0p5_0p02_0025_0015" 5511
"../../../Engine/Content/EngineMaterials/Substrate/GLints/dict_16_192_64_0p5_0p02_0026_0004.uasset" 5512
"../../../Engine/Content/EngineMaterials/Substrate/GLints/dict_16_192_64_0p5_0p02_0026_0010.uasset" 5513
"../../../Engine/Content/EngineMaterials/Substrate/GLints/dict_16_192_64_0p5_0p02_0026_0011.uasset" 5514
"../../../Engine/Content/EngineMaterials/Substrate/GLints/dict_16_192_64_0p5_0p02_0026_0012.uasset" 5515
"../../../Engine/Content/EngineMaterials/Substrate/GLints/dict_16_192_64_0p5_0p02_0026_0013.uasset" 5516
"/Engine/EngineMaterials/Substrate/GLints/dict_16_192_64_0p5_0p02_0025_0014" 5517
"/Engine/EngineMaterials/Substrate/GLints/dict_16_192_64_0p5_0p02_0025_0013" 5518
"/Engine/EngineMaterials/Substrate/GLints/dict_16_192_64_0p5_0p02_0025_0012" 5519
"/Engine/EngineMaterials/Substrate/GLints/dict_16_192_64_0p5_0p02_0025_0011" 5520
"/Engine/EngineMaterials/Substrate/GLints/dict_16_192_64_0p5_0p02_0025_0010" 5521
"/Engine/EngineMaterials/Substrate/GLints/dict_16_192_64_0p5_0p02_0025_0009" 5522
"/Engine/EngineMaterials/Substrate/GLints/dict_16_192_64_0p5_0p02_0025_0008" 5523
"/Engine/EngineMaterials/Substrate/GLints/dict_16_192_64_0p5_0p02_0025_0007" 5524
"/Engine/EngineMaterials/Substrate/GLints/dict_16_192_64_0p5_0p02_0025_0006" 5525
"/Engine/EngineMaterials/Substrate/GLints/dict_16_192_64_0p5_0p02_0025_0005" 5526
"/Engine/EngineMaterials/Substrate/GLints/dict_16_192_64_0p5_0p02_0025_0004" 5527
"/Engine/EngineMaterials/Substrate/GLints/dict_16_192_64_0p5_0p02_0025_0003" 5528
"/Engine/EngineMaterials/Substrate/GLints/dict_16_192_64_0p5_0p02_0025_0002" 5529
"/Engine/EngineMaterials/Substrate/GLints/dict_16_192_64_0p5_0p02_0025_0001" 5530
"/Engine/EngineMaterials/Substrate/GLints/dict_16_192_64_0p5_0p02_0025_0000" 5531
"/Engine/EngineMaterials/Substrate/GLints/dict_16_192_64_0p5_0p02_0024_0015" 5532
"/Engine/EngineMaterials/Substrate/GLints/dict_16_192_64_0p5_0p02_0024_0014" 5533
"../../../Engine/Content/EngineMaterials/Substrate/GLints/dict_16_192_64_0p5_0p02_0027_0003.uasset" 5534
"../../../Engine/Content/EngineMaterials/Substrate/GLints/dict_16_192_64_0p5_0p02_0027_0005.uasset" 5535
"../../../Engine/Content/EngineMaterials/Substrate/GLints/dict_16_192_64_0p5_0p02_0027_0004.uasset" 5536
"../../../Engine/Content/EngineMaterials/Substrate/GLints/dict_16_192_64_0p5_0p02_0027_0001.uasset" 5537
"../../../Engine/Content/EngineMaterials/Substrate/GLints/dict_16_192_64_0p5_0p02_0027_0000.uasset" 5538
"../../../Engine/Content/EngineMaterials/Substrate/GLints/dict_16_192_64_0p5_0p02_0026_0014.uasset" 5539
"/Engine/EngineMaterials/Substrate/GLints/dict_16_192_64_0p5_0p02_0026_0013" 5540
"../../../Engine/Content/EngineMaterials/Substrate/GLints/dict_16_192_64_0p5_0p02_0027_0002.uasset" 5541
"../../../Engine/Content/EngineMaterials/Substrate/GLints/dict_16_192_64_0p5_0p02_0027_0006.uasset" 5542
"../../../Engine/Content/EngineMaterials/Substrate/GLints/dict_16_192_64_0p5_0p02_0026_0015.uasset" 5543
"../../../Engine/Content/EngineMaterials/Substrate/GLints/dict_16_192_64_0p5_0p02_0027_0007.uasset" 5544
"../../../Engine/Content/EngineMaterials/Substrate/GLints/dict_16_192_64_0p5_0p02_0027_0008.uasset" 5545
"../../../Engine/Content/EngineMaterials/Substrate/GLints/dict_16_192_64_0p5_0p02_0027_0009.uasset" 5546
"../../../Engine/Content/EngineMaterials/Substrate/GLints/dict_16_192_64_0p5_0p02_0027_0010.uasset" 5547
"../../../Engine/Content/EngineMaterials/Substrate/GLints/dict_16_192_64_0p5_0p02_0027_0011.uasset" 5548
"../../../Engine/Content/EngineMaterials/Substrate/GLints/dict_16_192_64_0p5_0p02_0027_0012.uasset" 5549
"../../../Engine/Content/EngineMaterials/Substrate/GLints/dict_16_192_64_0p5_0p02_0027_0014.uasset" 5550
"../../../Engine/Content/EngineMaterials/Substrate/GLints/dict_16_192_64_0p5_0p02_0027_0013.uasset" 5551
"../../../Engine/Content/EngineMaterials/Substrate/GLints/dict_16_192_64_0p5_0p02_0027_0015.uasset" 5552
"/Engine/EngineMaterials/Substrate/GLints/dict_16_192_64_0p5_0p02_0026_0012" 5553
"/Engine/EngineMaterials/Substrate/GLints/dict_16_192_64_0p5_0p02_0026_0011" 5554
"/Engine/EngineMaterials/Substrate/GLints/dict_16_192_64_0p5_0p02_0026_0010" 5555
"/Engine/EngineMaterials/Substrate/GLints/dict_16_192_64_0p5_0p02_0026_0009" 5556
"/Engine/EngineMaterials/Substrate/GLints/dict_16_192_64_0p5_0p02_0026_0008" 5557
"/Engine/EngineMaterials/Substrate/GLints/dict_16_192_64_0p5_0p02_0026_0007" 5558
"/Engine/EngineMaterials/Substrate/GLints/dict_16_192_64_0p5_0p02_0026_0006" 5559
"/Engine/EngineMaterials/Substrate/GLints/dict_16_192_64_0p5_0p02_0026_0005" 5560
"/Engine/EngineMaterials/Substrate/GLints/dict_16_192_64_0p5_0p02_0026_0004" 5561
"/Engine/EngineMaterials/Substrate/GLints/dict_16_192_64_0p5_0p02_0026_0003" 5562
"/Engine/EngineMaterials/Substrate/GLints/dict_16_192_64_0p5_0p02_0026_0002" 5563
"/Engine/EngineMaterials/Substrate/GLints/dict_16_192_64_0p5_0p02_0026_0001" 5564
"/Engine/EngineMaterials/Substrate/GLints/dict_16_192_64_0p5_0p02_0026_0000" 5565
"../../../Engine/Content/EngineMaterials/Substrate/GLints/dict_16_192_64_0p5_0p02_0028_0005.uasset" 5566
"../../../Engine/Content/EngineMaterials/Substrate/GLints/dict_16_192_64_0p5_0p02_0028_0006.uasset" 5567
"../../../Engine/Content/EngineMaterials/Substrate/GLints/dict_16_192_64_0p5_0p02_0028_0001.uasset" 5568
"../../../Engine/Content/EngineMaterials/Substrate/GLints/dict_16_192_64_0p5_0p02_0028_0004.uasset" 5569
"../../../Engine/Content/EngineMaterials/Substrate/GLints/dict_16_192_64_0p5_0p02_0028_0003.uasset" 5570
"../../../Engine/Content/EngineMaterials/Substrate/GLints/dict_16_192_64_0p5_0p02_0028_0008.uasset" 5571
"../../../Engine/Content/EngineMaterials/Substrate/GLints/dict_16_192_64_0p5_0p02_0028_0000.uasset" 5572
"/Engine/EngineMaterials/Substrate/GLints/dict_16_192_64_0p5_0p02_0027_0015" 5573
"../../../Engine/Content/EngineMaterials/Substrate/GLints/dict_16_192_64_0p5_0p02_0028_0007.uasset" 5574
"../../../Engine/Content/EngineMaterials/Substrate/GLints/dict_16_192_64_0p5_0p02_0028_0002.uasset" 5575
"../../../Engine/Content/EngineMaterials/Substrate/GLints/dict_16_192_64_0p5_0p02_0028_0009.uasset" 5576
"../../../Engine/Content/EngineMaterials/Substrate/GLints/dict_16_192_64_0p5_0p02_0028_0011.uasset" 5577
"../../../Engine/Content/EngineMaterials/Substrate/GLints/dict_16_192_64_0p5_0p02_0028_0010.uasset" 5578
"../../../Engine/Content/EngineMaterials/Substrate/GLints/dict_16_192_64_0p5_0p02_0028_0012.uasset" 5579
"../../../Engine/Content/EngineMaterials/Substrate/GLints/dict_16_192_64_0p5_0p02_0028_0013.uasset" 5580
"/Engine/EngineMaterials/Substrate/GLints/dict_16_192_64_0p5_0p02_0027_0014" 5581
"/Engine/EngineMaterials/Substrate/GLints/dict_16_192_64_0p5_0p02_0027_0013" 5582
"/Engine/EngineMaterials/Substrate/GLints/dict_16_192_64_0p5_0p02_0027_0012" 5583
"/Engine/EngineMaterials/Substrate/GLints/dict_16_192_64_0p5_0p02_0027_0011" 5584
"/Engine/EngineMaterials/Substrate/GLints/dict_16_192_64_0p5_0p02_0027_0010" 5585
"/Engine/EngineMaterials/Substrate/GLints/dict_16_192_64_0p5_0p02_0027_0009" 5586
"/Engine/EngineMaterials/Substrate/GLints/dict_16_192_64_0p5_0p02_0027_0008" 5587
"/Engine/EngineMaterials/Substrate/GLints/dict_16_192_64_0p5_0p02_0027_0007" 5588
"/Engine/EngineMaterials/Substrate/GLints/dict_16_192_64_0p5_0p02_0027_0006" 5589
"/Engine/EngineMaterials/Substrate/GLints/dict_16_192_64_0p5_0p02_0027_0005" 5590
"/Engine/EngineMaterials/Substrate/GLints/dict_16_192_64_0p5_0p02_0027_0004" 5591
"/Engine/EngineMaterials/Substrate/GLints/dict_16_192_64_0p5_0p02_0027_0003" 5592
"/Engine/EngineMaterials/Substrate/GLints/dict_16_192_64_0p5_0p02_0027_0002" 5593
"/Engine/EngineMaterials/Substrate/GLints/dict_16_192_64_0p5_0p02_0027_0001" 5594
"/Engine/EngineMaterials/Substrate/GLints/dict_16_192_64_0p5_0p02_0027_0000" 5595
"/Engine/EngineMaterials/Substrate/GLints/dict_16_192_64_0p5_0p02_0026_0015" 5596
"/Engine/EngineMaterials/Substrate/GLints/dict_16_192_64_0p5_0p02_0026_0014" 5597
"../../../Engine/Content/EngineMaterials/Substrate/GLints/dict_16_192_64_0p5_0p02_0029_0002.uasset" 5598
"../../../Engine/Content/EngineMaterials/Substrate/GLints/dict_16_192_64_0p5_0p02_0029_0004.uasset" 5599
"/Engine/EngineMaterials/Substrate/GLints/dict_16_192_64_0p5_0p02_0028_0013" 5600
"../../../Engine/Content/EngineMaterials/Substrate/GLints/dict_16_192_64_0p5_0p02_0029_0007.uasset" 5601
"../../../Engine/Content/EngineMaterials/Substrate/GLints/dict_16_192_64_0p5_0p02_0029_0006.uasset" 5602
"../../../Engine/Content/EngineMaterials/Substrate/GLints/dict_16_192_64_0p5_0p02_0029_0001.uasset" 5603
"../../../Engine/Content/EngineMaterials/Substrate/GLints/dict_16_192_64_0p5_0p02_0028_0015.uasset" 5604
"../../../Engine/Content/EngineMaterials/Substrate/GLints/dict_16_192_64_0p5_0p02_0028_0014.uasset" 5605
"../../../Engine/Content/EngineMaterials/Substrate/GLints/dict_16_192_64_0p5_0p02_0029_0000.uasset" 5606
"../../../Engine/Content/EngineMaterials/Substrate/GLints/dict_16_192_64_0p5_0p02_0029_0005.uasset" 5607
"../../../Engine/Content/EngineMaterials/Substrate/GLints/dict_16_192_64_0p5_0p02_0029_0003.uasset" 5608
"../../../Engine/Content/EngineMaterials/Substrate/GLints/dict_16_192_64_0p5_0p02_0029_0009.uasset" 5609
"../../../Engine/Content/EngineMaterials/Substrate/GLints/dict_16_192_64_0p5_0p02_0029_0010.uasset" 5610
"../../../Engine/Content/EngineMaterials/Substrate/GLints/dict_16_192_64_0p5_0p02_0029_0011.uasset" 5611
"/Engine/EngineMaterials/Substrate/GLints/dict_16_192_64_0p5_0p02_0028_0012" 5612
"../../../Engine/Content/EngineMaterials/Substrate/GLints/dict_16_192_64_0p5_0p02_0029_0012.uasset" 5613
"../../../Engine/Content/EngineMaterials/Substrate/GLints/dict_16_192_64_0p5_0p02_0029_0013.uasset" 5614
"../../../Engine/Content/EngineMaterials/Substrate/GLints/dict_16_192_64_0p5_0p02_0029_0014.uasset" 5615
"../../../Engine/Content/EngineMaterials/Substrate/GLints/dict_16_192_64_0p5_0p02_0029_0015.uasset" 5616
"../../../Engine/Content/EngineMaterials/Substrate/GLints/dict_16_192_64_0p5_0p02_0029_0008.uasset" 5617
"/Engine/EngineMaterials/Substrate/GLints/dict_16_192_64_0p5_0p02_0028_0011" 5618
"/Engine/EngineMaterials/Substrate/GLints/dict_16_192_64_0p5_0p02_0028_0010" 5619
"/Engine/EngineMaterials/Substrate/GLints/dict_16_192_64_0p5_0p02_0028_0009" 5620
"/Engine/EngineMaterials/Substrate/GLints/dict_16_192_64_0p5_0p02_0028_0008" 5621
"/Engine/EngineMaterials/Substrate/GLints/dict_16_192_64_0p5_0p02_0028_0007" 5622
"/Engine/EngineMaterials/Substrate/GLints/dict_16_192_64_0p5_0p02_0028_0006" 5623
"/Engine/EngineMaterials/Substrate/GLints/dict_16_192_64_0p5_0p02_0028_0005" 5624
"/Engine/EngineMaterials/Substrate/GLints/dict_16_192_64_0p5_0p02_0028_0004" 5625
"/Engine/EngineMaterials/Substrate/GLints/dict_16_192_64_0p5_0p02_0028_0003" 5626
"/Engine/EngineMaterials/Substrate/GLints/dict_16_192_64_0p5_0p02_0028_0002" 5627
"/Engine/EngineMaterials/Substrate/GLints/dict_16_192_64_0p5_0p02_0028_0001" 5628
"/Engine/EngineMaterials/Substrate/GLints/dict_16_192_64_0p5_0p02_0028_0000" 5629
"../../../Engine/Content/EngineMaterials/Substrate/GLints/dict_16_192_64_0p5_0p02_0030_0007.uasset" 5630
"../../../Engine/Content/EngineMaterials/Substrate/GLints/dict_16_192_64_0p5_0p02_0030_0006.uasset" 5631
"../../../Engine/Content/EngineMaterials/Substrate/GLints/dict_16_192_64_0p5_0p02_0030_0001.uasset" 5632
"/Engine/EngineMaterials/Substrate/GLints/dict_16_192_64_0p5_0p02_0029_0015" 5633
"../../../Engine/Content/EngineMaterials/Substrate/GLints/dict_16_192_64_0p5_0p02_0030_0005.uasset" 5634
"../../../Engine/Content/EngineMaterials/Substrate/GLints/dict_16_192_64_0p5_0p02_0030_0004.uasset" 5635
"../../../Engine/Content/EngineMaterials/Substrate/GLints/dict_16_192_64_0p5_0p02_0030_0000.uasset" 5636
"../../../Engine/Content/EngineMaterials/Substrate/GLints/dict_16_192_64_0p5_0p02_0030_0009.uasset" 5637
"../../../Engine/Content/EngineMaterials/Substrate/GLints/dict_16_192_64_0p5_0p02_0030_0003.uasset" 5638
"../../../Engine/Content/EngineMaterials/Substrate/GLints/dict_16_192_64_0p5_0p02_0030_0008.uasset" 5639
"../../../Engine/Content/EngineMaterials/Substrate/GLints/dict_16_192_64_0p5_0p02_0030_0002.uasset" 5640
"../../../Engine/Content/EngineMaterials/Substrate/GLints/dict_16_192_64_0p5_0p02_0030_0010.uasset" 5641
"../../../Engine/Content/EngineMaterials/Substrate/GLints/dict_16_192_64_0p5_0p02_0030_0012.uasset" 5642
"/Engine/EngineMaterials/Substrate/GLints/dict_16_192_64_0p5_0p02_0029_0014" 5643
"../../../Engine/Content/EngineMaterials/Substrate/GLints/dict_16_192_64_0p5_0p02_0030_0013.uasset" 5644
"../../../Engine/Content/EngineMaterials/Substrate/GLints/dict_16_192_64_0p5_0p02_0030_0011.uasset" 5645
"/Engine/EngineMaterials/Substrate/GLints/dict_16_192_64_0p5_0p02_0029_0013" 5646
"/Engine/EngineMaterials/Substrate/GLints/dict_16_192_64_0p5_0p02_0029_0012" 5647
"/Engine/EngineMaterials/Substrate/GLints/dict_16_192_64_0p5_0p02_0029_0011" 5648
"/Engine/EngineMaterials/Substrate/GLints/dict_16_192_64_0p5_0p02_0029_0010" 5649
"/Engine/EngineMaterials/Substrate/GLints/dict_16_192_64_0p5_0p02_0029_0009" 5650
"/Engine/EngineMaterials/Substrate/GLints/dict_16_192_64_0p5_0p02_0029_0008" 5651
"/Engine/EngineMaterials/Substrate/GLints/dict_16_192_64_0p5_0p02_0029_0007" 5652
"/Engine/EngineMaterials/Substrate/GLints/dict_16_192_64_0p5_0p02_0029_0006" 5653
"/Engine/EngineMaterials/Substrate/GLints/dict_16_192_64_0p5_0p02_0029_0005" 5654
"/Engine/EngineMaterials/Substrate/GLints/dict_16_192_64_0p5_0p02_0029_0004" 5655
"/Engine/EngineMaterials/Substrate/GLints/dict_16_192_64_0p5_0p02_0029_0003" 5656
"/Engine/EngineMaterials/Substrate/GLints/dict_16_192_64_0p5_0p02_0029_0002" 5657
"/Engine/EngineMaterials/Substrate/GLints/dict_16_192_64_0p5_0p02_0029_0001" 5658
"/Engine/EngineMaterials/Substrate/GLints/dict_16_192_64_0p5_0p02_0029_0000" 5659
"/Engine/EngineMaterials/Substrate/GLints/dict_16_192_64_0p5_0p02_0028_0015" 5660
"/Engine/EngineMaterials/Substrate/GLints/dict_16_192_64_0p5_0p02_0028_0014" 5661
"../../../Engine/Content/EngineMaterials/Substrate/GLints/dict_16_192_64_0p5_0p02_0031_0005.uasset" 5662
"../../../Engine/Content/EngineMaterials/Substrate/GLints/dict_16_192_64_0p5_0p02_0031_0004.uasset" 5663
"../../../Engine/Content/EngineMaterials/Substrate/GLints/dict_16_192_64_0p5_0p02_0031_0000.uasset" 5664
"/Engine/EngineMaterials/Substrate/GLints/dict_16_192_64_0p5_0p02_0030_0013" 5665
"../../../Engine/Content/EngineMaterials/Substrate/GLints/dict_16_192_64_0p5_0p02_0031_0001.uasset" 5666
"../../../Engine/Content/EngineMaterials/Substrate/GLints/dict_16_192_64_0p5_0p02_0031_0002.uasset" 5667
"../../../Engine/Content/EngineMaterials/Substrate/GLints/dict_16_192_64_0p5_0p02_0031_0003.uasset" 5668
"../../../Engine/Content/EngineMaterials/Substrate/GLints/dict_16_192_64_0p5_0p02_0030_0015.uasset" 5669
"../../../Engine/Content/EngineMaterials/Substrate/GLints/dict_16_192_64_0p5_0p02_0030_0014.uasset" 5670
"../../../Engine/Content/EngineMaterials/Substrate/GLints/dict_16_192_64_0p5_0p02_0031_0006.uasset" 5671
"../../../Engine/Content/EngineMaterials/Substrate/GLints/dict_16_192_64_0p5_0p02_0031_0007.uasset" 5672
"../../../Engine/Content/EngineMaterials/Substrate/GLints/dict_16_192_64_0p5_0p02_0031_0008.uasset" 5673
"../../../Engine/Content/EngineMaterials/Substrate/GLints/dict_16_192_64_0p5_0p02_0031_0009.uasset" 5674
"../../../Engine/Content/EngineMaterials/Substrate/GLints/dict_16_192_64_0p5_0p02_0031_0011.uasset" 5675
"../../../Engine/Content/EngineMaterials/Substrate/GLints/dict_16_192_64_0p5_0p02_0031_0010.uasset" 5676
"/Engine/EngineMaterials/Substrate/GLints/dict_16_192_64_0p5_0p02_0030_0012" 5677
"../../../Engine/Content/EngineMaterials/Substrate/GLints/dict_16_192_64_0p5_0p02_0031_0012.uasset" 5678
"../../../Engine/Content/EngineMaterials/Substrate/GLints/dict_16_192_64_0p5_0p02_0031_0014.uasset" 5679
"../../../Engine/Content/EngineMaterials/Substrate/GLints/dict_16_192_64_0p5_0p02_0031_0013.uasset" 5680
"../../../Engine/Content/EngineMaterials/Substrate/GLints/dict_16_192_64_0p5_0p02_0031_0015.uasset" 5681
"/Engine/EngineMaterials/Substrate/GLints/dict_16_192_64_0p5_0p02_0030_0011" 5682
"/Engine/EngineMaterials/Substrate/GLints/dict_16_192_64_0p5_0p02_0030_0010" 5683
"/Engine/EngineMaterials/Substrate/GLints/dict_16_192_64_0p5_0p02_0030_0009" 5684
"/Engine/EngineMaterials/Substrate/GLints/dict_16_192_64_0p5_0p02_0030_0008" 5685
"/Engine/EngineMaterials/Substrate/GLints/dict_16_192_64_0p5_0p02_0030_0007" 5686
"/Engine/EngineMaterials/Substrate/GLints/dict_16_192_64_0p5_0p02_0030_0006" 5687
"/Engine/EngineMaterials/Substrate/GLints/dict_16_192_64_0p5_0p02_0030_0005" 5688
"/Engine/EngineMaterials/Substrate/GLints/dict_16_192_64_0p5_0p02_0030_0004" 5689
"/Engine/EngineMaterials/Substrate/GLints/dict_16_192_64_0p5_0p02_0030_0003" 5690
"/Engine/EngineMaterials/Substrate/GLints/dict_16_192_64_0p5_0p02_0030_0002" 5691
"/Engine/EngineMaterials/Substrate/GLints/dict_16_192_64_0p5_0p02_0030_0001" 5692
"/Engine/EngineMaterials/Substrate/GLints/dict_16_192_64_0p5_0p02_0030_0000" 5693
"../../../Engine/Content/EngineMaterials/Substrate/GLints/dict_16_192_64_0p5_0p02_0032_0005.uasset" 5694
"../../../Engine/Content/EngineMaterials/Substrate/GLints/dict_16_192_64_0p5_0p02_0032_0006.uasset" 5695
"../../../Engine/Content/EngineMaterials/Substrate/GLints/dict_16_192_64_0p5_0p02_0032_0002.uasset" 5696
"../../../Engine/Content/EngineMaterials/Substrate/GLints/dict_16_192_64_0p5_0p02_0032_0003.uasset" 5697
"../../../Engine/Content/EngineMaterials/Substrate/GLints/dict_16_192_64_0p5_0p02_0032_0009.uasset" 5698
"../../../Engine/Content/EngineMaterials/Substrate/GLints/dict_16_192_64_0p5_0p02_0032_0001.uasset" 5699
"../../../Engine/Content/EngineMaterials/Substrate/GLints/dict_16_192_64_0p5_0p02_0032_0008.uasset" 5700
"../../../Engine/Content/EngineMaterials/Substrate/GLints/dict_16_192_64_0p5_0p02_0032_0004.uasset" 5701
"../../../Engine/Content/EngineMaterials/Substrate/GLints/dict_16_192_64_0p5_0p02_0032_0007.uasset" 5702
"../../../Engine/Content/EngineMaterials/Substrate/GLints/dict_16_192_64_0p5_0p02_0032_0000.uasset" 5703
"/Engine/EngineMaterials/Substrate/GLints/dict_16_192_64_0p5_0p02_0031_0015" 5704
"../../../Engine/Content/EngineMaterials/Substrate/GLints/dict_16_192_64_0p5_0p02_0032_0010.uasset" 5705
"../../../Engine/Content/EngineMaterials/Substrate/GLints/dict_16_192_64_0p5_0p02_0032_0011.uasset" 5706
"../../../Engine/Content/EngineMaterials/Substrate/GLints/dict_16_192_64_0p5_0p02_0032_0013.uasset" 5707
"../../../Engine/Content/EngineMaterials/Substrate/GLints/dict_16_192_64_0p5_0p02_0032_0012.uasset" 5708
"/Engine/EngineMaterials/Substrate/GLints/dict_16_192_64_0p5_0p02_0031_0014" 5709
"/Engine/EngineMaterials/Substrate/GLints/dict_16_192_64_0p5_0p02_0031_0013" 5710
"/Engine/EngineMaterials/Substrate/GLints/dict_16_192_64_0p5_0p02_0031_0012" 5711
"/Engine/EngineMaterials/Substrate/GLints/dict_16_192_64_0p5_0p02_0031_0011" 5712
"/Engine/EngineMaterials/Substrate/GLints/dict_16_192_64_0p5_0p02_0031_0010" 5713
"/Engine/EngineMaterials/Substrate/GLints/dict_16_192_64_0p5_0p02_0031_0009" 5714
"/Engine/EngineMaterials/Substrate/GLints/dict_16_192_64_0p5_0p02_0031_0008" 5715
"/Engine/EngineMaterials/Substrate/GLints/dict_16_192_64_0p5_0p02_0031_0007" 5716
"/Engine/EngineMaterials/Substrate/GLints/dict_16_192_64_0p5_0p02_0031_0006" 5717
"/Engine/EngineMaterials/Substrate/GLints/dict_16_192_64_0p5_0p02_0031_0005" 5718
"/Engine/EngineMaterials/Substrate/GLints/dict_16_192_64_0p5_0p02_0031_0004" 5719
"/Engine/EngineMaterials/Substrate/GLints/dict_16_192_64_0p5_0p02_0031_0003" 5720
"/Engine/EngineMaterials/Substrate/GLints/dict_16_192_64_0p5_0p02_0031_0002" 5721
"/Engine/EngineMaterials/Substrate/GLints/dict_16_192_64_0p5_0p02_0031_0001" 5722
"/Engine/EngineMaterials/Substrate/GLints/dict_16_192_64_0p5_0p02_0031_0000" 5723
"/Engine/EngineMaterials/Substrate/GLints/dict_16_192_64_0p5_0p02_0030_0015" 5724
"/Engine/EngineMaterials/Substrate/GLints/dict_16_192_64_0p5_0p02_0030_0014" 5725
"../../../Engine/Content/EngineMaterials/Substrate/GLints/dict_16_192_64_0p5_0p02_0033_0007.uasset" 5726
"../../../Engine/Content/EngineMaterials/Substrate/GLints/dict_16_192_64_0p5_0p02_0033_0003.uasset" 5727
"../../../Engine/Content/EngineMaterials/Substrate/GLints/dict_16_192_64_0p5_0p02_0033_0004.uasset" 5728
"/Engine/EngineMaterials/Substrate/GLints/dict_16_192_64_0p5_0p02_0032_0013" 5729
"../../../Engine/Content/EngineMaterials/Substrate/GLints/dict_16_192_64_0p5_0p02_0033_0000.uasset" 5730
"../../../Engine/Content/EngineMaterials/Substrate/GLints/dict_16_192_64_0p5_0p02_0032_0015.uasset" 5731
"../../../Engine/Content/EngineMaterials/Substrate/GLints/dict_16_192_64_0p5_0p02_0033_0001.uasset" 5732
"../../../Engine/Content/EngineMaterials/Substrate/GLints/dict_16_192_64_0p5_0p02_0033_0005.uasset" 5733
"../../../Engine/Content/EngineMaterials/Substrate/GLints/dict_16_192_64_0p5_0p02_0033_0006.uasset" 5734
"../../../Engine/Content/EngineMaterials/Substrate/GLints/dict_16_192_64_0p5_0p02_0033_0002.uasset" 5735
"../../../Engine/Content/EngineMaterials/Substrate/GLints/dict_16_192_64_0p5_0p02_0032_0014.uasset" 5736
"../../../Engine/Content/EngineMaterials/Substrate/GLints/dict_16_192_64_0p5_0p02_0033_0009.uasset" 5737
"../../../Engine/Content/EngineMaterials/Substrate/GLints/dict_16_192_64_0p5_0p02_0033_0008.uasset" 5738
"../../../Engine/Content/EngineMaterials/Substrate/GLints/dict_16_192_64_0p5_0p02_0033_0011.uasset" 5739
"../../../Engine/Content/EngineMaterials/Substrate/GLints/dict_16_192_64_0p5_0p02_0033_0012.uasset" 5740
"/Engine/EngineMaterials/Substrate/GLints/dict_16_192_64_0p5_0p02_0032_0012" 5741
"../../../Engine/Content/EngineMaterials/Substrate/GLints/dict_16_192_64_0p5_0p02_0033_0013.uasset" 5742
"../../../Engine/Content/EngineMaterials/Substrate/GLints/dict_16_192_64_0p5_0p02_0033_0010.uasset" 5743
"../../../Engine/Content/EngineMaterials/Substrate/GLints/dict_16_192_64_0p5_0p02_0033_0014.uasset" 5744
"../../../Engine/Content/EngineMaterials/Substrate/GLints/dict_16_192_64_0p5_0p02_0033_0015.uasset" 5745
"/Engine/EngineMaterials/Substrate/GLints/dict_16_192_64_0p5_0p02_0032_0011" 5746
"/Engine/EngineMaterials/Substrate/GLints/dict_16_192_64_0p5_0p02_0032_0010" 5747
"/Engine/EngineMaterials/Substrate/GLints/dict_16_192_64_0p5_0p02_0032_0009" 5748
"/Engine/EngineMaterials/Substrate/GLints/dict_16_192_64_0p5_0p02_0032_0008" 5749
"/Engine/EngineMaterials/Substrate/GLints/dict_16_192_64_0p5_0p02_0032_0007" 5750
"/Engine/EngineMaterials/Substrate/GLints/dict_16_192_64_0p5_0p02_0032_0006" 5751
"/Engine/EngineMaterials/Substrate/GLints/dict_16_192_64_0p5_0p02_0032_0005" 5752
"/Engine/EngineMaterials/Substrate/GLints/dict_16_192_64_0p5_0p02_0032_0004" 5753
"/Engine/EngineMaterials/Substrate/GLints/dict_16_192_64_0p5_0p02_0032_0003" 5754
"/Engine/EngineMaterials/Substrate/GLints/dict_16_192_64_0p5_0p02_0032_0002" 5755
"/Engine/EngineMaterials/Substrate/GLints/dict_16_192_64_0p5_0p02_0032_0001" 5756
"/Engine/EngineMaterials/Substrate/GLints/dict_16_192_64_0p5_0p02_0032_0000" 5757
"../../../Engine/Content/EngineMaterials/Substrate/GLints/dict_16_192_64_0p5_0p02_0034_0006.uasset" 5758
"../../../Engine/Content/EngineMaterials/Substrate/GLints/dict_16_192_64_0p5_0p02_0034_0007.uasset" 5759
"../../../Engine/Content/EngineMaterials/Substrate/GLints/dict_16_192_64_0p5_0p02_0034_0004.uasset" 5760
"../../../Engine/Content/EngineMaterials/Substrate/GLints/dict_16_192_64_0p5_0p02_0034_0008.uasset" 5761
"../../../Engine/Content/EngineMaterials/Substrate/GLints/dict_16_192_64_0p5_0p02_0034_0002.uasset" 5762
"../../../Engine/Content/EngineMaterials/Substrate/GLints/dict_16_192_64_0p5_0p02_0034_0000.uasset" 5763
"../../../Engine/Content/EngineMaterials/Substrate/GLints/dict_16_192_64_0p5_0p02_0034_0005.uasset" 5764
"../../../Engine/Content/EngineMaterials/Substrate/GLints/dict_16_192_64_0p5_0p02_0034_0009.uasset" 5765
"../../../Engine/Content/EngineMaterials/Substrate/GLints/dict_16_192_64_0p5_0p02_0034_0001.uasset" 5766
"/Engine/EngineMaterials/Substrate/GLints/dict_16_192_64_0p5_0p02_0033_0015" 5767
"../../../Engine/Content/EngineMaterials/Substrate/GLints/dict_16_192_64_0p5_0p02_0034_0003.uasset" 5768
"../../../Engine/Content/EngineMaterials/Substrate/GLints/dict_16_192_64_0p5_0p02_0034_0011.uasset" 5769
"../../../Engine/Content/EngineMaterials/Substrate/GLints/dict_16_192_64_0p5_0p02_0034_0013.uasset" 5770
"../../../Engine/Content/EngineMaterials/Substrate/GLints/dict_16_192_64_0p5_0p02_0034_0012.uasset" 5771
"../../../Engine/Content/EngineMaterials/Substrate/GLints/dict_16_192_64_0p5_0p02_0034_0010.uasset" 5772
"/Engine/EngineMaterials/Substrate/GLints/dict_16_192_64_0p5_0p02_0033_0014" 5773
"/Engine/EngineMaterials/Substrate/GLints/dict_16_192_64_0p5_0p02_0033_0013" 5774
"/Engine/EngineMaterials/Substrate/GLints/dict_16_192_64_0p5_0p02_0033_0012" 5775
"/Engine/EngineMaterials/Substrate/GLints/dict_16_192_64_0p5_0p02_0033_0011" 5776
"/Engine/EngineMaterials/Substrate/GLints/dict_16_192_64_0p5_0p02_0033_0010" 5777
"/Engine/EngineMaterials/Substrate/GLints/dict_16_192_64_0p5_0p02_0033_0009" 5778
"/Engine/EngineMaterials/Substrate/GLints/dict_16_192_64_0p5_0p02_0033_0008" 5779
"/Engine/EngineMaterials/Substrate/GLints/dict_16_192_64_0p5_0p02_0033_0007" 5780
"/Engine/EngineMaterials/Substrate/GLints/dict_16_192_64_0p5_0p02_0033_0006" 5781
"/Engine/EngineMaterials/Substrate/GLints/dict_16_192_64_0p5_0p02_0033_0005" 5782
"/Engine/EngineMaterials/Substrate/GLints/dict_16_192_64_0p5_0p02_0033_0004" 5783
"/Engine/EngineMaterials/Substrate/GLints/dict_16_192_64_0p5_0p02_0033_0003" 5784
"/Engine/EngineMaterials/Substrate/GLints/dict_16_192_64_0p5_0p02_0033_0002" 5785
"/Engine/EngineMaterials/Substrate/GLints/dict_16_192_64_0p5_0p02_0033_0001" 5786
"/Engine/EngineMaterials/Substrate/GLints/dict_16_192_64_0p5_0p02_0033_0000" 5787
"/Engine/EngineMaterials/Substrate/GLints/dict_16_192_64_0p5_0p02_0032_0015" 5788
"/Engine/EngineMaterials/Substrate/GLints/dict_16_192_64_0p5_0p02_0032_0014" 5789
"/Engine/EngineMaterials/Substrate/GLints/dict_16_192_64_0p5_0p02_0034_0013" 5790
"../../../Engine/Content/EngineMaterials/Substrate/GLints/dict_16_192_64_0p5_0p02_0035_0002.uasset" 5791
"../../../Engine/Content/EngineMaterials/Substrate/GLints/dict_16_192_64_0p5_0p02_0035_0005.uasset" 5792
"../../../Engine/Content/EngineMaterials/Substrate/GLints/dict_16_192_64_0p5_0p02_0035_0000.uasset" 5793
"../../../Engine/Content/EngineMaterials/Substrate/GLints/dict_16_192_64_0p5_0p02_0035_0007.uasset" 5794
"../../../Engine/Content/EngineMaterials/Substrate/GLints/dict_16_192_64_0p5_0p02_0035_0004.uasset" 5795
"../../../Engine/Content/EngineMaterials/Substrate/GLints/dict_16_192_64_0p5_0p02_0035_0001.uasset" 5796
"../../../Engine/Content/EngineMaterials/Substrate/GLints/dict_16_192_64_0p5_0p02_0034_0015.uasset" 5797
"../../../Engine/Content/EngineMaterials/Substrate/GLints/dict_16_192_64_0p5_0p02_0035_0003.uasset" 5798
"../../../Engine/Content/EngineMaterials/Substrate/GLints/dict_16_192_64_0p5_0p02_0035_0006.uasset" 5799
"../../../Engine/Content/EngineMaterials/Substrate/GLints/dict_16_192_64_0p5_0p02_0034_0014.uasset" 5800
"../../../Engine/Content/EngineMaterials/Substrate/GLints/dict_16_192_64_0p5_0p02_0035_0008.uasset" 5801
"/Engine/EngineMaterials/Substrate/GLints/dict_16_192_64_0p5_0p02_0034_0012" 5802
"../../../Engine/Content/EngineMaterials/Substrate/GLints/dict_16_192_64_0p5_0p02_0035_0010.uasset" 5803
"../../../Engine/Content/EngineMaterials/Substrate/GLints/dict_16_192_64_0p5_0p02_0035_0012.uasset" 5804
"../../../Engine/Content/EngineMaterials/Substrate/GLints/dict_16_192_64_0p5_0p02_0035_0009.uasset" 5805
"../../../Engine/Content/EngineMaterials/Substrate/GLints/dict_16_192_64_0p5_0p02_0035_0013.uasset" 5806
"../../../Engine/Content/EngineMaterials/Substrate/GLints/dict_16_192_64_0p5_0p02_0035_0014.uasset" 5807
"../../../Engine/Content/EngineMaterials/Substrate/GLints/dict_16_192_64_0p5_0p02_0035_0015.uasset" 5808
"../../../Engine/Content/EngineMaterials/Substrate/GLints/dict_16_192_64_0p5_0p02_0035_0011.uasset" 5809
"/Engine/EngineMaterials/Substrate/GLints/dict_16_192_64_0p5_0p02_0034_0011" 5810
"/Engine/EngineMaterials/Substrate/GLints/dict_16_192_64_0p5_0p02_0034_0010" 5811
"/Engine/EngineMaterials/Substrate/GLints/dict_16_192_64_0p5_0p02_0034_0009" 5812
"/Engine/EngineMaterials/Substrate/GLints/dict_16_192_64_0p5_0p02_0034_0008" 5813
"/Engine/EngineMaterials/Substrate/GLints/dict_16_192_64_0p5_0p02_0034_0007" 5814
"/Engine/EngineMaterials/Substrate/GLints/dict_16_192_64_0p5_0p02_0034_0006" 5815
"/Engine/EngineMaterials/Substrate/GLints/dict_16_192_64_0p5_0p02_0034_0005" 5816
"/Engine/EngineMaterials/Substrate/GLints/dict_16_192_64_0p5_0p02_0034_0004" 5817
"/Engine/EngineMaterials/Substrate/GLints/dict_16_192_64_0p5_0p02_0034_0003" 5818
"/Engine/EngineMaterials/Substrate/GLints/dict_16_192_64_0p5_0p02_0034_0002" 5819
"/Engine/EngineMaterials/Substrate/GLints/dict_16_192_64_0p5_0p02_0034_0001" 5820
"/Engine/EngineMaterials/Substrate/GLints/dict_16_192_64_0p5_0p02_0034_0000" 5821
"../../../Engine/Content/EngineMaterials/Substrate/GLints/dict_16_192_64_0p5_0p02_0036_0006.uasset" 5822
"../../../Engine/Content/EngineMaterials/Substrate/GLints/dict_16_192_64_0p5_0p02_0036_0002.uasset" 5823
"../../../Engine/Content/EngineMaterials/Substrate/GLints/dict_16_192_64_0p5_0p02_0036_0008.uasset" 5824
"/Engine/EngineMaterials/Substrate/GLints/dict_16_192_64_0p5_0p02_0035_0015" 5825
"../../../Engine/Content/EngineMaterials/Substrate/GLints/dict_16_192_64_0p5_0p02_0036_0000.uasset" 5826
"../../../Engine/Content/EngineMaterials/Substrate/GLints/dict_16_192_64_0p5_0p02_0036_0005.uasset" 5827
"../../../Engine/Content/EngineMaterials/Substrate/GLints/dict_16_192_64_0p5_0p02_0036_0001.uasset" 5828
"../../../Engine/Content/EngineMaterials/Substrate/GLints/dict_16_192_64_0p5_0p02_0036_0009.uasset" 5829
"../../../Engine/Content/EngineMaterials/Substrate/GLints/dict_16_192_64_0p5_0p02_0036_0007.uasset" 5830
"../../../Engine/Content/EngineMaterials/Substrate/GLints/dict_16_192_64_0p5_0p02_0036_0004.uasset" 5831
"../../../Engine/Content/EngineMaterials/Substrate/GLints/dict_16_192_64_0p5_0p02_0036_0003.uasset" 5832
"../../../Engine/Content/EngineMaterials/Substrate/GLints/dict_16_192_64_0p5_0p02_0036_0010.uasset" 5833
"../../../Engine/Content/EngineMaterials/Substrate/GLints/dict_16_192_64_0p5_0p02_0036_0011.uasset" 5834
"../../../Engine/Content/EngineMaterials/Substrate/GLints/dict_16_192_64_0p5_0p02_0036_0012.uasset" 5835
"../../../Engine/Content/EngineMaterials/Substrate/GLints/dict_16_192_64_0p5_0p02_0036_0013.uasset" 5836
"/Engine/EngineMaterials/Substrate/GLints/dict_16_192_64_0p5_0p02_0035_0014" 5837
"/Engine/EngineMaterials/Substrate/GLints/dict_16_192_64_0p5_0p02_0035_0013" 5838
"/Engine/EngineMaterials/Substrate/GLints/dict_16_192_64_0p5_0p02_0035_0012" 5839
"/Engine/EngineMaterials/Substrate/GLints/dict_16_192_64_0p5_0p02_0035_0011" 5840
"/Engine/EngineMaterials/Substrate/GLints/dict_16_192_64_0p5_0p02_0035_0010" 5841
"/Engine/EngineMaterials/Substrate/GLints/dict_16_192_64_0p5_0p02_0035_0009" 5842
"/Engine/EngineMaterials/Substrate/GLints/dict_16_192_64_0p5_0p02_0035_0008" 5843
"/Engine/EngineMaterials/Substrate/GLints/dict_16_192_64_0p5_0p02_0035_0007" 5844
"/Engine/EngineMaterials/Substrate/GLints/dict_16_192_64_0p5_0p02_0035_0006" 5845
"/Engine/EngineMaterials/Substrate/GLints/dict_16_192_64_0p5_0p02_0035_0005" 5846
"/Engine/EngineMaterials/Substrate/GLints/dict_16_192_64_0p5_0p02_0035_0004" 5847
"/Engine/EngineMaterials/Substrate/GLints/dict_16_192_64_0p5_0p02_0035_0003" 5848
"/Engine/EngineMaterials/Substrate/GLints/dict_16_192_64_0p5_0p02_0035_0002" 5849
"/Engine/EngineMaterials/Substrate/GLints/dict_16_192_64_0p5_0p02_0035_0001" 5850
"/Engine/EngineMaterials/Substrate/GLints/dict_16_192_64_0p5_0p02_0035_0000" 5851
"/Engine/EngineMaterials/Substrate/GLints/dict_16_192_64_0p5_0p02_0034_0015" 5852
"/Engine/EngineMaterials/Substrate/GLints/dict_16_192_64_0p5_0p02_0034_0014" 5853
"/Engine/EngineMaterials/Substrate/GLints/dict_16_192_64_0p5_0p02_0036_0013" 5854
"../../../Engine/Content/EngineMaterials/Substrate/GLints/dict_16_192_64_0p5_0p02_0037_0000.uasset" 5855
"../../../Engine/Content/EngineMaterials/Substrate/GLints/dict_16_192_64_0p5_0p02_0036_0015.uasset" 5856
"../../../Engine/Content/EngineMaterials/Substrate/GLints/dict_16_192_64_0p5_0p02_0037_0006.uasset" 5857
"../../../Engine/Content/EngineMaterials/Substrate/GLints/dict_16_192_64_0p5_0p02_0037_0001.uasset" 5858
"../../../Engine/Content/EngineMaterials/Substrate/GLints/dict_16_192_64_0p5_0p02_0037_0004.uasset" 5859
"../../../Engine/Content/EngineMaterials/Substrate/GLints/dict_16_192_64_0p5_0p02_0037_0003.uasset" 5860
"../../../Engine/Content/EngineMaterials/Substrate/GLints/dict_16_192_64_0p5_0p02_0037_0007.uasset" 5861
"../../../Engine/Content/EngineMaterials/Substrate/GLints/dict_16_192_64_0p5_0p02_0037_0002.uasset" 5862
"../../../Engine/Content/EngineMaterials/Substrate/GLints/dict_16_192_64_0p5_0p02_0037_0005.uasset" 5863
"../../../Engine/Content/EngineMaterials/Substrate/GLints/dict_16_192_64_0p5_0p02_0036_0014.uasset" 5864
"../../../Engine/Content/EngineMaterials/Substrate/GLints/dict_16_192_64_0p5_0p02_0037_0008.uasset" 5865
"../../../Engine/Content/EngineMaterials/Substrate/GLints/dict_16_192_64_0p5_0p02_0037_0009.uasset" 5866
"/Engine/EngineMaterials/Substrate/GLints/dict_16_192_64_0p5_0p02_0036_0012" 5867
"../../../Engine/Content/EngineMaterials/Substrate/GLints/dict_16_192_64_0p5_0p02_0037_0011.uasset" 5868
"../../../Engine/Content/EngineMaterials/Substrate/GLints/dict_16_192_64_0p5_0p02_0037_0013.uasset" 5869
"../../../Engine/Content/EngineMaterials/Substrate/GLints/dict_16_192_64_0p5_0p02_0037_0014.uasset" 5870
"../../../Engine/Content/EngineMaterials/Substrate/GLints/dict_16_192_64_0p5_0p02_0037_0012.uasset" 5871
"../../../Engine/Content/EngineMaterials/Substrate/GLints/dict_16_192_64_0p5_0p02_0037_0010.uasset" 5872
"../../../Engine/Content/EngineMaterials/Substrate/GLints/dict_16_192_64_0p5_0p02_0037_0015.uasset" 5873
"/Engine/EngineMaterials/Substrate/GLints/dict_16_192_64_0p5_0p02_0036_0011" 5874
"/Engine/EngineMaterials/Substrate/GLints/dict_16_192_64_0p5_0p02_0036_0010" 5875
"/Engine/EngineMaterials/Substrate/GLints/dict_16_192_64_0p5_0p02_0036_0009" 5876
"/Engine/EngineMaterials/Substrate/GLints/dict_16_192_64_0p5_0p02_0036_0008" 5877
"/Engine/EngineMaterials/Substrate/GLints/dict_16_192_64_0p5_0p02_0036_0007" 5878
"/Engine/EngineMaterials/Substrate/GLints/dict_16_192_64_0p5_0p02_0036_0006" 5879
"/Engine/EngineMaterials/Substrate/GLints/dict_16_192_64_0p5_0p02_0036_0005" 5880
"/Engine/EngineMaterials/Substrate/GLints/dict_16_192_64_0p5_0p02_0036_0004" 5881
"/Engine/EngineMaterials/Substrate/GLints/dict_16_192_64_0p5_0p02_0036_0003" 5882
"/Engine/EngineMaterials/Substrate/GLints/dict_16_192_64_0p5_0p02_0036_0002" 5883
"/Engine/EngineMaterials/Substrate/GLints/dict_16_192_64_0p5_0p02_0036_0001" 5884
"/Engine/EngineMaterials/Substrate/GLints/dict_16_192_64_0p5_0p02_0036_0000" 5885
"../../../Engine/Content/EngineMaterials/Substrate/GLints/dict_16_192_64_0p5_0p02_0038_0005.uasset" 5886
"../../../Engine/Content/EngineMaterials/Substrate/GLints/dict_16_192_64_0p5_0p02_0038_0004.uasset" 5887
"../../../Engine/Content/EngineMaterials/Substrate/GLints/dict_16_192_64_0p5_0p02_0038_0002.uasset" 5888
"/Engine/EngineMaterials/Substrate/GLints/dict_16_192_64_0p5_0p02_0037_0015" 5889
"../../../Engine/Content/EngineMaterials/Substrate/GLints/dict_16_192_64_0p5_0p02_0038_0009.uasset" 5890
"../../../Engine/Content/EngineMaterials/Substrate/GLints/dict_16_192_64_0p5_0p02_0038_0007.uasset" 5891
"../../../Engine/Content/EngineMaterials/Substrate/GLints/dict_16_192_64_0p5_0p02_0038_0008.uasset" 5892
"../../../Engine/Content/EngineMaterials/Substrate/GLints/dict_16_192_64_0p5_0p02_0038_0001.uasset" 5893
"../../../Engine/Content/EngineMaterials/Substrate/GLints/dict_16_192_64_0p5_0p02_0038_0006.uasset" 5894
"../../../Engine/Content/EngineMaterials/Substrate/GLints/dict_16_192_64_0p5_0p02_0038_0003.uasset" 5895
"../../../Engine/Content/EngineMaterials/Substrate/GLints/dict_16_192_64_0p5_0p02_0038_0000.uasset" 5896
"../../../Engine/Content/EngineMaterials/Substrate/GLints/dict_16_192_64_0p5_0p02_0038_0010.uasset" 5897
"../../../Engine/Content/EngineMaterials/Substrate/GLints/dict_16_192_64_0p5_0p02_0038_0011.uasset" 5898
"../../../Engine/Content/EngineMaterials/Substrate/GLints/dict_16_192_64_0p5_0p02_0038_0012.uasset" 5899
"../../../Engine/Content/EngineMaterials/Substrate/GLints/dict_16_192_64_0p5_0p02_0038_0013.uasset" 5900
"/Engine/EngineMaterials/Substrate/GLints/dict_16_192_64_0p5_0p02_0037_0014" 5901
"/Engine/EngineMaterials/Substrate/GLints/dict_16_192_64_0p5_0p02_0037_0013" 5902
"/Engine/EngineMaterials/Substrate/GLints/dict_16_192_64_0p5_0p02_0037_0012" 5903
"/Engine/EngineMaterials/Substrate/GLints/dict_16_192_64_0p5_0p02_0037_0011" 5904
"/Engine/EngineMaterials/Substrate/GLints/dict_16_192_64_0p5_0p02_0037_0010" 5905
"/Engine/EngineMaterials/Substrate/GLints/dict_16_192_64_0p5_0p02_0037_0009" 5906
"/Engine/EngineMaterials/Substrate/GLints/dict_16_192_64_0p5_0p02_0037_0008" 5907
"/Engine/EngineMaterials/Substrate/GLints/dict_16_192_64_0p5_0p02_0037_0007" 5908
"/Engine/EngineMaterials/Substrate/GLints/dict_16_192_64_0p5_0p02_0037_0006" 5909
"/Engine/EngineMaterials/Substrate/GLints/dict_16_192_64_0p5_0p02_0037_0005" 5910
"/Engine/EngineMaterials/Substrate/GLints/dict_16_192_64_0p5_0p02_0037_0004" 5911
"/Engine/EngineMaterials/Substrate/GLints/dict_16_192_64_0p5_0p02_0037_0003" 5912
"/Engine/EngineMaterials/Substrate/GLints/dict_16_192_64_0p5_0p02_0037_0002" 5913
"/Engine/EngineMaterials/Substrate/GLints/dict_16_192_64_0p5_0p02_0037_0001" 5914
"/Engine/EngineMaterials/Substrate/GLints/dict_16_192_64_0p5_0p02_0037_0000" 5915
"/Engine/EngineMaterials/Substrate/GLints/dict_16_192_64_0p5_0p02_0036_0015" 5916
"/Engine/EngineMaterials/Substrate/GLints/dict_16_192_64_0p5_0p02_0036_0014" 5917
"../../../Engine/Content/EngineMaterials/Substrate/GLints/dict_16_192_64_0p5_0p02_0039_0002.uasset" 5918
"../../../Engine/Content/EngineMaterials/Substrate/GLints/dict_16_192_64_0p5_0p02_0039_0006.uasset" 5919
"../../../Engine/Content/EngineMaterials/Substrate/GLints/dict_16_192_64_0p5_0p02_0038_0014.uasset" 5920
"../../../Engine/Content/EngineMaterials/Substrate/GLints/dict_16_192_64_0p5_0p02_0039_0005.uasset" 5921
"/Engine/EngineMaterials/Substrate/GLints/dict_16_192_64_0p5_0p02_0038_0013" 5922
"../../../Engine/Content/EngineMaterials/Substrate/GLints/dict_16_192_64_0p5_0p02_0039_0004.uasset" 5923
"../../../Engine/Content/EngineMaterials/Substrate/GLints/dict_16_192_64_0p5_0p02_0039_0001.uasset" 5924
"../../../Engine/Content/EngineMaterials/Substrate/GLints/dict_16_192_64_0p5_0p02_0039_0003.uasset" 5925
"../../../Engine/Content/EngineMaterials/Substrate/GLints/dict_16_192_64_0p5_0p02_0039_0000.uasset" 5926
"../../../Engine/Content/EngineMaterials/Substrate/GLints/dict_16_192_64_0p5_0p02_0039_0007.uasset" 5927
"../../../Engine/Content/EngineMaterials/Substrate/GLints/dict_16_192_64_0p5_0p02_0038_0015.uasset" 5928
"../../../Engine/Content/EngineMaterials/Substrate/GLints/dict_16_192_64_0p5_0p02_0039_0008.uasset" 5929
"/Engine/EngineMaterials/Substrate/GLints/dict_16_192_64_0p5_0p02_0038_0012" 5930
"../../../Engine/Content/EngineMaterials/Substrate/GLints/dict_16_192_64_0p5_0p02_0039_0010.uasset" 5931
"../../../Engine/Content/EngineMaterials/Substrate/GLints/dict_16_192_64_0p5_0p02_0039_0011.uasset" 5932
"../../../Engine/Content/EngineMaterials/Substrate/GLints/dict_16_192_64_0p5_0p02_0039_0012.uasset" 5933
"../../../Engine/Content/EngineMaterials/Substrate/GLints/dict_16_192_64_0p5_0p02_0039_0013.uasset" 5934
"../../../Engine/Content/EngineMaterials/Substrate/GLints/dict_16_192_64_0p5_0p02_0039_0009.uasset" 5935
"../../../Engine/Content/EngineMaterials/Substrate/GLints/dict_16_192_64_0p5_0p02_0039_0014.uasset" 5936
"../../../Engine/Content/EngineMaterials/Substrate/GLints/dict_16_192_64_0p5_0p02_0039_0015.uasset" 5937
"/Engine/EngineMaterials/Substrate/GLints/dict_16_192_64_0p5_0p02_0038_0011" 5938
"/Engine/EngineMaterials/Substrate/GLints/dict_16_192_64_0p5_0p02_0038_0010" 5939
"/Engine/EngineMaterials/Substrate/GLints/dict_16_192_64_0p5_0p02_0038_0009" 5940
"/Engine/EngineMaterials/Substrate/GLints/dict_16_192_64_0p5_0p02_0038_0008" 5941
"/Engine/EngineMaterials/Substrate/GLints/dict_16_192_64_0p5_0p02_0038_0007" 5942
"/Engine/EngineMaterials/Substrate/GLints/dict_16_192_64_0p5_0p02_0038_0006" 5943
"/Engine/EngineMaterials/Substrate/GLints/dict_16_192_64_0p5_0p02_0038_0005" 5944
"/Engine/EngineMaterials/Substrate/GLints/dict_16_192_64_0p5_0p02_0038_0004" 5945
"/Engine/EngineMaterials/Substrate/GLints/dict_16_192_64_0p5_0p02_0038_0003" 5946
"/Engine/EngineMaterials/Substrate/GLints/dict_16_192_64_0p5_0p02_0038_0002" 5947
"/Engine/EngineMaterials/Substrate/GLints/dict_16_192_64_0p5_0p02_0038_0001" 5948
"/Engine/EngineMaterials/Substrate/GLints/dict_16_192_64_0p5_0p02_0038_0000" 5949
"../../../Engine/Content/EngineMaterials/Substrate/GLints/dict_16_192_64_0p5_0p02_0040_0004.uasset" 5950
"../../../Engine/Content/EngineMaterials/Substrate/GLints/dict_16_192_64_0p5_0p02_0040_0005.uasset" 5951
"../../../Engine/Content/EngineMaterials/Substrate/GLints/dict_16_192_64_0p5_0p02_0040_0007.uasset" 5952
"/Engine/EngineMaterials/Substrate/GLints/dict_16_192_64_0p5_0p02_0039_0015" 5953
"../../../Engine/Content/EngineMaterials/Substrate/GLints/dict_16_192_64_0p5_0p02_0040_0001.uasset" 5954
"../../../Engine/Content/EngineMaterials/Substrate/GLints/dict_16_192_64_0p5_0p02_0040_0006.uasset" 5955
"../../../Engine/Content/EngineMaterials/Substrate/GLints/dict_16_192_64_0p5_0p02_0040_0009.uasset" 5956
"../../../Engine/Content/EngineMaterials/Substrate/GLints/dict_16_192_64_0p5_0p02_0040_0008.uasset" 5957
"../../../Engine/Content/EngineMaterials/Substrate/GLints/dict_16_192_64_0p5_0p02_0040_0000.uasset" 5958
"../../../Engine/Content/EngineMaterials/Substrate/GLints/dict_16_192_64_0p5_0p02_0040_0003.uasset" 5959
"../../../Engine/Content/EngineMaterials/Substrate/GLints/dict_16_192_64_0p5_0p02_0040_0002.uasset" 5960
"../../../Engine/Content/EngineMaterials/Substrate/GLints/dict_16_192_64_0p5_0p02_0040_0010.uasset" 5961
"../../../Engine/Content/EngineMaterials/Substrate/GLints/dict_16_192_64_0p5_0p02_0040_0012.uasset" 5962
"../../../Engine/Content/EngineMaterials/Substrate/GLints/dict_16_192_64_0p5_0p02_0040_0011.uasset" 5963
"/Engine/EngineMaterials/Substrate/GLints/dict_16_192_64_0p5_0p02_0039_0014" 5964
"../../../Engine/Content/EngineMaterials/Substrate/GLints/dict_16_192_64_0p5_0p02_0040_0013.uasset" 5965
"/Engine/EngineMaterials/Substrate/GLints/dict_16_192_64_0p5_0p02_0039_0013" 5966
"/Engine/EngineMaterials/Substrate/GLints/dict_16_192_64_0p5_0p02_0039_0012" 5967
"/Engine/EngineMaterials/Substrate/GLints/dict_16_192_64_0p5_0p02_0039_0011" 5968
"/Engine/EngineMaterials/Substrate/GLints/dict_16_192_64_0p5_0p02_0039_0010" 5969
"/Engine/EngineMaterials/Substrate/GLints/dict_16_192_64_0p5_0p02_0039_0009" 5970
"/Engine/EngineMaterials/Substrate/GLints/dict_16_192_64_0p5_0p02_0039_0008" 5971
"/Engine/EngineMaterials/Substrate/GLints/dict_16_192_64_0p5_0p02_0039_0007" 5972
"/Engine/EngineMaterials/Substrate/GLints/dict_16_192_64_0p5_0p02_0039_0006" 5973
"/Engine/EngineMaterials/Substrate/GLints/dict_16_192_64_0p5_0p02_0039_0005" 5974
"/Engine/EngineMaterials/Substrate/GLints/dict_16_192_64_0p5_0p02_0039_0004" 5975
"/Engine/EngineMaterials/Substrate/GLints/dict_16_192_64_0p5_0p02_0039_0003" 5976
"/Engine/EngineMaterials/Substrate/GLints/dict_16_192_64_0p5_0p02_0039_0002" 5977
"/Engine/EngineMaterials/Substrate/GLints/dict_16_192_64_0p5_0p02_0039_0001" 5978
"/Engine/EngineMaterials/Substrate/GLints/dict_16_192_64_0p5_0p02_0039_0000" 5979
"/Engine/EngineMaterials/Substrate/GLints/dict_16_192_64_0p5_0p02_0038_0015" 5980
"/Engine/EngineMaterials/Substrate/GLints/dict_16_192_64_0p5_0p02_0038_0014" 5981
"../../../Engine/Content/EngineMaterials/Substrate/GLints/dict_16_192_64_0p5_0p02_0041_0003.uasset" 5982
"../../../Engine/Content/EngineMaterials/Substrate/GLints/dict_16_192_64_0p5_0p02_0041_0005.uasset" 5983
"../../../Engine/Content/EngineMaterials/Substrate/GLints/dict_16_192_64_0p5_0p02_0040_0015.uasset" 5984
"../../../Engine/Content/EngineMaterials/Substrate/GLints/dict_16_192_64_0p5_0p02_0041_0007.uasset" 5985
"/Engine/EngineMaterials/Substrate/GLints/dict_16_192_64_0p5_0p02_0040_0013" 5986
"../../../Engine/Content/EngineMaterials/Substrate/GLints/dict_16_192_64_0p5_0p02_0041_0001.uasset" 5987
"../../../Engine/Content/EngineMaterials/Substrate/GLints/dict_16_192_64_0p5_0p02_0041_0004.uasset" 5988
"../../../Engine/Content/EngineMaterials/Substrate/GLints/dict_16_192_64_0p5_0p02_0041_0000.uasset" 5989
"../../../Engine/Content/EngineMaterials/Substrate/GLints/dict_16_192_64_0p5_0p02_0040_0014.uasset" 5990
"../../../Engine/Content/EngineMaterials/Substrate/GLints/dict_16_192_64_0p5_0p02_0041_0006.uasset" 5991
"../../../Engine/Content/EngineMaterials/Substrate/GLints/dict_16_192_64_0p5_0p02_0041_0002.uasset" 5992
"../../../Engine/Content/EngineMaterials/Substrate/GLints/dict_16_192_64_0p5_0p02_0041_0008.uasset" 5993
"../../../Engine/Content/EngineMaterials/Substrate/GLints/dict_16_192_64_0p5_0p02_0041_0009.uasset" 5994
"../../../Engine/Content/EngineMaterials/Substrate/GLints/dict_16_192_64_0p5_0p02_0041_0010.uasset" 5995
"../../../Engine/Content/EngineMaterials/Substrate/GLints/dict_16_192_64_0p5_0p02_0041_0011.uasset" 5996
"../../../Engine/Content/EngineMaterials/Substrate/GLints/dict_16_192_64_0p5_0p02_0041_0013.uasset" 5997
"../../../Engine/Content/EngineMaterials/Substrate/GLints/dict_16_192_64_0p5_0p02_0041_0014.uasset" 5998
"../../../Engine/Content/EngineMaterials/Substrate/GLints/dict_16_192_64_0p5_0p02_0041_0015.uasset" 5999
"/Engine/EngineMaterials/Substrate/GLints/dict_16_192_64_0p5_0p02_0040_0012" 6000
"../../../Engine/Content/EngineMaterials/Substrate/GLints/dict_16_192_64_0p5_0p02_0041_0012.uasset" 6001
"/Engine/EngineMaterials/Substrate/GLints/dict_16_192_64_0p5_0p02_0040_0011" 6002
"/Engine/EngineMaterials/Substrate/GLints/dict_16_192_64_0p5_0p02_0040_0010" 6003
"/Engine/EngineMaterials/Substrate/GLints/dict_16_192_64_0p5_0p02_0040_0009" 6004
"/Engine/EngineMaterials/Substrate/GLints/dict_16_192_64_0p5_0p02_0040_0008" 6005
"/Engine/EngineMaterials/Substrate/GLints/dict_16_192_64_0p5_0p02_0040_0007" 6006
"/Engine/EngineMaterials/Substrate/GLints/dict_16_192_64_0p5_0p02_0040_0006" 6007
"/Engine/EngineMaterials/Substrate/GLints/dict_16_192_64_0p5_0p02_0040_0005" 6008
"/Engine/EngineMaterials/Substrate/GLints/dict_16_192_64_0p5_0p02_0040_0004" 6009
"/Engine/EngineMaterials/Substrate/GLints/dict_16_192_64_0p5_0p02_0040_0003" 6010
"/Engine/EngineMaterials/Substrate/GLints/dict_16_192_64_0p5_0p02_0040_0002" 6011
"/Engine/EngineMaterials/Substrate/GLints/dict_16_192_64_0p5_0p02_0040_0001" 6012
"/Engine/EngineMaterials/Substrate/GLints/dict_16_192_64_0p5_0p02_0040_0000" 6013
"../../../Engine/Content/EngineMaterials/Substrate/GLints/dict_16_192_64_0p5_0p02_0042_0003.uasset" 6014
"../../../Engine/Content/EngineMaterials/Substrate/GLints/dict_16_192_64_0p5_0p02_0042_0002.uasset" 6015
"../../../Engine/Content/EngineMaterials/Substrate/GLints/dict_16_192_64_0p5_0p02_0042_0004.uasset" 6016
"../../../Engine/Content/EngineMaterials/Substrate/GLints/dict_16_192_64_0p5_0p02_0042_0000.uasset" 6017
"../../../Engine/Content/EngineMaterials/Substrate/GLints/dict_16_192_64_0p5_0p02_0042_0008.uasset" 6018
"../../../Engine/Content/EngineMaterials/Substrate/GLints/dict_16_192_64_0p5_0p02_0042_0001.uasset" 6019
"../../../Engine/Content/EngineMaterials/Substrate/GLints/dict_16_192_64_0p5_0p02_0042_0007.uasset" 6020
"../../../Engine/Content/EngineMaterials/Substrate/GLints/dict_16_192_64_0p5_0p02_0042_0005.uasset" 6021
"../../../Engine/Content/EngineMaterials/Substrate/GLints/dict_16_192_64_0p5_0p02_0042_0006.uasset" 6022
"/Engine/EngineMaterials/Substrate/GLints/dict_16_192_64_0p5_0p02_0041_0015" 6023
"../../../Engine/Content/EngineMaterials/Substrate/GLints/dict_16_192_64_0p5_0p02_0042_0009.uasset" 6024
"../../../Engine/Content/EngineMaterials/Substrate/GLints/dict_16_192_64_0p5_0p02_0042_0010.uasset" 6025
"../../../Engine/Content/EngineMaterials/Substrate/GLints/dict_16_192_64_0p5_0p02_0042_0013.uasset" 6026
"/Engine/EngineMaterials/Substrate/GLints/dict_16_192_64_0p5_0p02_0041_0014" 6027
"../../../Engine/Content/EngineMaterials/Substrate/GLints/dict_16_192_64_0p5_0p02_0042_0012.uasset" 6028
"../../../Engine/Content/EngineMaterials/Substrate/GLints/dict_16_192_64_0p5_0p02_0042_0011.uasset" 6029
"/Engine/EngineMaterials/Substrate/GLints/dict_16_192_64_0p5_0p02_0041_0013" 6030
"/Engine/EngineMaterials/Substrate/GLints/dict_16_192_64_0p5_0p02_0041_0012" 6031
"/Engine/EngineMaterials/Substrate/GLints/dict_16_192_64_0p5_0p02_0041_0011" 6032
"/Engine/EngineMaterials/Substrate/GLints/dict_16_192_64_0p5_0p02_0041_0010" 6033
"/Engine/EngineMaterials/Substrate/GLints/dict_16_192_64_0p5_0p02_0041_0009" 6034
"/Engine/EngineMaterials/Substrate/GLints/dict_16_192_64_0p5_0p02_0041_0008" 6035
"/Engine/EngineMaterials/Substrate/GLints/dict_16_192_64_0p5_0p02_0041_0007" 6036
"/Engine/EngineMaterials/Substrate/GLints/dict_16_192_64_0p5_0p02_0041_0006" 6037
"/Engine/EngineMaterials/Substrate/GLints/dict_16_192_64_0p5_0p02_0041_0005" 6038
"/Engine/EngineMaterials/Substrate/GLints/dict_16_192_64_0p5_0p02_0041_0004" 6039
"/Engine/EngineMaterials/Substrate/GLints/dict_16_192_64_0p5_0p02_0041_0003" 6040
"/Engine/EngineMaterials/Substrate/GLints/dict_16_192_64_0p5_0p02_0041_0002" 6041
"/Engine/EngineMaterials/Substrate/GLints/dict_16_192_64_0p5_0p02_0041_0001" 6042
"/Engine/EngineMaterials/Substrate/GLints/dict_16_192_64_0p5_0p02_0041_0000" 6043
"/Engine/EngineMaterials/Substrate/GLints/dict_16_192_64_0p5_0p02_0040_0015" 6044
"/Engine/EngineMaterials/Substrate/GLints/dict_16_192_64_0p5_0p02_0040_0014" 6045
"../../../Engine/Content/EngineMaterials/Substrate/GLints/dict_16_192_64_0p5_0p02_0042_0014.uasset" 6046
"../../../Engine/Content/EngineMaterials/Substrate/GLints/dict_16_192_64_0p5_0p02_0043_0007.uasset" 6047
"../../../Engine/Content/EngineMaterials/Substrate/GLints/dict_16_192_64_0p5_0p02_0043_0001.uasset" 6048
"/Engine/EngineMaterials/Substrate/GLints/dict_16_192_64_0p5_0p02_0042_0013" 6049
"../../../Engine/Content/EngineMaterials/Substrate/GLints/dict_16_192_64_0p5_0p02_0043_0000.uasset" 6050
"../../../Engine/Content/EngineMaterials/Substrate/GLints/dict_16_192_64_0p5_0p02_0043_0003.uasset" 6051
"../../../Engine/Content/EngineMaterials/Substrate/GLints/dict_16_192_64_0p5_0p02_0042_0015.uasset" 6052
"../../../Engine/Content/EngineMaterials/Substrate/GLints/dict_16_192_64_0p5_0p02_0043_0002.uasset" 6053
"../../../Engine/Content/EngineMaterials/Substrate/GLints/dict_16_192_64_0p5_0p02_0043_0006.uasset" 6054
"../../../Engine/Content/EngineMaterials/Substrate/GLints/dict_16_192_64_0p5_0p02_0043_0005.uasset" 6055
"../../../Engine/Content/EngineMaterials/Substrate/GLints/dict_16_192_64_0p5_0p02_0043_0004.uasset" 6056
"../../../Engine/Content/EngineMaterials/Substrate/GLints/dict_16_192_64_0p5_0p02_0043_0008.uasset" 6057
"/Engine/EngineMaterials/Substrate/GLints/dict_16_192_64_0p5_0p02_0042_0012" 6058
"../../../Engine/Content/EngineMaterials/Substrate/GLints/dict_16_192_64_0p5_0p02_0043_0010.uasset" 6059
"../../../Engine/Content/EngineMaterials/Substrate/GLints/dict_16_192_64_0p5_0p02_0043_0009.uasset" 6060
"../../../Engine/Content/EngineMaterials/Substrate/GLints/dict_16_192_64_0p5_0p02_0043_0012.uasset" 6061
"../../../Engine/Content/EngineMaterials/Substrate/GLints/dict_16_192_64_0p5_0p02_0043_0011.uasset" 6062
"../../../Engine/Content/EngineMaterials/Substrate/GLints/dict_16_192_64_0p5_0p02_0043_0013.uasset" 6063
"../../../Engine/Content/EngineMaterials/Substrate/GLints/dict_16_192_64_0p5_0p02_0043_0014.uasset" 6064
"../../../Engine/Content/EngineMaterials/Substrate/GLints/dict_16_192_64_0p5_0p02_0043_0015.uasset" 6065
"/Engine/EngineMaterials/Substrate/GLints/dict_16_192_64_0p5_0p02_0042_0011" 6066
"/Engine/EngineMaterials/Substrate/GLints/dict_16_192_64_0p5_0p02_0042_0010" 6067
"/Engine/EngineMaterials/Substrate/GLints/dict_16_192_64_0p5_0p02_0042_0009" 6068
"/Engine/EngineMaterials/Substrate/GLints/dict_16_192_64_0p5_0p02_0042_0008" 6069
"/Engine/EngineMaterials/Substrate/GLints/dict_16_192_64_0p5_0p02_0042_0007" 6070
"/Engine/EngineMaterials/Substrate/GLints/dict_16_192_64_0p5_0p02_0042_0006" 6071
"/Engine/EngineMaterials/Substrate/GLints/dict_16_192_64_0p5_0p02_0042_0005" 6072
"/Engine/EngineMaterials/Substrate/GLints/dict_16_192_64_0p5_0p02_0042_0004" 6073
"/Engine/EngineMaterials/Substrate/GLints/dict_16_192_64_0p5_0p02_0042_0003" 6074
"/Engine/EngineMaterials/Substrate/GLints/dict_16_192_64_0p5_0p02_0042_0002" 6075
"/Engine/EngineMaterials/Substrate/GLints/dict_16_192_64_0p5_0p02_0042_0001" 6076
"/Engine/EngineMaterials/Substrate/GLints/dict_16_192_64_0p5_0p02_0042_0000" 6077
"../../../Engine/Content/EngineMaterials/Substrate/GLints/dict_16_192_64_0p5_0p02_0044_0000.uasset" 6078
"../../../Engine/Content/EngineMaterials/Substrate/GLints/dict_16_192_64_0p5_0p02_0044_0001.uasset" 6079
"../../../Engine/Content/EngineMaterials/Substrate/GLints/dict_16_192_64_0p5_0p02_0044_0006.uasset" 6080
"../../../Engine/Content/EngineMaterials/Substrate/GLints/dict_16_192_64_0p5_0p02_0044_0002.uasset" 6081
"../../../Engine/Content/EngineMaterials/Substrate/GLints/dict_16_192_64_0p5_0p02_0044_0003.uasset" 6082
"../../../Engine/Content/EngineMaterials/Substrate/GLints/dict_16_192_64_0p5_0p02_0044_0008.uasset" 6083
"../../../Engine/Content/EngineMaterials/Substrate/GLints/dict_16_192_64_0p5_0p02_0044_0007.uasset" 6084
"/Engine/EngineMaterials/Substrate/GLints/dict_16_192_64_0p5_0p02_0043_0015" 6085
"../../../Engine/Content/EngineMaterials/Substrate/GLints/dict_16_192_64_0p5_0p02_0044_0005.uasset" 6086
"../../../Engine/Content/EngineMaterials/Substrate/GLints/dict_16_192_64_0p5_0p02_0044_0004.uasset" 6087
"../../../Engine/Content/EngineMaterials/Substrate/GLints/dict_16_192_64_0p5_0p02_0044_0009.uasset" 6088
"../../../Engine/Content/EngineMaterials/Substrate/GLints/dict_16_192_64_0p5_0p02_0044_0010.uasset" 6089
"../../../Engine/Content/EngineMaterials/Substrate/GLints/dict_16_192_64_0p5_0p02_0044_0011.uasset" 6090
"../../../Engine/Content/EngineMaterials/Substrate/GLints/dict_16_192_64_0p5_0p02_0044_0013.uasset" 6091
"../../../Engine/Content/EngineMaterials/Substrate/GLints/dict_16_192_64_0p5_0p02_0044_0012.uasset" 6092
"/Engine/EngineMaterials/Substrate/GLints/dict_16_192_64_0p5_0p02_0043_0014" 6093
"/Engine/EngineMaterials/Substrate/GLints/dict_16_192_64_0p5_0p02_0043_0013" 6094
"/Engine/EngineMaterials/Substrate/GLints/dict_16_192_64_0p5_0p02_0043_0012" 6095
"/Engine/EngineMaterials/Substrate/GLints/dict_16_192_64_0p5_0p02_0043_0011" 6096
"/Engine/EngineMaterials/Substrate/GLints/dict_16_192_64_0p5_0p02_0043_0010" 6097
"/Engine/EngineMaterials/Substrate/GLints/dict_16_192_64_0p5_0p02_0043_0009" 6098
"/Engine/EngineMaterials/Substrate/GLints/dict_16_192_64_0p5_0p02_0043_0008" 6099
"/Engine/EngineMaterials/Substrate/GLints/dict_16_192_64_0p5_0p02_0043_0007" 6100
"/Engine/EngineMaterials/Substrate/GLints/dict_16_192_64_0p5_0p02_0043_0006" 6101
"/Engine/EngineMaterials/Substrate/GLints/dict_16_192_64_0p5_0p02_0043_0005" 6102
"/Engine/EngineMaterials/Substrate/GLints/dict_16_192_64_0p5_0p02_0043_0004" 6103
"/Engine/EngineMaterials/Substrate/GLints/dict_16_192_64_0p5_0p02_0043_0003" 6104
"/Engine/EngineMaterials/Substrate/GLints/dict_16_192_64_0p5_0p02_0043_0002" 6105
"/Engine/EngineMaterials/Substrate/GLints/dict_16_192_64_0p5_0p02_0043_0001" 6106
"/Engine/EngineMaterials/Substrate/GLints/dict_16_192_64_0p5_0p02_0043_0000" 6107
"/Engine/EngineMaterials/Substrate/GLints/dict_16_192_64_0p5_0p02_0042_0015" 6108
"/Engine/EngineMaterials/Substrate/GLints/dict_16_192_64_0p5_0p02_0042_0014" 6109
"../../../Engine/Content/EngineMaterials/Substrate/GLints/dict_16_192_64_0p5_0p02_0045_0003.uasset" 6110
"../../../Engine/Content/EngineMaterials/Substrate/GLints/dict_16_192_64_0p5_0p02_0044_0014.uasset" 6111
"../../../Engine/Content/EngineMaterials/Substrate/GLints/dict_16_192_64_0p5_0p02_0044_0015.uasset" 6112
"../../../Engine/Content/EngineMaterials/Substrate/GLints/dict_16_192_64_0p5_0p02_0045_0000.uasset" 6113
"../../../Engine/Content/EngineMaterials/Substrate/GLints/dict_16_192_64_0p5_0p02_0045_0006.uasset" 6114
"../../../Engine/Content/EngineMaterials/Substrate/GLints/dict_16_192_64_0p5_0p02_0045_0004.uasset" 6115
"../../../Engine/Content/EngineMaterials/Substrate/GLints/dict_16_192_64_0p5_0p02_0045_0007.uasset" 6116
"/Engine/EngineMaterials/Substrate/GLints/dict_16_192_64_0p5_0p02_0044_0013" 6117
"../../../Engine/Content/EngineMaterials/Substrate/GLints/dict_16_192_64_0p5_0p02_0045_0005.uasset" 6118
"../../../Engine/Content/EngineMaterials/Substrate/GLints/dict_16_192_64_0p5_0p02_0045_0002.uasset" 6119
"../../../Engine/Content/EngineMaterials/Substrate/GLints/dict_16_192_64_0p5_0p02_0045_0001.uasset" 6120
"../../../Engine/Content/EngineMaterials/Substrate/GLints/dict_16_192_64_0p5_0p02_0045_0008.uasset" 6121
"../../../Engine/Content/EngineMaterials/Substrate/GLints/dict_16_192_64_0p5_0p02_0045_0009.uasset" 6122
"../../../Engine/Content/EngineMaterials/Substrate/GLints/dict_16_192_64_0p5_0p02_0045_0010.uasset" 6123
"../../../Engine/Content/EngineMaterials/Substrate/GLints/dict_16_192_64_0p5_0p02_0045_0011.uasset" 6124
"../../../Engine/Content/EngineMaterials/Substrate/GLints/dict_16_192_64_0p5_0p02_0045_0012.uasset" 6125
"../../../Engine/Content/EngineMaterials/Substrate/GLints/dict_16_192_64_0p5_0p02_0045_0014.uasset" 6126
"../../../Engine/Content/EngineMaterials/Substrate/GLints/dict_16_192_64_0p5_0p02_0045_0015.uasset" 6127
"../../../Engine/Content/EngineMaterials/Substrate/GLints/dict_16_192_64_0p5_0p02_0045_0013.uasset" 6128
"/Engine/EngineMaterials/Substrate/GLints/dict_16_192_64_0p5_0p02_0044_0012" 6129
"/Engine/EngineMaterials/Substrate/GLints/dict_16_192_64_0p5_0p02_0044_0011" 6130
"/Engine/EngineMaterials/Substrate/GLints/dict_16_192_64_0p5_0p02_0044_0010" 6131
"/Engine/EngineMaterials/Substrate/GLints/dict_16_192_64_0p5_0p02_0044_0009" 6132
"/Engine/EngineMaterials/Substrate/GLints/dict_16_192_64_0p5_0p02_0044_0008" 6133
"/Engine/EngineMaterials/Substrate/GLints/dict_16_192_64_0p5_0p02_0044_0007" 6134
"/Engine/EngineMaterials/Substrate/GLints/dict_16_192_64_0p5_0p02_0044_0006" 6135
"/Engine/EngineMaterials/Substrate/GLints/dict_16_192_64_0p5_0p02_0044_0005" 6136
"/Engine/EngineMaterials/Substrate/GLints/dict_16_192_64_0p5_0p02_0044_0004" 6137
"/Engine/EngineMaterials/Substrate/GLints/dict_16_192_64_0p5_0p02_0044_0003" 6138
"/Engine/EngineMaterials/Substrate/GLints/dict_16_192_64_0p5_0p02_0044_0002" 6139
"/Engine/EngineMaterials/Substrate/GLints/dict_16_192_64_0p5_0p02_0044_0001" 6140
"/Engine/EngineMaterials/Substrate/GLints/dict_16_192_64_0p5_0p02_0044_0000" 6141
"../../../Engine/Content/EngineMaterials/Substrate/GLints/dict_16_192_64_0p5_0p02_0046_0001.uasset" 6142
"../../../Engine/Content/EngineMaterials/Substrate/GLints/dict_16_192_64_0p5_0p02_0046_0004.uasset" 6143
"../../../Engine/Content/EngineMaterials/Substrate/GLints/dict_16_192_64_0p5_0p02_0046_0003.uasset" 6144
"../../../Engine/Content/EngineMaterials/Substrate/GLints/dict_16_192_64_0p5_0p02_0046_0007.uasset" 6145
"../../../Engine/Content/EngineMaterials/Substrate/GLints/dict_16_192_64_0p5_0p02_0046_0006.uasset" 6146
"../../../Engine/Content/EngineMaterials/Substrate/GLints/dict_16_192_64_0p5_0p02_0046_0000.uasset" 6147
"/Engine/EngineMaterials/Substrate/GLints/dict_16_192_64_0p5_0p02_0045_0015" 6148
"../../../Engine/Content/EngineMaterials/Substrate/GLints/dict_16_192_64_0p5_0p02_0046_0011.uasset" 6149
"../../../Engine/Content/EngineMaterials/Substrate/GLints/dict_16_192_64_0p5_0p02_0046_0008.uasset" 6150
"../../../Engine/Content/EngineMaterials/Substrate/GLints/dict_16_192_64_0p5_0p02_0046_0002.uasset" 6151
"../../../Engine/Content/EngineMaterials/Substrate/GLints/dict_16_192_64_0p5_0p02_0046_0013.uasset" 6152
"../../../Engine/Content/EngineMaterials/Substrate/GLints/dict_16_192_64_0p5_0p02_0046_0005.uasset" 6153
"../../../Engine/Content/EngineMaterials/Substrate/GLints/dict_16_192_64_0p5_0p02_0046_0012.uasset" 6154
"../../../Engine/Content/EngineMaterials/Substrate/GLints/dict_16_192_64_0p5_0p02_0046_0009.uasset" 6155
"../../../Engine/Content/EngineMaterials/Substrate/GLints/dict_16_192_64_0p5_0p02_0046_0010.uasset" 6156
"/Engine/EngineMaterials/Substrate/GLints/dict_16_192_64_0p5_0p02_0045_0014" 6157
"/Engine/EngineMaterials/Substrate/GLints/dict_16_192_64_0p5_0p02_0045_0013" 6158
"/Engine/EngineMaterials/Substrate/GLints/dict_16_192_64_0p5_0p02_0045_0012" 6159
"/Engine/EngineMaterials/Substrate/GLints/dict_16_192_64_0p5_0p02_0045_0011" 6160
"/Engine/EngineMaterials/Substrate/GLints/dict_16_192_64_0p5_0p02_0045_0010" 6161
"/Engine/EngineMaterials/Substrate/GLints/dict_16_192_64_0p5_0p02_0045_0009" 6162
"/Engine/EngineMaterials/Substrate/GLints/dict_16_192_64_0p5_0p02_0045_0008" 6163
"/Engine/EngineMaterials/Substrate/GLints/dict_16_192_64_0p5_0p02_0045_0007" 6164
"/Engine/EngineMaterials/Substrate/GLints/dict_16_192_64_0p5_0p02_0045_0006" 6165
"/Engine/EngineMaterials/Substrate/GLints/dict_16_192_64_0p5_0p02_0045_0005" 6166
"/Engine/EngineMaterials/Substrate/GLints/dict_16_192_64_0p5_0p02_0045_0004" 6167
"/Engine/EngineMaterials/Substrate/GLints/dict_16_192_64_0p5_0p02_0045_0003" 6168
"/Engine/EngineMaterials/Substrate/GLints/dict_16_192_64_0p5_0p02_0045_0002" 6169
"/Engine/EngineMaterials/Substrate/GLints/dict_16_192_64_0p5_0p02_0045_0001" 6170
"/Engine/EngineMaterials/Substrate/GLints/dict_16_192_64_0p5_0p02_0045_0000" 6171
"/Engine/EngineMaterials/Substrate/GLints/dict_16_192_64_0p5_0p02_0044_0015" 6172
"/Engine/EngineMaterials/Substrate/GLints/dict_16_192_64_0p5_0p02_0044_0014" 6173
"../../../Engine/Content/EngineMaterials/Substrate/GLints/dict_16_192_64_0p5_0p02_0047_0004.uasset" 6174
"../../../Engine/Content/EngineMaterials/Substrate/GLints/dict_16_192_64_0p5_0p02_0047_0007.uasset" 6175
"../../../Engine/Content/EngineMaterials/Substrate/GLints/dict_16_192_64_0p5_0p02_0047_0001.uasset" 6176
"../../../Engine/Content/EngineMaterials/Substrate/GLints/dict_16_192_64_0p5_0p02_0047_0003.uasset" 6177
"../../../Engine/Content/EngineMaterials/Substrate/GLints/dict_16_192_64_0p5_0p02_0046_0014.uasset" 6178
"../../../Engine/Content/EngineMaterials/Substrate/GLints/dict_16_192_64_0p5_0p02_0047_0005.uasset" 6179
"../../../Engine/Content/EngineMaterials/Substrate/GLints/dict_16_192_64_0p5_0p02_0047_0002.uasset" 6180
"../../../Engine/Content/EngineMaterials/Substrate/GLints/dict_16_192_64_0p5_0p02_0047_0000.uasset" 6181
"../../../Engine/Content/EngineMaterials/Substrate/GLints/dict_16_192_64_0p5_0p02_0046_0015.uasset" 6182
"../../../Engine/Content/EngineMaterials/Substrate/GLints/dict_16_192_64_0p5_0p02_0047_0006.uasset" 6183
"/Engine/EngineMaterials/Substrate/GLints/dict_16_192_64_0p5_0p02_0046_0013" 6184
"../../../Engine/Content/EngineMaterials/Substrate/GLints/dict_16_192_64_0p5_0p02_0047_0009.uasset" 6185
"../../../Engine/Content/EngineMaterials/Substrate/GLints/dict_16_192_64_0p5_0p02_0047_0008.uasset" 6186
"../../../Engine/Content/EngineMaterials/Substrate/GLints/dict_16_192_64_0p5_0p02_0047_0010.uasset" 6187
"../../../Engine/Content/EngineMaterials/Substrate/GLints/dict_16_192_64_0p5_0p02_0047_0011.uasset" 6188
"../../../Engine/Content/EngineMaterials/Substrate/GLints/dict_16_192_64_0p5_0p02_0047_0013.uasset" 6189
"../../../Engine/Content/EngineMaterials/Substrate/GLints/dict_16_192_64_0p5_0p02_0047_0012.uasset" 6190
"../../../Engine/Content/EngineMaterials/Substrate/GLints/dict_16_192_64_0p5_0p02_0047_0015.uasset" 6191
"../../../Engine/Content/EngineMaterials/Substrate/GLints/dict_16_192_64_0p5_0p02_0047_0014.uasset" 6192
"/Engine/EngineMaterials/Substrate/GLints/dict_16_192_64_0p5_0p02_0046_0012" 6193
"/Engine/EngineMaterials/Substrate/GLints/dict_16_192_64_0p5_0p02_0046_0011" 6194
"/Engine/EngineMaterials/Substrate/GLints/dict_16_192_64_0p5_0p02_0046_0010" 6195
"/Engine/EngineMaterials/Substrate/GLints/dict_16_192_64_0p5_0p02_0046_0009" 6196
"/Engine/EngineMaterials/Substrate/GLints/dict_16_192_64_0p5_0p02_0046_0008" 6197
"/Engine/EngineMaterials/Substrate/GLints/dict_16_192_64_0p5_0p02_0046_0007" 6198
"/Engine/EngineMaterials/Substrate/GLints/dict_16_192_64_0p5_0p02_0046_0006" 6199
"/Engine/EngineMaterials/Substrate/GLints/dict_16_192_64_0p5_0p02_0046_0005" 6200
"/Engine/EngineMaterials/Substrate/GLints/dict_16_192_64_0p5_0p02_0046_0004" 6201
"/Engine/EngineMaterials/Substrate/GLints/dict_16_192_64_0p5_0p02_0046_0003" 6202
"/Engine/EngineMaterials/Substrate/GLints/dict_16_192_64_0p5_0p02_0046_0002" 6203
"/Engine/EngineMaterials/Substrate/GLints/dict_16_192_64_0p5_0p02_0046_0001" 6204
"/Engine/EngineMaterials/Substrate/GLints/dict_16_192_64_0p5_0p02_0046_0000" 6205
"../../../Engine/Content/EngineMaterials/Substrate/GLints/dict_16_192_64_0p5_0p02_0048_0001.uasset" 6206
"../../../Engine/Content/EngineMaterials/Substrate/GLints/dict_16_192_64_0p5_0p02_0048_0004.uasset" 6207
"../../../Engine/Content/EngineMaterials/Substrate/GLints/dict_16_192_64_0p5_0p02_0048_0000.uasset" 6208
"../../../Engine/Content/EngineMaterials/Substrate/GLints/dict_16_192_64_0p5_0p02_0048_0008.uasset" 6209
"/Engine/EngineMaterials/Substrate/GLints/dict_16_192_64_0p5_0p02_0047_0015" 6210
"../../../Engine/Content/EngineMaterials/Substrate/GLints/dict_16_192_64_0p5_0p02_0048_0002.uasset" 6211
"../../../Engine/Content/EngineMaterials/Substrate/GLints/dict_16_192_64_0p5_0p02_0048_0006.uasset" 6212
"../../../Engine/Content/EngineMaterials/Substrate/GLints/dict_16_192_64_0p5_0p02_0048_0005.uasset" 6213
"../../../Engine/Content/EngineMaterials/Substrate/GLints/dict_16_192_64_0p5_0p02_0048_0003.uasset" 6214
"../../../Engine/Content/EngineMaterials/Substrate/GLints/dict_16_192_64_0p5_0p02_0048_0007.uasset" 6215
"../../../Engine/Content/EngineMaterials/Substrate/GLints/dict_16_192_64_0p5_0p02_0048_0009.uasset" 6216
"../../../Engine/Content/EngineMaterials/Substrate/GLints/dict_16_192_64_0p5_0p02_0048_0011.uasset" 6217
"../../../Engine/Content/EngineMaterials/Substrate/GLints/dict_16_192_64_0p5_0p02_0048_0013.uasset" 6218
"../../../Engine/Content/EngineMaterials/Substrate/GLints/dict_16_192_64_0p5_0p02_0048_0012.uasset" 6219
"../../../Engine/Content/EngineMaterials/Substrate/GLints/dict_16_192_64_0p5_0p02_0048_0010.uasset" 6220
"/Engine/EngineMaterials/Substrate/GLints/dict_16_192_64_0p5_0p02_0047_0014" 6221
"/Engine/EngineMaterials/Substrate/GLints/dict_16_192_64_0p5_0p02_0047_0013" 6222
"/Engine/EngineMaterials/Substrate/GLints/dict_16_192_64_0p5_0p02_0047_0012" 6223
"/Engine/EngineMaterials/Substrate/GLints/dict_16_192_64_0p5_0p02_0047_0011" 6224
"/Engine/EngineMaterials/Substrate/GLints/dict_16_192_64_0p5_0p02_0047_0010" 6225
"/Engine/EngineMaterials/Substrate/GLints/dict_16_192_64_0p5_0p02_0047_0009" 6226
"/Engine/EngineMaterials/Substrate/GLints/dict_16_192_64_0p5_0p02_0047_0008" 6227
"/Engine/EngineMaterials/Substrate/GLints/dict_16_192_64_0p5_0p02_0047_0007" 6228
"/Engine/EngineMaterials/Substrate/GLints/dict_16_192_64_0p5_0p02_0047_0006" 6229
"/Engine/EngineMaterials/Substrate/GLints/dict_16_192_64_0p5_0p02_0047_0005" 6230
"/Engine/EngineMaterials/Substrate/GLints/dict_16_192_64_0p5_0p02_0047_0004" 6231
"/Engine/EngineMaterials/Substrate/GLints/dict_16_192_64_0p5_0p02_0047_0003" 6232
"/Engine/EngineMaterials/Substrate/GLints/dict_16_192_64_0p5_0p02_0047_0002" 6233
"/Engine/EngineMaterials/Substrate/GLints/dict_16_192_64_0p5_0p02_0047_0001" 6234
"/Engine/EngineMaterials/Substrate/GLints/dict_16_192_64_0p5_0p02_0047_0000" 6235
"/Engine/EngineMaterials/Substrate/GLints/dict_16_192_64_0p5_0p02_0046_0015" 6236
"/Engine/EngineMaterials/Substrate/GLints/dict_16_192_64_0p5_0p02_0046_0014" 6237
"../../../Engine/Content/EngineMaterials/Substrate/GLints/dict_16_192_64_0p5_0p02_0048_0014.uasset" 6238
"../../../Engine/Content/EngineMaterials/Substrate/GLints/dict_16_192_64_0p5_0p02_0049_0000.uasset" 6239
"../../../Engine/Content/EngineMaterials/Substrate/GLints/dict_16_192_64_0p5_0p02_0049_0002.uasset" 6240
"../../../Engine/Content/EngineMaterials/Substrate/GLints/dict_16_192_64_0p5_0p02_0049_0004.uasset" 6241
"/Engine/EngineMaterials/Substrate/GLints/dict_16_192_64_0p5_0p02_0048_0013" 6242
"../../../Engine/Content/EngineMaterials/Substrate/GLints/dict_16_192_64_0p5_0p02_0049_0005.uasset" 6243
"../../../Engine/Content/EngineMaterials/Substrate/GLints/dict_16_192_64_0p5_0p02_0049_0007.uasset" 6244
"../../../Engine/Content/EngineMaterials/Substrate/GLints/dict_16_192_64_0p5_0p02_0049_0003.uasset" 6245
"../../../Engine/Content/EngineMaterials/Substrate/GLints/dict_16_192_64_0p5_0p02_0049_0006.uasset" 6246
"../../../Engine/Content/EngineMaterials/Substrate/GLints/dict_16_192_64_0p5_0p02_0048_0015.uasset" 6247
"../../../Engine/Content/EngineMaterials/Substrate/GLints/dict_16_192_64_0p5_0p02_0049_0001.uasset" 6248
"../../../Engine/Content/EngineMaterials/Substrate/GLints/dict_16_192_64_0p5_0p02_0049_0009.uasset" 6249
"../../../Engine/Content/EngineMaterials/Substrate/GLints/dict_16_192_64_0p5_0p02_0049_0008.uasset" 6250
"../../../Engine/Content/EngineMaterials/Substrate/GLints/dict_16_192_64_0p5_0p02_0049_0010.uasset" 6251
"../../../Engine/Content/EngineMaterials/Substrate/GLints/dict_16_192_64_0p5_0p02_0049_0011.uasset" 6252
"../../../Engine/Content/EngineMaterials/Substrate/GLints/dict_16_192_64_0p5_0p02_0049_0013.uasset" 6253
"/Engine/EngineMaterials/Substrate/GLints/dict_16_192_64_0p5_0p02_0048_0012" 6254
"../../../Engine/Content/EngineMaterials/Substrate/GLints/dict_16_192_64_0p5_0p02_0049_0015.uasset" 6255
"../../../Engine/Content/EngineMaterials/Substrate/GLints/dict_16_192_64_0p5_0p02_0049_0012.uasset" 6256
"../../../Engine/Content/EngineMaterials/Substrate/GLints/dict_16_192_64_0p5_0p02_0049_0014.uasset" 6257
"/Engine/EngineMaterials/Substrate/GLints/dict_16_192_64_0p5_0p02_0048_0011" 6258
"/Engine/EngineMaterials/Substrate/GLints/dict_16_192_64_0p5_0p02_0048_0010" 6259
"/Engine/EngineMaterials/Substrate/GLints/dict_16_192_64_0p5_0p02_0048_0009" 6260
"/Engine/EngineMaterials/Substrate/GLints/dict_16_192_64_0p5_0p02_0048_0008" 6261
"/Engine/EngineMaterials/Substrate/GLints/dict_16_192_64_0p5_0p02_0048_0007" 6262
"/Engine/EngineMaterials/Substrate/GLints/dict_16_192_64_0p5_0p02_0048_0006" 6263
"/Engine/EngineMaterials/Substrate/GLints/dict_16_192_64_0p5_0p02_0048_0005" 6264
"/Engine/EngineMaterials/Substrate/GLints/dict_16_192_64_0p5_0p02_0048_0004" 6265
"/Engine/EngineMaterials/Substrate/GLints/dict_16_192_64_0p5_0p02_0048_0003" 6266
"/Engine/EngineMaterials/Substrate/GLints/dict_16_192_64_0p5_0p02_0048_0002" 6267
"/Engine/EngineMaterials/Substrate/GLints/dict_16_192_64_0p5_0p02_0048_0001" 6268
"/Engine/EngineMaterials/Substrate/GLints/dict_16_192_64_0p5_0p02_0048_0000" 6269
"../../../Engine/Content/EngineMaterials/Substrate/GLints/dict_16_192_64_0p5_0p02_0050_0006.uasset" 6270
"../../../Engine/Content/EngineMaterials/Substrate/GLints/dict_16_192_64_0p5_0p02_0050_0005.uasset" 6271
"../../../Engine/Content/EngineMaterials/Substrate/GLints/dict_16_192_64_0p5_0p02_0050_0003.uasset" 6272
"../../../Engine/Content/EngineMaterials/Substrate/GLints/dict_16_192_64_0p5_0p02_0050_0009.uasset" 6273
"../../../Engine/Content/EngineMaterials/Substrate/GLints/dict_16_192_64_0p5_0p02_0050_0004.uasset" 6274
"../../../Engine/Content/EngineMaterials/Substrate/GLints/dict_16_192_64_0p5_0p02_0050_0007.uasset" 6275
"../../../Engine/Content/EngineMaterials/Substrate/GLints/dict_16_192_64_0p5_0p02_0050_0002.uasset" 6276
"../../../Engine/Content/EngineMaterials/Substrate/GLints/dict_16_192_64_0p5_0p02_0050_0000.uasset" 6277
"../../../Engine/Content/EngineMaterials/Substrate/GLints/dict_16_192_64_0p5_0p02_0050_0001.uasset" 6278
"/Engine/EngineMaterials/Substrate/GLints/dict_16_192_64_0p5_0p02_0049_0015" 6279
"../../../Engine/Content/EngineMaterials/Substrate/GLints/dict_16_192_64_0p5_0p02_0050_0008.uasset" 6280
"../../../Engine/Content/EngineMaterials/Substrate/GLints/dict_16_192_64_0p5_0p02_0050_0010.uasset" 6281
"../../../Engine/Content/EngineMaterials/Substrate/GLints/dict_16_192_64_0p5_0p02_0050_0011.uasset" 6282
"../../../Engine/Content/EngineMaterials/Substrate/GLints/dict_16_192_64_0p5_0p02_0050_0012.uasset" 6283
"../../../Engine/Content/EngineMaterials/Substrate/GLints/dict_16_192_64_0p5_0p02_0050_0013.uasset" 6284
"/Engine/EngineMaterials/Substrate/GLints/dict_16_192_64_0p5_0p02_0049_0014" 6285
"/Engine/EngineMaterials/Substrate/GLints/dict_16_192_64_0p5_0p02_0049_0013" 6286
"/Engine/EngineMaterials/Substrate/GLints/dict_16_192_64_0p5_0p02_0049_0012" 6287
"/Engine/EngineMaterials/Substrate/GLints/dict_16_192_64_0p5_0p02_0049_0011" 6288
"/Engine/EngineMaterials/Substrate/GLints/dict_16_192_64_0p5_0p02_0049_0010" 6289
"/Engine/EngineMaterials/Substrate/GLints/dict_16_192_64_0p5_0p02_0049_0009" 6290
"/Engine/EngineMaterials/Substrate/GLints/dict_16_192_64_0p5_0p02_0049_0008" 6291
"/Engine/EngineMaterials/Substrate/GLints/dict_16_192_64_0p5_0p02_0049_0007" 6292
"/Engine/EngineMaterials/Substrate/GLints/dict_16_192_64_0p5_0p02_0049_0006" 6293
"/Engine/EngineMaterials/Substrate/GLints/dict_16_192_64_0p5_0p02_0049_0005" 6294
"/Engine/EngineMaterials/Substrate/GLints/dict_16_192_64_0p5_0p02_0049_0004" 6295
"/Engine/EngineMaterials/Substrate/GLints/dict_16_192_64_0p5_0p02_0049_0003" 6296
"/Engine/EngineMaterials/Substrate/GLints/dict_16_192_64_0p5_0p02_0049_0002" 6297
"/Engine/EngineMaterials/Substrate/GLints/dict_16_192_64_0p5_0p02_0049_0001" 6298
"/Engine/EngineMaterials/Substrate/GLints/dict_16_192_64_0p5_0p02_0049_0000" 6299
"/Engine/EngineMaterials/Substrate/GLints/dict_16_192_64_0p5_0p02_0048_0015" 6300
"/Engine/EngineMaterials/Substrate/GLints/dict_16_192_64_0p5_0p02_0048_0014" 6301
"/Engine/EngineMaterials/Substrate/GLints/dict_16_192_64_0p5_0p02_0050_0013" 6302
"../../../Engine/Content/EngineMaterials/Substrate/GLints/dict_16_192_64_0p5_0p02_0050_0014.uasset" 6303
"../../../Engine/Content/EngineMaterials/Substrate/GLints/dict_16_192_64_0p5_0p02_0051_0000.uasset" 6304
"../../../Engine/Content/EngineMaterials/Substrate/GLints/dict_16_192_64_0p5_0p02_0051_0002.uasset" 6305
"../../../Engine/Content/EngineMaterials/Substrate/GLints/dict_16_192_64_0p5_0p02_0051_0003.uasset" 6306
"../../../Engine/Content/EngineMaterials/Substrate/GLints/dict_16_192_64_0p5_0p02_0051_0007.uasset" 6307
"../../../Engine/Content/EngineMaterials/Substrate/GLints/dict_16_192_64_0p5_0p02_0050_0015.uasset" 6308
"../../../Engine/Content/EngineMaterials/Substrate/GLints/dict_16_192_64_0p5_0p02_0051_0001.uasset" 6309
"../../../Engine/Content/EngineMaterials/Substrate/GLints/dict_16_192_64_0p5_0p02_0051_0004.uasset" 6310
"../../../Engine/Content/EngineMaterials/Substrate/GLints/dict_16_192_64_0p5_0p02_0051_0005.uasset" 6311
"../../../Engine/Content/EngineMaterials/Substrate/GLints/dict_16_192_64_0p5_0p02_0051_0008.uasset" 6312
"../../../Engine/Content/EngineMaterials/Substrate/GLints/dict_16_192_64_0p5_0p02_0051_0006.uasset" 6313
"../../../Engine/Content/EngineMaterials/Substrate/GLints/dict_16_192_64_0p5_0p02_0051_0009.uasset" 6314
"../../../Engine/Content/EngineMaterials/Substrate/GLints/dict_16_192_64_0p5_0p02_0051_0011.uasset" 6315
"../../../Engine/Content/EngineMaterials/Substrate/GLints/dict_16_192_64_0p5_0p02_0051_0010.uasset" 6316
"../../../Engine/Content/EngineMaterials/Substrate/GLints/dict_16_192_64_0p5_0p02_0051_0012.uasset" 6317
"/Engine/EngineMaterials/Substrate/GLints/dict_16_192_64_0p5_0p02_0050_0012" 6318
"../../../Engine/Content/EngineMaterials/Substrate/GLints/dict_16_192_64_0p5_0p02_0051_0014.uasset" 6319
"../../../Engine/Content/EngineMaterials/Substrate/GLints/dict_16_192_64_0p5_0p02_0051_0015.uasset" 6320
"../../../Engine/Content/EngineMaterials/Substrate/GLints/dict_16_192_64_0p5_0p02_0051_0013.uasset" 6321
"/Engine/EngineMaterials/Substrate/GLints/dict_16_192_64_0p5_0p02_0050_0011" 6322
"/Engine/EngineMaterials/Substrate/GLints/dict_16_192_64_0p5_0p02_0050_0010" 6323
"/Engine/EngineMaterials/Substrate/GLints/dict_16_192_64_0p5_0p02_0050_0009" 6324
"/Engine/EngineMaterials/Substrate/GLints/dict_16_192_64_0p5_0p02_0050_0008" 6325
"/Engine/EngineMaterials/Substrate/GLints/dict_16_192_64_0p5_0p02_0050_0007" 6326
"/Engine/EngineMaterials/Substrate/GLints/dict_16_192_64_0p5_0p02_0050_0006" 6327
"/Engine/EngineMaterials/Substrate/GLints/dict_16_192_64_0p5_0p02_0050_0005" 6328
"/Engine/EngineMaterials/Substrate/GLints/dict_16_192_64_0p5_0p02_0050_0004" 6329
"/Engine/EngineMaterials/Substrate/GLints/dict_16_192_64_0p5_0p02_0050_0003" 6330
"/Engine/EngineMaterials/Substrate/GLints/dict_16_192_64_0p5_0p02_0050_0002" 6331
"/Engine/EngineMaterials/Substrate/GLints/dict_16_192_64_0p5_0p02_0050_0001" 6332
"/Engine/EngineMaterials/Substrate/GLints/dict_16_192_64_0p5_0p02_0050_0000" 6333
"../../../Engine/Content/EngineMaterials/Substrate/GLints/dict_16_192_64_0p5_0p02_0052_0004.uasset" 6334
"../../../Engine/Content/EngineMaterials/Substrate/GLints/dict_16_192_64_0p5_0p02_0052_0000.uasset" 6335
"../../../Engine/Content/EngineMaterials/Substrate/GLints/dict_16_192_64_0p5_0p02_0052_0002.uasset" 6336
"../../../Engine/Content/EngineMaterials/Substrate/GLints/dict_16_192_64_0p5_0p02_0052_0005.uasset" 6337
"/Engine/EngineMaterials/Substrate/GLints/dict_16_192_64_0p5_0p02_0051_0015" 6338
"../../../Engine/Content/EngineMaterials/Substrate/GLints/dict_16_192_64_0p5_0p02_0052_0001.uasset" 6339
"../../../Engine/Content/EngineMaterials/Substrate/GLints/dict_16_192_64_0p5_0p02_0052_0006.uasset" 6340
"../../../Engine/Content/EngineMaterials/Substrate/GLints/dict_16_192_64_0p5_0p02_0052_0007.uasset" 6341
"../../../Engine/Content/EngineMaterials/Substrate/GLints/dict_16_192_64_0p5_0p02_0052_0008.uasset" 6342
"../../../Engine/Content/EngineMaterials/Substrate/GLints/dict_16_192_64_0p5_0p02_0052_0009.uasset" 6343
"../../../Engine/Content/EngineMaterials/Substrate/GLints/dict_16_192_64_0p5_0p02_0052_0003.uasset" 6344
"../../../Engine/Content/EngineMaterials/Substrate/GLints/dict_16_192_64_0p5_0p02_0052_0010.uasset" 6345
"../../../Engine/Content/EngineMaterials/Substrate/GLints/dict_16_192_64_0p5_0p02_0052_0011.uasset" 6346
"../../../Engine/Content/EngineMaterials/Substrate/GLints/dict_16_192_64_0p5_0p02_0052_0012.uasset" 6347
"../../../Engine/Content/EngineMaterials/Substrate/GLints/dict_16_192_64_0p5_0p02_0052_0013.uasset" 6348
"/Engine/EngineMaterials/Substrate/GLints/dict_16_192_64_0p5_0p02_0051_0014" 6349
"/Engine/EngineMaterials/Substrate/GLints/dict_16_192_64_0p5_0p02_0051_0013" 6350
"/Engine/EngineMaterials/Substrate/GLints/dict_16_192_64_0p5_0p02_0051_0012" 6351
"/Engine/EngineMaterials/Substrate/GLints/dict_16_192_64_0p5_0p02_0051_0011" 6352
"/Engine/EngineMaterials/Substrate/GLints/dict_16_192_64_0p5_0p02_0051_0010" 6353
"/Engine/EngineMaterials/Substrate/GLints/dict_16_192_64_0p5_0p02_0051_0009" 6354
"/Engine/EngineMaterials/Substrate/GLints/dict_16_192_64_0p5_0p02_0051_0008" 6355
"/Engine/EngineMaterials/Substrate/GLints/dict_16_192_64_0p5_0p02_0051_0007" 6356
"/Engine/EngineMaterials/Substrate/GLints/dict_16_192_64_0p5_0p02_0051_0006" 6357
"/Engine/EngineMaterials/Substrate/GLints/dict_16_192_64_0p5_0p02_0051_0005" 6358
"/Engine/EngineMaterials/Substrate/GLints/dict_16_192_64_0p5_0p02_0051_0004" 6359
"/Engine/EngineMaterials/Substrate/GLints/dict_16_192_64_0p5_0p02_0051_0003" 6360
"/Engine/EngineMaterials/Substrate/GLints/dict_16_192_64_0p5_0p02_0051_0002" 6361
"/Engine/EngineMaterials/Substrate/GLints/dict_16_192_64_0p5_0p02_0051_0001" 6362
"/Engine/EngineMaterials/Substrate/GLints/dict_16_192_64_0p5_0p02_0051_0000" 6363
"/Engine/EngineMaterials/Substrate/GLints/dict_16_192_64_0p5_0p02_0050_0015" 6364
"/Engine/EngineMaterials/Substrate/GLints/dict_16_192_64_0p5_0p02_0050_0014" 6365
"../../../Engine/Content/EngineMaterials/Substrate/GLints/dict_16_192_64_0p5_0p02_0053_0000.uasset" 6366
"/Engine/EngineMaterials/Substrate/GLints/dict_16_192_64_0p5_0p02_0052_0013" 6367
"../../../Engine/Content/EngineMaterials/Substrate/GLints/dict_16_192_64_0p5_0p02_0052_0015.uasset" 6368
"../../../Engine/Content/EngineMaterials/Substrate/GLints/dict_16_192_64_0p5_0p02_0053_0001.uasset" 6369
"../../../Engine/Content/EngineMaterials/Substrate/GLints/dict_16_192_64_0p5_0p02_0053_0002.uasset" 6370
"../../../Engine/Content/EngineMaterials/Substrate/GLints/dict_16_192_64_0p5_0p02_0052_0014.uasset" 6371
"../../../Engine/Content/EngineMaterials/Substrate/GLints/dict_16_192_64_0p5_0p02_0053_0004.uasset" 6372
"../../../Engine/Content/EngineMaterials/Substrate/GLints/dict_16_192_64_0p5_0p02_0053_0006.uasset" 6373
"../../../Engine/Content/EngineMaterials/Substrate/GLints/dict_16_192_64_0p5_0p02_0053_0005.uasset" 6374
"../../../Engine/Content/EngineMaterials/Substrate/GLints/dict_16_192_64_0p5_0p02_0053_0007.uasset" 6375
"../../../Engine/Content/EngineMaterials/Substrate/GLints/dict_16_192_64_0p5_0p02_0053_0003.uasset" 6376
"../../../Engine/Content/EngineMaterials/Substrate/GLints/dict_16_192_64_0p5_0p02_0053_0008.uasset" 6377
"../../../Engine/Content/EngineMaterials/Substrate/GLints/dict_16_192_64_0p5_0p02_0053_0010.uasset" 6378
"../../../Engine/Content/EngineMaterials/Substrate/GLints/dict_16_192_64_0p5_0p02_0053_0009.uasset" 6379
"../../../Engine/Content/EngineMaterials/Substrate/GLints/dict_16_192_64_0p5_0p02_0053_0011.uasset" 6380
"../../../Engine/Content/EngineMaterials/Substrate/GLints/dict_16_192_64_0p5_0p02_0053_0012.uasset" 6381
"../../../Engine/Content/EngineMaterials/Substrate/GLints/dict_16_192_64_0p5_0p02_0053_0015.uasset" 6382
"../../../Engine/Content/EngineMaterials/Substrate/GLints/dict_16_192_64_0p5_0p02_0053_0014.uasset" 6383
"/Engine/EngineMaterials/Substrate/GLints/dict_16_192_64_0p5_0p02_0052_0012" 6384
"../../../Engine/Content/EngineMaterials/Substrate/GLints/dict_16_192_64_0p5_0p02_0053_0013.uasset" 6385
"/Engine/EngineMaterials/Substrate/GLints/dict_16_192_64_0p5_0p02_0052_0011" 6386
"/Engine/EngineMaterials/Substrate/GLints/dict_16_192_64_0p5_0p02_0052_0010" 6387
"/Engine/EngineMaterials/Substrate/GLints/dict_16_192_64_0p5_0p02_0052_0009" 6388
"/Engine/EngineMaterials/Substrate/GLints/dict_16_192_64_0p5_0p02_0052_0008" 6389
"/Engine/EngineMaterials/Substrate/GLints/dict_16_192_64_0p5_0p02_0052_0007" 6390
"/Engine/EngineMaterials/Substrate/GLints/dict_16_192_64_0p5_0p02_0052_0006" 6391
"/Engine/EngineMaterials/Substrate/GLints/dict_16_192_64_0p5_0p02_0052_0005" 6392
"/Engine/EngineMaterials/Substrate/GLints/dict_16_192_64_0p5_0p02_0052_0004" 6393
"/Engine/EngineMaterials/Substrate/GLints/dict_16_192_64_0p5_0p02_0052_0003" 6394
"/Engine/EngineMaterials/Substrate/GLints/dict_16_192_64_0p5_0p02_0052_0002" 6395
"/Engine/EngineMaterials/Substrate/GLints/dict_16_192_64_0p5_0p02_0052_0001" 6396
"/Engine/EngineMaterials/Substrate/GLints/dict_16_192_64_0p5_0p02_0052_0000" 6397
"../../../Engine/Content/EngineMaterials/Substrate/GLints/dict_16_192_64_0p5_0p02_0054_0002.uasset" 6398
"../../../Engine/Content/EngineMaterials/Substrate/GLints/dict_16_192_64_0p5_0p02_0054_0006.uasset" 6399
"../../../Engine/Content/EngineMaterials/Substrate/GLints/dict_16_192_64_0p5_0p02_0054_0001.uasset" 6400
"../../../Engine/Content/EngineMaterials/Substrate/GLints/dict_16_192_64_0p5_0p02_0054_0005.uasset" 6401
"../../../Engine/Content/EngineMaterials/Substrate/GLints/dict_16_192_64_0p5_0p02_0054_0004.uasset" 6402
"/Engine/EngineMaterials/Substrate/GLints/dict_16_192_64_0p5_0p02_0053_0015" 6403
"../../../Engine/Content/EngineMaterials/Substrate/GLints/dict_16_192_64_0p5_0p02_0054_0000.uasset" 6404
"../../../Engine/Content/EngineMaterials/Substrate/GLints/dict_16_192_64_0p5_0p02_0054_0009.uasset" 6405
"../../../Engine/Content/EngineMaterials/Substrate/GLints/dict_16_192_64_0p5_0p02_0054_0008.uasset" 6406
"../../../Engine/Content/EngineMaterials/Substrate/GLints/dict_16_192_64_0p5_0p02_0054_0003.uasset" 6407
"../../../Engine/Content/EngineMaterials/Substrate/GLints/dict_16_192_64_0p5_0p02_0054_0007.uasset" 6408
"../../../Engine/Content/EngineMaterials/Substrate/GLints/dict_16_192_64_0p5_0p02_0054_0010.uasset" 6409
"../../../Engine/Content/EngineMaterials/Substrate/GLints/dict_16_192_64_0p5_0p02_0054_0011.uasset" 6410
"../../../Engine/Content/EngineMaterials/Substrate/GLints/dict_16_192_64_0p5_0p02_0054_0012.uasset" 6411
"../../../Engine/Content/EngineMaterials/Substrate/GLints/dict_16_192_64_0p5_0p02_0054_0013.uasset" 6412
"/Engine/EngineMaterials/Substrate/GLints/dict_16_192_64_0p5_0p02_0053_0014" 6413
"/Engine/EngineMaterials/Substrate/GLints/dict_16_192_64_0p5_0p02_0053_0013" 6414
"/Engine/EngineMaterials/Substrate/GLints/dict_16_192_64_0p5_0p02_0053_0012" 6415
"/Engine/EngineMaterials/Substrate/GLints/dict_16_192_64_0p5_0p02_0053_0011" 6416
"/Engine/EngineMaterials/Substrate/GLints/dict_16_192_64_0p5_0p02_0053_0010" 6417
"/Engine/EngineMaterials/Substrate/GLints/dict_16_192_64_0p5_0p02_0053_0009" 6418
"/Engine/EngineMaterials/Substrate/GLints/dict_16_192_64_0p5_0p02_0053_0008" 6419
"/Engine/EngineMaterials/Substrate/GLints/dict_16_192_64_0p5_0p02_0053_0007" 6420
"/Engine/EngineMaterials/Substrate/GLints/dict_16_192_64_0p5_0p02_0053_0006" 6421
"/Engine/EngineMaterials/Substrate/GLints/dict_16_192_64_0p5_0p02_0053_0005" 6422
"/Engine/EngineMaterials/Substrate/GLints/dict_16_192_64_0p5_0p02_0053_0004" 6423
"/Engine/EngineMaterials/Substrate/GLints/dict_16_192_64_0p5_0p02_0053_0003" 6424
"/Engine/EngineMaterials/Substrate/GLints/dict_16_192_64_0p5_0p02_0053_0002" 6425
"/Engine/EngineMaterials/Substrate/GLints/dict_16_192_64_0p5_0p02_0053_0001" 6426
"/Engine/EngineMaterials/Substrate/GLints/dict_16_192_64_0p5_0p02_0053_0000" 6427
"/Engine/EngineMaterials/Substrate/GLints/dict_16_192_64_0p5_0p02_0052_0015" 6428
"/Engine/EngineMaterials/Substrate/GLints/dict_16_192_64_0p5_0p02_0052_0014" 6429
"/Engine/EngineMaterials/Substrate/GLints/dict_16_192_64_0p5_0p02_0054_0013" 6430
"../../../Engine/Content/EngineMaterials/Substrate/GLints/dict_16_192_64_0p5_0p02_0055_0000.uasset" 6431
"../../../Engine/Content/EngineMaterials/Substrate/GLints/dict_16_192_64_0p5_0p02_0055_0002.uasset" 6432
"../../../Engine/Content/EngineMaterials/Substrate/GLints/dict_16_192_64_0p5_0p02_0055_0001.uasset" 6433
"../../../Engine/Content/EngineMaterials/Substrate/GLints/dict_16_192_64_0p5_0p02_0055_0006.uasset" 6434
"../../../Engine/Content/EngineMaterials/Substrate/GLints/dict_16_192_64_0p5_0p02_0055_0004.uasset" 6435
"../../../Engine/Content/EngineMaterials/Substrate/GLints/dict_16_192_64_0p5_0p02_0055_0003.uasset" 6436
"../../../Engine/Content/EngineMaterials/Substrate/GLints/dict_16_192_64_0p5_0p02_0055_0007.uasset" 6437
"../../../Engine/Content/EngineMaterials/Substrate/GLints/dict_16_192_64_0p5_0p02_0054_0015.uasset" 6438
"../../../Engine/Content/EngineMaterials/Substrate/GLints/dict_16_192_64_0p5_0p02_0055_0005.uasset" 6439
"../../../Engine/Content/EngineMaterials/Substrate/GLints/dict_16_192_64_0p5_0p02_0055_0008.uasset" 6440
"../../../Engine/Content/EngineMaterials/Substrate/GLints/dict_16_192_64_0p5_0p02_0054_0014.uasset" 6441
"../../../Engine/Content/EngineMaterials/Substrate/GLints/dict_16_192_64_0p5_0p02_0055_0009.uasset" 6442
"/Engine/EngineMaterials/Substrate/GLints/dict_16_192_64_0p5_0p02_0054_0012" 6443
"../../../Engine/Content/EngineMaterials/Substrate/GLints/dict_16_192_64_0p5_0p02_0055_0010.uasset" 6444
"../../../Engine/Content/EngineMaterials/Substrate/GLints/dict_16_192_64_0p5_0p02_0055_0011.uasset" 6445
"../../../Engine/Content/EngineMaterials/Substrate/GLints/dict_16_192_64_0p5_0p02_0055_0014.uasset" 6446
"../../../Engine/Content/EngineMaterials/Substrate/GLints/dict_16_192_64_0p5_0p02_0055_0013.uasset" 6447
"../../../Engine/Content/EngineMaterials/Substrate/GLints/dict_16_192_64_0p5_0p02_0055_0012.uasset" 6448
"../../../Engine/Content/EngineMaterials/Substrate/GLints/dict_16_192_64_0p5_0p02_0055_0015.uasset" 6449
"/Engine/EngineMaterials/Substrate/GLints/dict_16_192_64_0p5_0p02_0054_0011" 6450
"/Engine/EngineMaterials/Substrate/GLints/dict_16_192_64_0p5_0p02_0054_0010" 6451
"/Engine/EngineMaterials/Substrate/GLints/dict_16_192_64_0p5_0p02_0054_0009" 6452
"/Engine/EngineMaterials/Substrate/GLints/dict_16_192_64_0p5_0p02_0054_0008" 6453
"/Engine/EngineMaterials/Substrate/GLints/dict_16_192_64_0p5_0p02_0054_0007" 6454
"/Engine/EngineMaterials/Substrate/GLints/dict_16_192_64_0p5_0p02_0054_0006" 6455
"/Engine/EngineMaterials/Substrate/GLints/dict_16_192_64_0p5_0p02_0054_0005" 6456
"/Engine/EngineMaterials/Substrate/GLints/dict_16_192_64_0p5_0p02_0054_0004" 6457
"/Engine/EngineMaterials/Substrate/GLints/dict_16_192_64_0p5_0p02_0054_0003" 6458
"/Engine/EngineMaterials/Substrate/GLints/dict_16_192_64_0p5_0p02_0054_0002" 6459
"/Engine/EngineMaterials/Substrate/GLints/dict_16_192_64_0p5_0p02_0054_0001" 6460
"/Engine/EngineMaterials/Substrate/GLints/dict_16_192_64_0p5_0p02_0054_0000" 6461
"../../../Engine/Content/EngineMaterials/Substrate/GLints/dict_16_192_64_0p5_0p02_0056_0007.uasset" 6462
"../../../Engine/Content/EngineMaterials/Substrate/GLints/dict_16_192_64_0p5_0p02_0056_0000.uasset" 6463
"../../../Engine/Content/EngineMaterials/Substrate/GLints/dict_16_192_64_0p5_0p02_0056_0006.uasset" 6464
"../../../Engine/Content/EngineMaterials/Substrate/GLints/dict_16_192_64_0p5_0p02_0056_0003.uasset" 6465
"../../../Engine/Content/EngineMaterials/Substrate/GLints/dict_16_192_64_0p5_0p02_0056_0005.uasset" 6466
"../../../Engine/Content/EngineMaterials/Substrate/GLints/dict_16_192_64_0p5_0p02_0056_0001.uasset" 6467
"/Engine/EngineMaterials/Substrate/GLints/dict_16_192_64_0p5_0p02_0055_0015" 6468
"../../../Engine/Content/EngineMaterials/Substrate/GLints/dict_16_192_64_0p5_0p02_0056_0008.uasset" 6469
"../../../Engine/Content/EngineMaterials/Substrate/GLints/dict_16_192_64_0p5_0p02_0056_0002.uasset" 6470
"../../../Engine/Content/EngineMaterials/Substrate/GLints/dict_16_192_64_0p5_0p02_0056_0004.uasset" 6471
"../../../Engine/Content/EngineMaterials/Substrate/GLints/dict_16_192_64_0p5_0p02_0056_0009.uasset" 6472
"../../../Engine/Content/EngineMaterials/Substrate/GLints/dict_16_192_64_0p5_0p02_0056_0011.uasset" 6473
"../../../Engine/Content/EngineMaterials/Substrate/GLints/dict_16_192_64_0p5_0p02_0056_0013.uasset" 6474
"../../../Engine/Content/EngineMaterials/Substrate/GLints/dict_16_192_64_0p5_0p02_0056_0010.uasset" 6475
"../../../Engine/Content/EngineMaterials/Substrate/GLints/dict_16_192_64_0p5_0p02_0056_0012.uasset" 6476
"/Engine/EngineMaterials/Substrate/GLints/dict_16_192_64_0p5_0p02_0055_0014" 6477
"/Engine/EngineMaterials/Substrate/GLints/dict_16_192_64_0p5_0p02_0055_0013" 6478
"/Engine/EngineMaterials/Substrate/GLints/dict_16_192_64_0p5_0p02_0055_0012" 6479
"/Engine/EngineMaterials/Substrate/GLints/dict_16_192_64_0p5_0p02_0055_0011" 6480
"/Engine/EngineMaterials/Substrate/GLints/dict_16_192_64_0p5_0p02_0055_0010" 6481
"/Engine/EngineMaterials/Substrate/GLints/dict_16_192_64_0p5_0p02_0055_0009" 6482
"/Engine/EngineMaterials/Substrate/GLints/dict_16_192_64_0p5_0p02_0055_0008" 6483
"/Engine/EngineMaterials/Substrate/GLints/dict_16_192_64_0p5_0p02_0055_0007" 6484
"/Engine/EngineMaterials/Substrate/GLints/dict_16_192_64_0p5_0p02_0055_0006" 6485
"/Engine/EngineMaterials/Substrate/GLints/dict_16_192_64_0p5_0p02_0055_0005" 6486
"/Engine/EngineMaterials/Substrate/GLints/dict_16_192_64_0p5_0p02_0055_0004" 6487
"/Engine/EngineMaterials/Substrate/GLints/dict_16_192_64_0p5_0p02_0055_0003" 6488
"/Engine/EngineMaterials/Substrate/GLints/dict_16_192_64_0p5_0p02_0055_0002" 6489
"/Engine/EngineMaterials/Substrate/GLints/dict_16_192_64_0p5_0p02_0055_0001" 6490
"/Engine/EngineMaterials/Substrate/GLints/dict_16_192_64_0p5_0p02_0055_0000" 6491
"/Engine/EngineMaterials/Substrate/GLints/dict_16_192_64_0p5_0p02_0054_0015" 6492
"/Engine/EngineMaterials/Substrate/GLints/dict_16_192_64_0p5_0p02_0054_0014" 6493
"../../../Engine/Content/EngineMaterials/Substrate/GLints/dict_16_192_64_0p5_0p02_0056_0014.uasset" 6494
"../../../Engine/Content/EngineMaterials/Substrate/GLints/dict_16_192_64_0p5_0p02_0057_0003.uasset" 6495
"../../../Engine/Content/EngineMaterials/Substrate/GLints/dict_16_192_64_0p5_0p02_0057_0005.uasset" 6496
"../../../Engine/Content/EngineMaterials/Substrate/GLints/dict_16_192_64_0p5_0p02_0057_0000.uasset" 6497
"/Engine/EngineMaterials/Substrate/GLints/dict_16_192_64_0p5_0p02_0056_0013" 6498
"../../../Engine/Content/EngineMaterials/Substrate/GLints/dict_16_192_64_0p5_0p02_0057_0006.uasset" 6499
"../../../Engine/Content/EngineMaterials/Substrate/GLints/dict_16_192_64_0p5_0p02_0057_0004.uasset" 6500
"../../../Engine/Content/EngineMaterials/Substrate/GLints/dict_16_192_64_0p5_0p02_0057_0007.uasset" 6501
"../../../Engine/Content/EngineMaterials/Substrate/GLints/dict_16_192_64_0p5_0p02_0057_0001.uasset" 6502
"../../../Engine/Content/EngineMaterials/Substrate/GLints/dict_16_192_64_0p5_0p02_0057_0002.uasset" 6503
"../../../Engine/Content/EngineMaterials/Substrate/GLints/dict_16_192_64_0p5_0p02_0056_0015.uasset" 6504
"../../../Engine/Content/EngineMaterials/Substrate/GLints/dict_16_192_64_0p5_0p02_0057_0008.uasset" 6505
"../../../Engine/Content/EngineMaterials/Substrate/GLints/dict_16_192_64_0p5_0p02_0057_0009.uasset" 6506
"../../../Engine/Content/EngineMaterials/Substrate/GLints/dict_16_192_64_0p5_0p02_0057_0012.uasset" 6507
"../../../Engine/Content/EngineMaterials/Substrate/GLints/dict_16_192_64_0p5_0p02_0057_0010.uasset" 6508
"../../../Engine/Content/EngineMaterials/Substrate/GLints/dict_16_192_64_0p5_0p02_0057_0014.uasset" 6509
"../../../Engine/Content/EngineMaterials/Substrate/GLints/dict_16_192_64_0p5_0p02_0057_0011.uasset" 6510
"../../../Engine/Content/EngineMaterials/Substrate/GLints/dict_16_192_64_0p5_0p02_0057_0015.uasset" 6511
"../../../Engine/Content/EngineMaterials/Substrate/GLints/dict_16_192_64_0p5_0p02_0057_0013.uasset" 6512
"/Engine/EngineMaterials/Substrate/GLints/dict_16_192_64_0p5_0p02_0056_0012" 6513
"/Engine/EngineMaterials/Substrate/GLints/dict_16_192_64_0p5_0p02_0056_0011" 6514
"/Engine/EngineMaterials/Substrate/GLints/dict_16_192_64_0p5_0p02_0056_0010" 6515
"/Engine/EngineMaterials/Substrate/GLints/dict_16_192_64_0p5_0p02_0056_0009" 6516
"/Engine/EngineMaterials/Substrate/GLints/dict_16_192_64_0p5_0p02_0056_0008" 6517
"/Engine/EngineMaterials/Substrate/GLints/dict_16_192_64_0p5_0p02_0056_0007" 6518
"/Engine/EngineMaterials/Substrate/GLints/dict_16_192_64_0p5_0p02_0056_0006" 6519
"/Engine/EngineMaterials/Substrate/GLints/dict_16_192_64_0p5_0p02_0056_0005" 6520
"/Engine/EngineMaterials/Substrate/GLints/dict_16_192_64_0p5_0p02_0056_0004" 6521
"/Engine/EngineMaterials/Substrate/GLints/dict_16_192_64_0p5_0p02_0056_0003" 6522
"/Engine/EngineMaterials/Substrate/GLints/dict_16_192_64_0p5_0p02_0056_0002" 6523
"/Engine/EngineMaterials/Substrate/GLints/dict_16_192_64_0p5_0p02_0056_0001" 6524
"/Engine/EngineMaterials/Substrate/GLints/dict_16_192_64_0p5_0p02_0056_0000" 6525
"../../../Engine/Content/EngineMaterials/Substrate/GLints/dict_16_192_64_0p5_0p02_0058_0002.uasset" 6526
"/Engine/EngineMaterials/Substrate/GLints/dict_16_192_64_0p5_0p02_0057_0015" 6527
"../../../Engine/Content/EngineMaterials/Substrate/GLints/dict_16_192_64_0p5_0p02_0058_0004.uasset" 6528
"../../../Engine/Content/EngineMaterials/Substrate/GLints/dict_16_192_64_0p5_0p02_0058_0005.uasset" 6529
"../../../Engine/Content/EngineMaterials/Substrate/GLints/dict_16_192_64_0p5_0p02_0058_0001.uasset" 6530
"../../../Engine/Content/EngineMaterials/Substrate/GLints/dict_16_192_64_0p5_0p02_0058_0008.uasset" 6531
"../../../Engine/Content/EngineMaterials/Substrate/GLints/dict_16_192_64_0p5_0p02_0058_0007.uasset" 6532
"../../../Engine/Content/EngineMaterials/Substrate/GLints/dict_16_192_64_0p5_0p02_0058_0009.uasset" 6533
"../../../Engine/Content/EngineMaterials/Substrate/GLints/dict_16_192_64_0p5_0p02_0058_0000.uasset" 6534
"../../../Engine/Content/EngineMaterials/Substrate/GLints/dict_16_192_64_0p5_0p02_0058_0003.uasset" 6535
"../../../Engine/Content/EngineMaterials/Substrate/GLints/dict_16_192_64_0p5_0p02_0058_0006.uasset" 6536
"../../../Engine/Content/EngineMaterials/Substrate/GLints/dict_16_192_64_0p5_0p02_0058_0010.uasset" 6537
"../../../Engine/Content/EngineMaterials/Substrate/GLints/dict_16_192_64_0p5_0p02_0058_0011.uasset" 6538
"../../../Engine/Content/EngineMaterials/Substrate/GLints/dict_16_192_64_0p5_0p02_0058_0012.uasset" 6539
"../../../Engine/Content/EngineMaterials/Substrate/GLints/dict_16_192_64_0p5_0p02_0058_0013.uasset" 6540
"/Engine/EngineMaterials/Substrate/GLints/dict_16_192_64_0p5_0p02_0057_0014" 6541
"/Engine/EngineMaterials/Substrate/GLints/dict_16_192_64_0p5_0p02_0057_0013" 6542
"/Engine/EngineMaterials/Substrate/GLints/dict_16_192_64_0p5_0p02_0057_0012" 6543
"/Engine/EngineMaterials/Substrate/GLints/dict_16_192_64_0p5_0p02_0057_0011" 6544
"/Engine/EngineMaterials/Substrate/GLints/dict_16_192_64_0p5_0p02_0057_0010" 6545
"/Engine/EngineMaterials/Substrate/GLints/dict_16_192_64_0p5_0p02_0057_0009" 6546
"/Engine/EngineMaterials/Substrate/GLints/dict_16_192_64_0p5_0p02_0057_0008" 6547
"/Engine/EngineMaterials/Substrate/GLints/dict_16_192_64_0p5_0p02_0057_0007" 6548
"/Engine/EngineMaterials/Substrate/GLints/dict_16_192_64_0p5_0p02_0057_0006" 6549
"/Engine/EngineMaterials/Substrate/GLints/dict_16_192_64_0p5_0p02_0057_0005" 6550
"/Engine/EngineMaterials/Substrate/GLints/dict_16_192_64_0p5_0p02_0057_0004" 6551
"/Engine/EngineMaterials/Substrate/GLints/dict_16_192_64_0p5_0p02_0057_0003" 6552
"/Engine/EngineMaterials/Substrate/GLints/dict_16_192_64_0p5_0p02_0057_0002" 6553
"/Engine/EngineMaterials/Substrate/GLints/dict_16_192_64_0p5_0p02_0057_0001" 6554
"/Engine/EngineMaterials/Substrate/GLints/dict_16_192_64_0p5_0p02_0057_0000" 6555
"/Engine/EngineMaterials/Substrate/GLints/dict_16_192_64_0p5_0p02_0056_0015" 6556
"/Engine/EngineMaterials/Substrate/GLints/dict_16_192_64_0p5_0p02_0056_0014" 6557
"../../../Engine/Content/EngineMaterials/Substrate/GLints/dict_16_192_64_0p5_0p02_0059_0002.uasset" 6558
"../../../Engine/Content/EngineMaterials/Substrate/GLints/dict_16_192_64_0p5_0p02_0059_0000.uasset" 6559
"../../../Engine/Content/EngineMaterials/Substrate/GLints/dict_16_192_64_0p5_0p02_0059_0001.uasset" 6560
"/Engine/EngineMaterials/Substrate/GLints/dict_16_192_64_0p5_0p02_0058_0013" 6561
"../../../Engine/Content/EngineMaterials/Substrate/GLints/dict_16_192_64_0p5_0p02_0058_0014.uasset" 6562
"../../../Engine/Content/EngineMaterials/Substrate/GLints/dict_16_192_64_0p5_0p02_0059_0003.uasset" 6563
"../../../Engine/Content/EngineMaterials/Substrate/GLints/dict_16_192_64_0p5_0p02_0059_0005.uasset" 6564
"../../../Engine/Content/EngineMaterials/Substrate/GLints/dict_16_192_64_0p5_0p02_0058_0015.uasset" 6565
"../../../Engine/Content/EngineMaterials/Substrate/GLints/dict_16_192_64_0p5_0p02_0059_0007.uasset" 6566
"../../../Engine/Content/EngineMaterials/Substrate/GLints/dict_16_192_64_0p5_0p02_0059_0004.uasset" 6567
"../../../Engine/Content/EngineMaterials/Substrate/GLints/dict_16_192_64_0p5_0p02_0059_0006.uasset" 6568
"../../../Engine/Content/EngineMaterials/Substrate/GLints/dict_16_192_64_0p5_0p02_0059_0009.uasset" 6569
"../../../Engine/Content/EngineMaterials/Substrate/GLints/dict_16_192_64_0p5_0p02_0059_0008.uasset" 6570
"/Engine/EngineMaterials/Substrate/GLints/dict_16_192_64_0p5_0p02_0058_0012" 6571
"../../../Engine/Content/EngineMaterials/Substrate/GLints/dict_16_192_64_0p5_0p02_0059_0012.uasset" 6572
"../../../Engine/Content/EngineMaterials/Substrate/GLints/dict_16_192_64_0p5_0p02_0059_0015.uasset" 6573
"../../../Engine/Content/EngineMaterials/Substrate/GLints/dict_16_192_64_0p5_0p02_0059_0013.uasset" 6574
"../../../Engine/Content/EngineMaterials/Substrate/GLints/dict_16_192_64_0p5_0p02_0059_0010.uasset" 6575
"../../../Engine/Content/EngineMaterials/Substrate/GLints/dict_16_192_64_0p5_0p02_0059_0014.uasset" 6576
"../../../Engine/Content/EngineMaterials/Substrate/GLints/dict_16_192_64_0p5_0p02_0059_0011.uasset" 6577
"/Engine/EngineMaterials/Substrate/GLints/dict_16_192_64_0p5_0p02_0058_0011" 6578
"/Engine/EngineMaterials/Substrate/GLints/dict_16_192_64_0p5_0p02_0058_0010" 6579
"/Engine/EngineMaterials/Substrate/GLints/dict_16_192_64_0p5_0p02_0058_0009" 6580
"/Engine/EngineMaterials/Substrate/GLints/dict_16_192_64_0p5_0p02_0058_0008" 6581
"/Engine/EngineMaterials/Substrate/GLints/dict_16_192_64_0p5_0p02_0058_0007" 6582
"/Engine/EngineMaterials/Substrate/GLints/dict_16_192_64_0p5_0p02_0058_0006" 6583
"/Engine/EngineMaterials/Substrate/GLints/dict_16_192_64_0p5_0p02_0058_0005" 6584
"/Engine/EngineMaterials/Substrate/GLints/dict_16_192_64_0p5_0p02_0058_0004" 6585
"/Engine/EngineMaterials/Substrate/GLints/dict_16_192_64_0p5_0p02_0058_0003" 6586
"/Engine/EngineMaterials/Substrate/GLints/dict_16_192_64_0p5_0p02_0058_0002" 6587
"/Engine/EngineMaterials/Substrate/GLints/dict_16_192_64_0p5_0p02_0058_0001" 6588
"/Engine/EngineMaterials/Substrate/GLints/dict_16_192_64_0p5_0p02_0058_0000" 6589
"../../../Engine/Content/EngineMaterials/Substrate/GLints/dict_16_192_64_0p5_0p02_0060_0004.uasset" 6590
"../../../Engine/Content/EngineMaterials/Substrate/GLints/dict_16_192_64_0p5_0p02_0060_0006.uasset" 6591
"../../../Engine/Content/EngineMaterials/Substrate/GLints/dict_16_192_64_0p5_0p02_0060_0001.uasset" 6592
"../../../Engine/Content/EngineMaterials/Substrate/GLints/dict_16_192_64_0p5_0p02_0060_0000.uasset" 6593
"../../../Engine/Content/EngineMaterials/Substrate/GLints/dict_16_192_64_0p5_0p02_0060_0009.uasset" 6594
"../../../Engine/Content/EngineMaterials/Substrate/GLints/dict_16_192_64_0p5_0p02_0060_0007.uasset" 6595
"../../../Engine/Content/EngineMaterials/Substrate/GLints/dict_16_192_64_0p5_0p02_0060_0003.uasset" 6596
"../../../Engine/Content/EngineMaterials/Substrate/GLints/dict_16_192_64_0p5_0p02_0060_0005.uasset" 6597
"../../../Engine/Content/EngineMaterials/Substrate/GLints/dict_16_192_64_0p5_0p02_0060_0008.uasset" 6598
"/Engine/EngineMaterials/Substrate/GLints/dict_16_192_64_0p5_0p02_0059_0015" 6599
"../../../Engine/Content/EngineMaterials/Substrate/GLints/dict_16_192_64_0p5_0p02_0060_0002.uasset" 6600
"../../../Engine/Content/EngineMaterials/Substrate/GLints/dict_16_192_64_0p5_0p02_0060_0010.uasset" 6601
"../../../Engine/Content/EngineMaterials/Substrate/GLints/dict_16_192_64_0p5_0p02_0060_0011.uasset" 6602
"../../../Engine/Content/EngineMaterials/Substrate/GLints/dict_16_192_64_0p5_0p02_0060_0012.uasset" 6603
"../../../Engine/Content/EngineMaterials/Substrate/GLints/dict_16_192_64_0p5_0p02_0060_0013.uasset" 6604
"/Engine/EngineMaterials/Substrate/GLints/dict_16_192_64_0p5_0p02_0059_0014" 6605
"/Engine/EngineMaterials/Substrate/GLints/dict_16_192_64_0p5_0p02_0059_0013" 6606
"/Engine/EngineMaterials/Substrate/GLints/dict_16_192_64_0p5_0p02_0059_0012" 6607
"/Engine/EngineMaterials/Substrate/GLints/dict_16_192_64_0p5_0p02_0059_0011" 6608
"/Engine/EngineMaterials/Substrate/GLints/dict_16_192_64_0p5_0p02_0059_0010" 6609
"/Engine/EngineMaterials/Substrate/GLints/dict_16_192_64_0p5_0p02_0059_0009" 6610
"/Engine/EngineMaterials/Substrate/GLints/dict_16_192_64_0p5_0p02_0059_0008" 6611
"/Engine/EngineMaterials/Substrate/GLints/dict_16_192_64_0p5_0p02_0059_0007" 6612
"/Engine/EngineMaterials/Substrate/GLints/dict_16_192_64_0p5_0p02_0059_0006" 6613
"/Engine/EngineMaterials/Substrate/GLints/dict_16_192_64_0p5_0p02_0059_0005" 6614
"/Engine/EngineMaterials/Substrate/GLints/dict_16_192_64_0p5_0p02_0059_0004" 6615
"/Engine/EngineMaterials/Substrate/GLints/dict_16_192_64_0p5_0p02_0059_0003" 6616
"/Engine/EngineMaterials/Substrate/GLints/dict_16_192_64_0p5_0p02_0059_0002" 6617
"/Engine/EngineMaterials/Substrate/GLints/dict_16_192_64_0p5_0p02_0059_0001" 6618
"/Engine/EngineMaterials/Substrate/GLints/dict_16_192_64_0p5_0p02_0059_0000" 6619
"/Engine/EngineMaterials/Substrate/GLints/dict_16_192_64_0p5_0p02_0058_0015" 6620
"/Engine/EngineMaterials/Substrate/GLints/dict_16_192_64_0p5_0p02_0058_0014" 6621
"../../../Engine/Content/EngineMaterials/Substrate/GLints/dict_16_192_64_0p5_0p02_0061_0003.uasset" 6622
"../../../Engine/Content/EngineMaterials/Substrate/GLints/dict_16_192_64_0p5_0p02_0061_0007.uasset" 6623
"../../../Engine/Content/EngineMaterials/Substrate/GLints/dict_16_192_64_0p5_0p02_0061_0002.uasset" 6624
"/Engine/EngineMaterials/Substrate/GLints/dict_16_192_64_0p5_0p02_0060_0013" 6625
"../../../Engine/Content/EngineMaterials/Substrate/GLints/dict_16_192_64_0p5_0p02_0061_0000.uasset" 6626
"../../../Engine/Content/EngineMaterials/Substrate/GLints/dict_16_192_64_0p5_0p02_0061_0005.uasset" 6627
"../../../Engine/Content/EngineMaterials/Substrate/GLints/dict_16_192_64_0p5_0p02_0061_0001.uasset" 6628
"../../../Engine/Content/EngineMaterials/Substrate/GLints/dict_16_192_64_0p5_0p02_0061_0006.uasset" 6629
"../../../Engine/Content/EngineMaterials/Substrate/GLints/dict_16_192_64_0p5_0p02_0060_0014.uasset" 6630
"../../../Engine/Content/EngineMaterials/Substrate/GLints/dict_16_192_64_0p5_0p02_0061_0004.uasset" 6631
"../../../Engine/Content/EngineMaterials/Substrate/GLints/dict_16_192_64_0p5_0p02_0060_0015.uasset" 6632
"../../../Engine/Content/EngineMaterials/Substrate/GLints/dict_16_192_64_0p5_0p02_0061_0008.uasset" 6633
"../../../Engine/Content/EngineMaterials/Substrate/GLints/dict_16_192_64_0p5_0p02_0061_0009.uasset" 6634
"../../../Engine/Content/EngineMaterials/Substrate/GLints/dict_16_192_64_0p5_0p02_0061_0011.uasset" 6635
"../../../Engine/Content/EngineMaterials/Substrate/GLints/dict_16_192_64_0p5_0p02_0061_0012.uasset" 6636
"../../../Engine/Content/EngineMaterials/Substrate/GLints/dict_16_192_64_0p5_0p02_0061_0015.uasset" 6637
"../../../Engine/Content/EngineMaterials/Substrate/GLints/dict_16_192_64_0p5_0p02_0061_0014.uasset" 6638
"/Engine/EngineMaterials/Substrate/GLints/dict_16_192_64_0p5_0p02_0060_0012" 6639
"../../../Engine/Content/EngineMaterials/Substrate/GLints/dict_16_192_64_0p5_0p02_0061_0010.uasset" 6640
"../../../Engine/Content/EngineMaterials/Substrate/GLints/dict_16_192_64_0p5_0p02_0061_0013.uasset" 6641
"/Engine/EngineMaterials/Substrate/GLints/dict_16_192_64_0p5_0p02_0060_0011" 6642
"/Engine/EngineMaterials/Substrate/GLints/dict_16_192_64_0p5_0p02_0060_0010" 6643
"/Engine/EngineMaterials/Substrate/GLints/dict_16_192_64_0p5_0p02_0060_0009" 6644
"/Engine/EngineMaterials/Substrate/GLints/dict_16_192_64_0p5_0p02_0060_0008" 6645
"/Engine/EngineMaterials/Substrate/GLints/dict_16_192_64_0p5_0p02_0060_0007" 6646
"/Engine/EngineMaterials/Substrate/GLints/dict_16_192_64_0p5_0p02_0060_0006" 6647
"/Engine/EngineMaterials/Substrate/GLints/dict_16_192_64_0p5_0p02_0060_0005" 6648
"/Engine/EngineMaterials/Substrate/GLints/dict_16_192_64_0p5_0p02_0060_0004" 6649
"/Engine/EngineMaterials/Substrate/GLints/dict_16_192_64_0p5_0p02_0060_0003" 6650
"/Engine/EngineMaterials/Substrate/GLints/dict_16_192_64_0p5_0p02_0060_0002" 6651
"/Engine/EngineMaterials/Substrate/GLints/dict_16_192_64_0p5_0p02_0060_0001" 6652
"/Engine/EngineMaterials/Substrate/GLints/dict_16_192_64_0p5_0p02_0060_0000" 6653
"../../../Engine/Content/EngineMaterials/Substrate/GLints/dict_16_192_64_0p5_0p02_0062_0005.uasset" 6654
"../../../Engine/Content/EngineMaterials/Substrate/GLints/dict_16_192_64_0p5_0p02_0062_0007.uasset" 6655
"../../../Engine/Content/EngineMaterials/Substrate/GLints/dict_16_192_64_0p5_0p02_0062_0000.uasset" 6656
"/Engine/EngineMaterials/Substrate/GLints/dict_16_192_64_0p5_0p02_0061_0015" 6657
"../../../Engine/Content/EngineMaterials/Substrate/GLints/dict_16_192_64_0p5_0p02_0062_0008.uasset" 6658
"../../../Engine/Content/EngineMaterials/Substrate/GLints/dict_16_192_64_0p5_0p02_0062_0004.uasset" 6659
"../../../Engine/Content/EngineMaterials/Substrate/GLints/dict_16_192_64_0p5_0p02_0062_0001.uasset" 6660
"../../../Engine/Content/EngineMaterials/Substrate/GLints/dict_16_192_64_0p5_0p02_0062_0009.uasset" 6661
"../../../Engine/Content/EngineMaterials/Substrate/GLints/dict_16_192_64_0p5_0p02_0062_0006.uasset" 6662
"../../../Engine/Content/EngineMaterials/Substrate/GLints/dict_16_192_64_0p5_0p02_0062_0003.uasset" 6663
"../../../Engine/Content/EngineMaterials/Substrate/GLints/dict_16_192_64_0p5_0p02_0062_0002.uasset" 6664
"../../../Engine/Content/EngineMaterials/Substrate/GLints/dict_16_192_64_0p5_0p02_0062_0010.uasset" 6665
"../../../Engine/Content/EngineMaterials/Substrate/GLints/dict_16_192_64_0p5_0p02_0062_0011.uasset" 6666
"../../../Engine/Content/EngineMaterials/Substrate/GLints/dict_16_192_64_0p5_0p02_0062_0012.uasset" 6667
"../../../Engine/Content/EngineMaterials/Substrate/GLints/dict_16_192_64_0p5_0p02_0062_0013.uasset" 6668
"/Engine/EngineMaterials/Substrate/GLints/dict_16_192_64_0p5_0p02_0061_0014" 6669
"/Engine/EngineMaterials/Substrate/GLints/dict_16_192_64_0p5_0p02_0061_0013" 6670
"/Engine/EngineMaterials/Substrate/GLints/dict_16_192_64_0p5_0p02_0061_0012" 6671
"/Engine/EngineMaterials/Substrate/GLints/dict_16_192_64_0p5_0p02_0061_0011" 6672
"/Engine/EngineMaterials/Substrate/GLints/dict_16_192_64_0p5_0p02_0061_0010" 6673
"/Engine/EngineMaterials/Substrate/GLints/dict_16_192_64_0p5_0p02_0061_0009" 6674
"/Engine/EngineMaterials/Substrate/GLints/dict_16_192_64_0p5_0p02_0061_0008" 6675
"/Engine/EngineMaterials/Substrate/GLints/dict_16_192_64_0p5_0p02_0061_0007" 6676
"/Engine/EngineMaterials/Substrate/GLints/dict_16_192_64_0p5_0p02_0061_0006" 6677
"/Engine/EngineMaterials/Substrate/GLints/dict_16_192_64_0p5_0p02_0061_0005" 6678
"/Engine/EngineMaterials/Substrate/GLints/dict_16_192_64_0p5_0p02_0061_0004" 6679
"/Engine/EngineMaterials/Substrate/GLints/dict_16_192_64_0p5_0p02_0061_0003" 6680
"/Engine/EngineMaterials/Substrate/GLints/dict_16_192_64_0p5_0p02_0061_0002" 6681
"/Engine/EngineMaterials/Substrate/GLints/dict_16_192_64_0p5_0p02_0061_0001" 6682
"/Engine/EngineMaterials/Substrate/GLints/dict_16_192_64_0p5_0p02_0061_0000" 6683
"/Engine/EngineMaterials/Substrate/GLints/dict_16_192_64_0p5_0p02_0060_0015" 6684
"/Engine/EngineMaterials/Substrate/GLints/dict_16_192_64_0p5_0p02_0060_0014" 6685
"../../../Engine/Content/EngineMaterials/Substrate/GLints/dict_16_192_64_0p5_0p02_0063_0001.uasset" 6686
"../../../Engine/Content/EngineMaterials/Substrate/GLints/dict_16_192_64_0p5_0p02_0063_0006.uasset" 6687
"/Engine/EngineMaterials/Substrate/GLints/dict_16_192_64_0p5_0p02_0062_0013" 6688
"../../../Engine/Content/EngineMaterials/Substrate/GLints/dict_16_192_64_0p5_0p02_0063_0007.uasset" 6689
"../../../Engine/Content/EngineMaterials/Substrate/GLints/dict_16_192_64_0p5_0p02_0062_0015.uasset" 6690
"../../../Engine/Content/EngineMaterials/Substrate/GLints/dict_16_192_64_0p5_0p02_0063_0000.uasset" 6691
"../../../Engine/Content/EngineMaterials/Substrate/GLints/dict_16_192_64_0p5_0p02_0063_0002.uasset" 6692
"../../../Engine/Content/EngineMaterials/Substrate/GLints/dict_16_192_64_0p5_0p02_0063_0003.uasset" 6693
"../../../Engine/Content/EngineMaterials/Substrate/GLints/dict_16_192_64_0p5_0p02_0062_0014.uasset" 6694
"../../../Engine/Content/EngineMaterials/Substrate/GLints/dict_16_192_64_0p5_0p02_0063_0004.uasset" 6695
"../../../Engine/Content/EngineMaterials/Substrate/GLints/dict_16_192_64_0p5_0p02_0063_0005.uasset" 6696
"../../../Engine/Content/EngineMaterials/Substrate/GLints/dict_16_192_64_0p5_0p02_0063_0009.uasset" 6697
"../../../Engine/Content/EngineMaterials/Substrate/GLints/dict_16_192_64_0p5_0p02_0063_0008.uasset" 6698
"../../../Engine/Content/EngineMaterials/Substrate/GLints/dict_16_192_64_0p5_0p02_0063_0011.uasset" 6699
"../../../Engine/Content/EngineMaterials/Substrate/GLints/dict_16_192_64_0p5_0p02_0063_0010.uasset" 6700
"../../../Engine/Content/EngineMaterials/Substrate/GLints/dict_16_192_64_0p5_0p02_0063_0012.uasset" 6701
"/Engine/EngineMaterials/Substrate/GLints/dict_16_192_64_0p5_0p02_0062_0012" 6702
"../../../Engine/Content/EngineMaterials/Substrate/GLints/dict_16_192_64_0p5_0p02_0063_0013.uasset" 6703
"../../../Engine/Content/EngineMaterials/Substrate/GLints/dict_16_192_64_0p5_0p02_0063_0014.uasset" 6704
"../../../Engine/Content/EngineMaterials/Substrate/GLints/dict_16_192_64_0p5_0p02_0063_0015.uasset" 6705
"/Engine/EngineMaterials/Substrate/GLints/dict_16_192_64_0p5_0p02_0062_0011" 6706
"/Engine/EngineMaterials/Substrate/GLints/dict_16_192_64_0p5_0p02_0062_0010" 6707
"/Engine/EngineMaterials/Substrate/GLints/dict_16_192_64_0p5_0p02_0062_0009" 6708
"/Engine/EngineMaterials/Substrate/GLints/dict_16_192_64_0p5_0p02_0062_0008" 6709
"/Engine/EngineMaterials/Substrate/GLints/dict_16_192_64_0p5_0p02_0062_0007" 6710
"/Engine/EngineMaterials/Substrate/GLints/dict_16_192_64_0p5_0p02_0062_0006" 6711
"/Engine/EngineMaterials/Substrate/GLints/dict_16_192_64_0p5_0p02_0062_0005" 6712
"/Engine/EngineMaterials/Substrate/GLints/dict_16_192_64_0p5_0p02_0062_0004" 6713
"/Engine/EngineMaterials/Substrate/GLints/dict_16_192_64_0p5_0p02_0062_0003" 6714
"/Engine/EngineMaterials/Substrate/GLints/dict_16_192_64_0p5_0p02_0062_0002" 6715
"/Engine/EngineMaterials/Substrate/GLints/dict_16_192_64_0p5_0p02_0062_0001" 6716
"/Engine/EngineMaterials/Substrate/GLints/dict_16_192_64_0p5_0p02_0062_0000" 6717
"../../../Engine/Content/EngineMaterials/Substrate/Glints2/dict_0000_0001.uasset" 6718
"../../../Engine/Content/EngineMaterials/Substrate/Glints2/dict_0000_0005.uasset" 6719
"../../../Engine/Content/EngineMaterials/Substrate/Glints2/dict_0000_0002.uasset" 6720
"../../../Engine/Content/EngineMaterials/Substrate/GLints/AGlintTex2dArray.uasset" 6721
"../../../Engine/Content/EngineMaterials/Substrate/Glints2/dict_0000_0004.uasset" 6722
"../../../Engine/Content/EngineMaterials/Substrate/Glints2/dict_0000_0008.uasset" 6723
"../../../Engine/Content/EngineMaterials/Substrate/Glints2/dict_0000_0000.uasset" 6724
"/Engine/EngineMaterials/Substrate/GLints/dict_16_192_64_0p5_0p02_0063_0015" 6725
"../../../Engine/Content/EngineMaterials/Substrate/Glints2/dict_0000_0006.uasset" 6726
"../../../Engine/Content/EngineMaterials/Substrate/Glints2/dict_0000_0003.uasset" 6727
"../../../Engine/Content/EngineMaterials/Substrate/Glints2/dict_0000_0007.uasset" 6728
"../../../Engine/Content/EngineMaterials/Substrate/Glints2/dict_0000_0009.uasset" 6729
"../../../Engine/Content/EngineMaterials/Substrate/Glints2/dict_0000_0010.uasset" 6730
"../../../Engine/Content/EngineMaterials/Substrate/Glints2/dict_0000_0011.uasset" 6731
"/Engine/EngineMaterials/Substrate/GLints/dict_16_192_64_0p5_0p02_0063_0014" 6732
"../../../Engine/Content/EngineMaterials/Substrate/Glints2/dict_0000_0012.uasset" 6733
"/Engine/EngineMaterials/Substrate/GLints/dict_16_192_64_0p5_0p02_0063_0013" 6734
"/Engine/EngineMaterials/Substrate/GLints/dict_16_192_64_0p5_0p02_0063_0012" 6735
"/Engine/EngineMaterials/Substrate/GLints/dict_16_192_64_0p5_0p02_0063_0011" 6736
"/Engine/EngineMaterials/Substrate/GLints/dict_16_192_64_0p5_0p02_0063_0010" 6737
"/Engine/EngineMaterials/Substrate/GLints/dict_16_192_64_0p5_0p02_0063_0009" 6738
"/Engine/EngineMaterials/Substrate/GLints/dict_16_192_64_0p5_0p02_0063_0008" 6739
"/Engine/EngineMaterials/Substrate/GLints/dict_16_192_64_0p5_0p02_0063_0007" 6740
"/Engine/EngineMaterials/Substrate/GLints/dict_16_192_64_0p5_0p02_0063_0006" 6741
"/Engine/EngineMaterials/Substrate/GLints/dict_16_192_64_0p5_0p02_0063_0005" 6742
"/Engine/EngineMaterials/Substrate/GLints/dict_16_192_64_0p5_0p02_0063_0004" 6743
"/Engine/EngineMaterials/Substrate/GLints/dict_16_192_64_0p5_0p02_0063_0003" 6744
"/Engine/EngineMaterials/Substrate/GLints/dict_16_192_64_0p5_0p02_0063_0002" 6745
"/Engine/EngineMaterials/Substrate/GLints/dict_16_192_64_0p5_0p02_0063_0001" 6746
"/Engine/EngineMaterials/Substrate/GLints/dict_16_192_64_0p5_0p02_0063_0000" 6747
"/Engine/EngineMaterials/Substrate/GLints/dict_16_192_64_0p5_0p02_0062_0015" 6748
"/Engine/EngineMaterials/Substrate/GLints/dict_16_192_64_0p5_0p02_0062_0014" 6749
"../../../Engine/Content/EngineMaterials/Substrate/Glints2/dict_0000_0020.uasset" 6750
"../../../Engine/Content/EngineMaterials/Substrate/Glints2/dict_0000_0022.uasset" 6751
"../../../Engine/Content/EngineMaterials/Substrate/Glints2/dict_0000_0014.uasset" 6752
"../../../Engine/Content/EngineMaterials/Substrate/Glints2/dict_0000_0021.uasset" 6753
"../../../Engine/Content/EngineMaterials/Substrate/Glints2/dict_0000_0019.uasset" 6754
"/Engine/EngineMaterials/Substrate/Glints2/dict_0000_0012" 6755
"../../../Engine/Content/EngineMaterials/Substrate/Glints2/dict_0000_0015.uasset" 6756
"../../../Engine/Content/EngineMaterials/Substrate/Glints2/dict_0000_0013.uasset" 6757
"../../../Engine/Content/EngineMaterials/Substrate/Glints2/dict_0000_0018.uasset" 6758
"../../../Engine/Content/EngineMaterials/Substrate/Glints2/dict_0000_0017.uasset" 6759
"../../../Engine/Content/EngineMaterials/Substrate/Glints2/dict_0000_0016.uasset" 6760
"../../../Engine/Content/EngineMaterials/Substrate/Glints2/dict_0000_0023.uasset" 6761
"../../../Engine/Content/EngineMaterials/Substrate/Glints2/dict_0000_0026.uasset" 6762
"../../../Engine/Content/EngineMaterials/Substrate/Glints2/dict_0000_0024.uasset" 6763
"../../../Engine/Content/EngineMaterials/Substrate/Glints2/dict_0000_0027.uasset" 6764
"../../../Engine/Content/EngineMaterials/Substrate/Glints2/dict_0000_0025.uasset" 6765
"/Engine/EngineMaterials/Substrate/Glints2/dict_0000_0011" 6766
"../../../Engine/Content/EngineMaterials/Substrate/Glints2/dict_0000_0028.uasset" 6767
"../../../Engine/Content/EngineMaterials/Substrate/Glints2/dict_0000_0029.uasset" 6768
"../../../Engine/Content/EngineMaterials/Substrate/Glints2/dict_0000_0030.uasset" 6769
"/Engine/EngineMaterials/Substrate/Glints2/dict_0000_0010" 6770
"/Engine/EngineMaterials/Substrate/Glints2/dict_0000_0009" 6771
"/Engine/EngineMaterials/Substrate/Glints2/dict_0000_0008" 6772
"/Engine/EngineMaterials/Substrate/Glints2/dict_0000_0007" 6773
"/Engine/EngineMaterials/Substrate/Glints2/dict_0000_0006" 6774
"/Engine/EngineMaterials/Substrate/Glints2/dict_0000_0005" 6775
"/Engine/EngineMaterials/Substrate/Glints2/dict_0000_0004" 6776
"/Engine/EngineMaterials/Substrate/Glints2/dict_0000_0003" 6777
"/Engine/EngineMaterials/Substrate/Glints2/dict_0000_0002" 6778
"/Engine/EngineMaterials/Substrate/Glints2/dict_0000_0001" 6779
"/Engine/EngineMaterials/Substrate/Glints2/dict_0000_0000" 6780
"/Engine/EngineMaterials/Substrate/GLints/AGlintTex2dArray" 6781
"../../../Engine/Plugins/Animation/DeformerGraph/Shaders/Private/DataInterfaceCustomComputeKernel.ush" 6782
"../../../Engine/Plugins/Animation/DeformerGraph/Shaders/Private/DataInterfaceCloth.ush" 6783
"../../../Engine/Plugins/Animation/DeformerGraph/Shaders/Private/DataInterfaceSkinnedMeshRead.ush" 6784
"../../../Engine/Plugins/Animation/DeformerGraph/Shaders/Private/DataInterfaceSkeleton.ush" 6785
"../../../Engine/Plugins/Animation/DeformerGraph/Shaders/Private/DataInterfaceSkeletonCommon.ush" 6786
"../../../Engine/Plugins/Animation/DeformerGraph/Shaders/Private/DataInterfaceMorphTarget.ush" 6787
"../../../Engine/Plugins/Animation/DeformerGraph/Shaders/Private/DataInterfaceSkinnedMeshWrite.ush" 6788
"../../../Engine/Plugins/Animation/DeformerGraph/Shaders/Private/DataInterfaceRawBuffer.ush" 6789
"../../../Engine/Plugins/Runtime/ComputeFramework/Shaders/Private/BufferAlias.ush" 6790
"../../../Engine/Plugins/Animation/DeformerGraph/Shaders/Private/DataInterfaceSkinnedMesh.ush" 6791
"../../../Engine/Plugins/Animation/DeformerGraph/Shaders/Private/DataInterfaceHalfEdge.ush" 6792
"../../../Engine/Content/EngineMaterials/Substrate/Glints2/dict_0000_0034.uasset" 6793
"../../../Engine/Content/EngineMaterials/Substrate/Glints2/dict_0000_0035.uasset" 6794
"../../../Engine/Content/EngineMaterials/Substrate/Glints2/dict_0000_0036.uasset" 6795
"../../../Engine/Content/EngineMaterials/Substrate/Glints2/dict_0000_0031.uasset" 6796
"../../../Engine/Content/EngineMaterials/Substrate/Glints2/dict_0000_0032.uasset" 6797
"../../../Engine/Content/EngineMaterials/Substrate/Glints2/dict_0000_0037.uasset" 6798
"../../../Engine/Content/EngineMaterials/Substrate/Glints2/dict_0000_0038.uasset" 6799
"../../../Engine/Content/EngineMaterials/Substrate/Glints2/dict_0000_0033.uasset" 6800
"../../../Engine/Content/EngineMaterials/Substrate/Glints2/dict_0000_0039.uasset" 6801
"../../../Engine/Content/EngineMaterials/Substrate/Glints2/dict_0000_0040.uasset" 6802
"../../../Engine/Content/EngineMaterials/Substrate/Glints2/dict_0000_0041.uasset" 6803
"../../../Engine/Content/EngineMaterials/Substrate/Glints2/dict_0000_0043.uasset" 6804
"../../../Engine/Content/EngineMaterials/Substrate/Glints2/dict_0000_0042.uasset" 6805
"../../../Engine/Content/EngineMaterials/Substrate/Glints2/dict_0000_0044.uasset" 6806
"/Engine/EngineMaterials/Substrate/Glints2/dict_0000_0030" 6807
"/Engine/EngineMaterials/Substrate/Glints2/dict_0000_0029" 6808
"/Engine/EngineMaterials/Substrate/Glints2/dict_0000_0028" 6809
"/Engine/EngineMaterials/Substrate/Glints2/dict_0000_0027" 6810
"/Engine/EngineMaterials/Substrate/Glints2/dict_0000_0026" 6811
"/Engine/EngineMaterials/Substrate/Glints2/dict_0000_0025" 6812
"/Engine/EngineMaterials/Substrate/Glints2/dict_0000_0024" 6813
"/Engine/EngineMaterials/Substrate/Glints2/dict_0000_0023" 6814
"/Engine/EngineMaterials/Substrate/Glints2/dict_0000_0022" 6815
"/Engine/EngineMaterials/Substrate/Glints2/dict_0000_0021" 6816
"/Engine/EngineMaterials/Substrate/Glints2/dict_0000_0020" 6817
"/Engine/EngineMaterials/Substrate/Glints2/dict_0000_0019" 6818
"/Engine/EngineMaterials/Substrate/Glints2/dict_0000_0018" 6819
"/Engine/EngineMaterials/Substrate/Glints2/dict_0000_0017" 6820
"/Engine/EngineMaterials/Substrate/Glints2/dict_0000_0016" 6821
"/Engine/EngineMaterials/Substrate/Glints2/dict_0000_0015" 6822
"/Engine/EngineMaterials/Substrate/Glints2/dict_0000_0014" 6823
"/Engine/EngineMaterials/Substrate/Glints2/dict_0000_0013" 6824
"../../../Engine/Content/EngineMaterials/Substrate/Glints2/dict_0000_0045.uasset" 6825
"../../../Engine/Content/EngineMaterials/Substrate/Glints2/dict_0000_0047.uasset" 6826
"../../../Engine/Content/EngineMaterials/Substrate/Glints2/dict_0000_0048.uasset" 6827
"../../../Engine/Content/EngineMaterials/Substrate/Glints2/dict_0000_0049.uasset" 6828
"../../../Engine/Content/EngineMaterials/Substrate/Glints2/dict_0000_0051.uasset" 6829
"../../../Engine/Content/EngineMaterials/Substrate/Glints2/dict_0000_0052.uasset" 6830
"../../../Engine/Content/EngineMaterials/Substrate/Glints2/dict_0000_0053.uasset" 6831
"../../../Engine/Content/EngineMaterials/Substrate/Glints2/dict_0000_0054.uasset" 6832
"../../../Engine/Content/EngineMaterials/Substrate/Glints2/dict_0000_0055.uasset" 6833
"../../../Engine/Content/EngineMaterials/Substrate/Glints2/dict_0000_0056.uasset" 6834
"../../../Engine/Content/EngineMaterials/Substrate/Glints2/dict_0000_0057.uasset" 6835
"../../../Engine/Content/EngineMaterials/Substrate/Glints2/dict_0000_0058.uasset" 6836
"../../../Engine/Content/EngineMaterials/Substrate/Glints2/dict_0000_0060.uasset" 6837
"../../../Engine/Content/EngineMaterials/Substrate/Glints2/dict_0000_0061.uasset" 6838
"../../../Engine/Content/EngineMaterials/Substrate/Glints2/dict_0000_0062.uasset" 6839
"../../../Engine/Content/EngineMaterials/Substrate/Glints2/dict_0000_0059.uasset" 6840
"../../../Engine/Content/EngineMaterials/Substrate/Glints2/dict_0000_0050.uasset" 6841
"../../../Engine/Content/EngineMaterials/Substrate/Glints2/dict_0000_0046.uasset" 6842
"/Engine/EngineMaterials/Substrate/Glints2/dict_0000_0044" 6843
"/Engine/EngineMaterials/Substrate/Glints2/dict_0000_0043" 6844
"/Engine/EngineMaterials/Substrate/Glints2/dict_0000_0042" 6845
"/Engine/EngineMaterials/Substrate/Glints2/dict_0000_0041" 6846
"/Engine/EngineMaterials/Substrate/Glints2/dict_0000_0040" 6847
"/Engine/EngineMaterials/Substrate/Glints2/dict_0000_0039" 6848
"/Engine/EngineMaterials/Substrate/Glints2/dict_0000_0038" 6849
"/Engine/EngineMaterials/Substrate/Glints2/dict_0000_0037" 6850
"/Engine/EngineMaterials/Substrate/Glints2/dict_0000_0036" 6851
"/Engine/EngineMaterials/Substrate/Glints2/dict_0000_0035" 6852
"/Engine/EngineMaterials/Substrate/Glints2/dict_0000_0034" 6853
"/Engine/EngineMaterials/Substrate/Glints2/dict_0000_0033" 6854
"/Engine/EngineMaterials/Substrate/Glints2/dict_0000_0032" 6855
"/Engine/EngineMaterials/Substrate/Glints2/dict_0000_0031" 6856
"../../../Engine/Content/EngineMaterials/Substrate/Glints2/dict_0000_0063.uasset" 6857
"../../../Engine/Content/EngineMaterials/Substrate/Glints2/dict_0000_0064.uasset" 6858
"../../../Engine/Content/EngineMaterials/Substrate/Glints2/dict_0000_0065.uasset" 6859
"../../../Engine/Content/EngineMaterials/Substrate/Glints2/dict_0000_0066.uasset" 6860
"../../../Engine/Content/EngineMaterials/Substrate/Glints2/dict_0000_0067.uasset" 6861
"../../../Engine/Content/EngineMaterials/Substrate/Glints2/dict_0000_0068.uasset" 6862
"../../../Engine/Content/EngineMaterials/Substrate/Glints2/dict_0000_0070.uasset" 6863
"../../../Engine/Content/EngineMaterials/Substrate/Glints2/dict_0000_0069.uasset" 6864
"../../../Engine/Content/EngineMaterials/Substrate/Glints2/dict_0000_0071.uasset" 6865
"../../../Engine/Content/EngineMaterials/Substrate/Glints2/dict_0000_0072.uasset" 6866
"../../../Engine/Content/EngineMaterials/Substrate/Glints2/dict_0000_0073.uasset" 6867
"../../../Engine/Content/EngineMaterials/Substrate/Glints2/dict_0000_0074.uasset" 6868
"../../../Engine/Content/EngineMaterials/Substrate/Glints2/dict_0000_0075.uasset" 6869
"../../../Engine/Content/EngineMaterials/Substrate/Glints2/dict_0000_0076.uasset" 6870
"/Engine/EngineMaterials/Substrate/Glints2/dict_0000_0062" 6871
"/Engine/EngineMaterials/Substrate/Glints2/dict_0000_0061" 6872
"/Engine/EngineMaterials/Substrate/Glints2/dict_0000_0060" 6873
"/Engine/EngineMaterials/Substrate/Glints2/dict_0000_0059" 6874
"/Engine/EngineMaterials/Substrate/Glints2/dict_0000_0058" 6875
"/Engine/EngineMaterials/Substrate/Glints2/dict_0000_0057" 6876
"/Engine/EngineMaterials/Substrate/Glints2/dict_0000_0056" 6877
"/Engine/EngineMaterials/Substrate/Glints2/dict_0000_0055" 6878
"/Engine/EngineMaterials/Substrate/Glints2/dict_0000_0054" 6879
"/Engine/EngineMaterials/Substrate/Glints2/dict_0000_0053" 6880
"/Engine/EngineMaterials/Substrate/Glints2/dict_0000_0052" 6881
"/Engine/EngineMaterials/Substrate/Glints2/dict_0000_0051" 6882
"/Engine/EngineMaterials/Substrate/Glints2/dict_0000_0050" 6883
"/Engine/EngineMaterials/Substrate/Glints2/dict_0000_0049" 6884
"/Engine/EngineMaterials/Substrate/Glints2/dict_0000_0048" 6885
"/Engine/EngineMaterials/Substrate/Glints2/dict_0000_0047" 6886
"/Engine/EngineMaterials/Substrate/Glints2/dict_0000_0046" 6887
"/Engine/EngineMaterials/Substrate/Glints2/dict_0000_0045" 6888
"../../../Engine/Content/EngineMaterials/Substrate/Glints2/dict_0000_0077.uasset" 6889
"../../../Engine/Content/EngineMaterials/Substrate/Glints2/dict_0000_0078.uasset" 6890
"../../../Engine/Content/EngineMaterials/Substrate/Glints2/dict_0000_0079.uasset" 6891
"../../../Engine/Content/EngineMaterials/Substrate/Glints2/dict_0000_0080.uasset" 6892
"../../../Engine/Content/EngineMaterials/Substrate/Glints2/dict_0000_0081.uasset" 6893
"../../../Engine/Content/EngineMaterials/Substrate/Glints2/dict_0000_0082.uasset" 6894
"../../../Engine/Content/EngineMaterials/Substrate/Glints2/dict_0000_0083.uasset" 6895
"../../../Engine/Content/EngineMaterials/Substrate/Glints2/dict_0000_0085.uasset" 6896
"../../../Engine/Content/EngineMaterials/Substrate/Glints2/dict_0000_0086.uasset" 6897
"../../../Engine/Content/EngineMaterials/Substrate/Glints2/dict_0000_0084.uasset" 6898
"../../../Engine/Content/EngineMaterials/Substrate/Glints2/dict_0000_0087.uasset" 6899
"../../../Engine/Content/EngineMaterials/Substrate/Glints2/dict_0000_0088.uasset" 6900
"../../../Engine/Content/EngineMaterials/Substrate/Glints2/dict_0000_0089.uasset" 6901
"../../../Engine/Content/EngineMaterials/Substrate/Glints2/dict_0000_0090.uasset" 6902
"../../../Engine/Content/EngineMaterials/Substrate/Glints2/dict_0000_0091.uasset" 6903
"../../../Engine/Content/EngineMaterials/Substrate/Glints2/dict_0000_0092.uasset" 6904
"../../../Engine/Content/EngineMaterials/Substrate/Glints2/dict_0000_0093.uasset" 6905
"../../../Engine/Content/EngineMaterials/Substrate/Glints2/dict_0000_0094.uasset" 6906
"/Engine/EngineMaterials/Substrate/Glints2/dict_0000_0076" 6907
"/Engine/EngineMaterials/Substrate/Glints2/dict_0000_0075" 6908
"/Engine/EngineMaterials/Substrate/Glints2/dict_0000_0074" 6909
"/Engine/EngineMaterials/Substrate/Glints2/dict_0000_0073" 6910
"/Engine/EngineMaterials/Substrate/Glints2/dict_0000_0072" 6911
"/Engine/EngineMaterials/Substrate/Glints2/dict_0000_0071" 6912
"/Engine/EngineMaterials/Substrate/Glints2/dict_0000_0070" 6913
"/Engine/EngineMaterials/Substrate/Glints2/dict_0000_0069" 6914
"/Engine/EngineMaterials/Substrate/Glints2/dict_0000_0068" 6915
"/Engine/EngineMaterials/Substrate/Glints2/dict_0000_0067" 6916
"/Engine/EngineMaterials/Substrate/Glints2/dict_0000_0066" 6917
"/Engine/EngineMaterials/Substrate/Glints2/dict_0000_0065" 6918
"/Engine/EngineMaterials/Substrate/Glints2/dict_0000_0064" 6919
"/Engine/EngineMaterials/Substrate/Glints2/dict_0000_0063" 6920
"../../../Engine/Content/EngineMaterials/Substrate/Glints2/dict_0000_0095.uasset" 6921
"../../../Engine/Content/EngineMaterials/Substrate/Glints2/dict_0000_0096.uasset" 6922
"../../../Engine/Content/EngineMaterials/Substrate/Glints2/dict_0000_0097.uasset" 6923
"../../../Engine/Content/EngineMaterials/Substrate/Glints2/dict_0000_0098.uasset" 6924
"../../../Engine/Content/EngineMaterials/Substrate/Glints2/dict_0000_0099.uasset" 6925
"../../../Engine/Content/EngineMaterials/Substrate/Glints2/dict_0000_0100.uasset" 6926
"../../../Engine/Content/EngineMaterials/Substrate/Glints2/dict_0000_0101.uasset" 6927
"../../../Engine/Content/EngineMaterials/Substrate/Glints2/dict_0000_0102.uasset" 6928
"../../../Engine/Content/EngineMaterials/Substrate/Glints2/dict_0000_0103.uasset" 6929
"../../../Engine/Content/EngineMaterials/Substrate/Glints2/dict_0000_0104.uasset" 6930
"../../../Engine/Content/EngineMaterials/Substrate/Glints2/dict_0000_0105.uasset" 6931
"../../../Engine/Content/EngineMaterials/Substrate/Glints2/dict_0000_0106.uasset" 6932
"../../../Engine/Content/EngineMaterials/Substrate/Glints2/dict_0000_0107.uasset" 6933
"../../../Engine/Content/EngineMaterials/Substrate/Glints2/dict_0000_0108.uasset" 6934
"/Engine/EngineMaterials/Substrate/Glints2/dict_0000_0094" 6935
"/Engine/EngineMaterials/Substrate/Glints2/dict_0000_0093" 6936
"/Engine/EngineMaterials/Substrate/Glints2/dict_0000_0092" 6937
"/Engine/EngineMaterials/Substrate/Glints2/dict_0000_0091" 6938
"/Engine/EngineMaterials/Substrate/Glints2/dict_0000_0090" 6939
"/Engine/EngineMaterials/Substrate/Glints2/dict_0000_0089" 6940
"/Engine/EngineMaterials/Substrate/Glints2/dict_0000_0088" 6941
"/Engine/EngineMaterials/Substrate/Glints2/dict_0000_0087" 6942
"/Engine/EngineMaterials/Substrate/Glints2/dict_0000_0086" 6943
"/Engine/EngineMaterials/Substrate/Glints2/dict_0000_0085" 6944
"/Engine/EngineMaterials/Substrate/Glints2/dict_0000_0084" 6945
"/Engine/EngineMaterials/Substrate/Glints2/dict_0000_0083" 6946
"/Engine/EngineMaterials/Substrate/Glints2/dict_0000_0082" 6947
"/Engine/EngineMaterials/Substrate/Glints2/dict_0000_0081" 6948
"/Engine/EngineMaterials/Substrate/Glints2/dict_0000_0080" 6949
"/Engine/EngineMaterials/Substrate/Glints2/dict_0000_0079" 6950
"/Engine/EngineMaterials/Substrate/Glints2/dict_0000_0078" 6951
"/Engine/EngineMaterials/Substrate/Glints2/dict_0000_0077" 6952
"/Engine/EngineMaterials/Substrate/Glints2/dict_0000_0108" 6953
"../../../Engine/Content/EngineMaterials/Substrate/Glints2/dict_0000_0109.uasset" 6954
"../../../Engine/Content/EngineMaterials/Substrate/Glints2/dict_0000_0110.uasset" 6955
"/Engine/EngineMaterials/Substrate/Glints2/dict_0000_0107" 6956
"../../../Engine/Content/EngineMaterials/Substrate/Glints2/dict_0000_0111.uasset" 6957
"../../../Engine/Content/EngineMaterials/Substrate/Glints2/dict_0000_0112.uasset" 6958
"/Engine/EngineMaterials/Substrate/Glints2/dict_0000_0106" 6959
"../../../Engine/Content/EngineMaterials/Substrate/Glints2/dict_0000_0113.uasset" 6960
"../../../Engine/Content/EngineMaterials/Substrate/Glints2/dict_0000_0114.uasset" 6961
"../../../Engine/Content/EngineMaterials/Substrate/Glints2/dict_0000_0115.uasset" 6962
"/Engine/EngineMaterials/Substrate/Glints2/dict_0000_0105" 6963
"../../../Engine/Content/EngineMaterials/Substrate/Glints2/dict_0000_0116.uasset" 6964
"../../../Engine/Content/EngineMaterials/Substrate/Glints2/dict_0000_0117.uasset" 6965
"/Engine/EngineMaterials/Substrate/Glints2/dict_0000_0104" 6966
"../../../Engine/Content/EngineMaterials/Substrate/Glints2/dict_0000_0118.uasset" 6967
"../../../Engine/Content/EngineMaterials/Substrate/Glints2/dict_0000_0119.uasset" 6968
"/Engine/EngineMaterials/Substrate/Glints2/dict_0000_0103" 6969
"../../../Engine/Content/EngineMaterials/Substrate/Glints2/dict_0000_0121.uasset" 6970
"../../../Engine/Content/EngineMaterials/Substrate/Glints2/dict_0000_0120.uasset" 6971
"../../../Engine/Content/EngineMaterials/Substrate/Glints2/dict_0000_0123.uasset" 6972
"../../../Engine/Content/EngineMaterials/Substrate/Glints2/dict_0000_0122.uasset" 6973
"/Engine/EngineMaterials/Substrate/Glints2/dict_0000_0102" 6974
"../../../Engine/Content/EngineMaterials/Substrate/Glints2/dict_0000_0124.uasset" 6975
"/Engine/EngineMaterials/Substrate/Glints2/dict_0000_0101" 6976
"../../../Engine/Content/EngineMaterials/Substrate/Glints2/dict_0000_0125.uasset" 6977
"../../../Engine/Content/EngineMaterials/Substrate/Glints2/dict_0000_0126.uasset" 6978
"/Engine/EngineMaterials/Substrate/Glints2/dict_0000_0100" 6979
"/Engine/EngineMaterials/Substrate/Glints2/dict_0000_0099" 6980
"/Engine/EngineMaterials/Substrate/Glints2/dict_0000_0098" 6981
"/Engine/EngineMaterials/Substrate/Glints2/dict_0000_0097" 6982
"/Engine/EngineMaterials/Substrate/Glints2/dict_0000_0096" 6983
"/Engine/EngineMaterials/Substrate/Glints2/dict_0000_0095" 6984
"../../../Engine/Content/EngineMaterials/Substrate/Glints2/dict_0000_0127.uasset" 6985
"../../../Engine/Content/EngineMaterials/Substrate/Glints2/dict_0000_0128.uasset" 6986
"/Engine/EngineMaterials/Substrate/Glints2/dict_0000_0126" 6987
"../../../Engine/Content/EngineMaterials/Substrate/Glints2/dict_0000_0129.uasset" 6988
"../../../Engine/Content/EngineMaterials/Substrate/Glints2/dict_0000_0130.uasset" 6989
"../../../Engine/Content/EngineMaterials/Substrate/Glints2/dict_0000_0131.uasset" 6990
"../../../Engine/Content/EngineMaterials/Substrate/Glints2/dict_0000_0132.uasset" 6991
"/Engine/EngineMaterials/Substrate/Glints2/dict_0000_0125" 6992
"../../../Engine/Content/EngineMaterials/Substrate/Glints2/dict_0000_0133.uasset" 6993
"../../../Engine/Content/EngineMaterials/Substrate/Glints2/dict_0000_0134.uasset" 6994
"../../../Engine/Content/EngineMaterials/Substrate/Glints2/dict_0000_0135.uasset" 6995
"../../../Engine/Content/EngineMaterials/Substrate/Glints2/dict_0000_0136.uasset" 6996
"/Engine/EngineMaterials/Substrate/Glints2/dict_0000_0124" 6997
"../../../Engine/Content/EngineMaterials/Substrate/Glints2/dict_0000_0137.uasset" 6998
"../../../Engine/Content/EngineMaterials/Substrate/Glints2/dict_0000_0138.uasset" 6999
"../../../Engine/Content/EngineMaterials/Substrate/Glints2/dict_0000_0140.uasset" 7000
"../../../Engine/Content/EngineMaterials/Substrate/Glints2/dict_0000_0139.uasset" 7001
"/Engine/EngineMaterials/Substrate/Glints2/dict_0000_0123" 7002
"/Engine/EngineMaterials/Substrate/Glints2/dict_0000_0122" 7003
"/Engine/EngineMaterials/Substrate/Glints2/dict_0000_0121" 7004
"/Engine/EngineMaterials/Substrate/Glints2/dict_0000_0120" 7005
"/Engine/EngineMaterials/Substrate/Glints2/dict_0000_0119" 7006
"/Engine/EngineMaterials/Substrate/Glints2/dict_0000_0118" 7007
"/Engine/EngineMaterials/Substrate/Glints2/dict_0000_0117" 7008
"/Engine/EngineMaterials/Substrate/Glints2/dict_0000_0116" 7009
"/Engine/EngineMaterials/Substrate/Glints2/dict_0000_0115" 7010
"/Engine/EngineMaterials/Substrate/Glints2/dict_0000_0114" 7011
"/Engine/EngineMaterials/Substrate/Glints2/dict_0000_0113" 7012
"/Engine/EngineMaterials/Substrate/Glints2/dict_0000_0112" 7013
"/Engine/EngineMaterials/Substrate/Glints2/dict_0000_0111" 7014
"/Engine/EngineMaterials/Substrate/Glints2/dict_0000_0110" 7015
"/Engine/EngineMaterials/Substrate/Glints2/dict_0000_0109" 7016
"/Engine/EngineMaterials/Substrate/Glints2/dict_0000_0140" 7017
"../../../Engine/Content/EngineMaterials/Substrate/Glints2/dict_0000_0142.uasset" 7018
"../../../Engine/Content/EngineMaterials/Substrate/Glints2/dict_0000_0141.uasset" 7019
"../../../Engine/Content/EngineMaterials/Substrate/Glints2/dict_0000_0143.uasset" 7020
"/Engine/EngineMaterials/Substrate/Glints2/dict_0000_0139" 7021
"../../../Engine/Content/EngineMaterials/Substrate/Glints2/dict_0000_0144.uasset" 7022
"../../../Engine/Content/EngineMaterials/Substrate/Glints2/dict_0000_0145.uasset" 7023
"../../../Engine/Content/EngineMaterials/Substrate/Glints2/dict_0000_0146.uasset" 7024
"../../../Engine/Content/EngineMaterials/Substrate/Glints2/dict_0000_0147.uasset" 7025
"../../../Engine/Content/EngineMaterials/Substrate/Glints2/dict_0000_0148.uasset" 7026
"../../../Engine/Content/EngineMaterials/Substrate/Glints2/dict_0000_0149.uasset" 7027
"../../../Engine/Content/EngineMaterials/Substrate/Glints2/dict_0000_0150.uasset" 7028
"../../../Engine/Content/EngineMaterials/Substrate/Glints2/dict_0000_0151.uasset" 7029
"../../../Engine/Content/EngineMaterials/Substrate/Glints2/dict_0000_0152.uasset" 7030
"/Engine/EngineMaterials/Substrate/Glints2/dict_0000_0138" 7031
"../../../Engine/Content/EngineMaterials/Substrate/Glints2/dict_0000_0153.uasset" 7032
"../../../Engine/Content/EngineMaterials/Substrate/Glints2/dict_0000_0155.uasset" 7033
"/Engine/EngineMaterials/Substrate/Glints2/dict_0000_0137" 7034
"../../../Engine/Content/EngineMaterials/Substrate/Glints2/dict_0000_0156.uasset" 7035
"../../../Engine/Content/EngineMaterials/Substrate/Glints2/dict_0000_0154.uasset" 7036
"../../../Engine/Content/EngineMaterials/Substrate/Glints2/dict_0000_0157.uasset" 7037
"../../../Engine/Content/EngineMaterials/Substrate/Glints2/dict_0000_0158.uasset" 7038
"/Engine/EngineMaterials/Substrate/Glints2/dict_0000_0136" 7039
"/Engine/EngineMaterials/Substrate/Glints2/dict_0000_0135" 7040
"/Engine/EngineMaterials/Substrate/Glints2/dict_0000_0134" 7041
"/Engine/EngineMaterials/Substrate/Glints2/dict_0000_0133" 7042
"/Engine/EngineMaterials/Substrate/Glints2/dict_0000_0132" 7043
"/Engine/EngineMaterials/Substrate/Glints2/dict_0000_0131" 7044
"/Engine/EngineMaterials/Substrate/Glints2/dict_0000_0130" 7045
"/Engine/EngineMaterials/Substrate/Glints2/dict_0000_0129" 7046
"/Engine/EngineMaterials/Substrate/Glints2/dict_0000_0128" 7047
"/Engine/EngineMaterials/Substrate/Glints2/dict_0000_0127" 7048
"../../../Engine/Content/EngineMaterials/Substrate/Glints2/dict_0000_0159.uasset" 7049
"/Engine/EngineMaterials/Substrate/Glints2/dict_0000_0158" 7050
"../../../Engine/Content/EngineMaterials/Substrate/Glints2/dict_0000_0160.uasset" 7051
"/Engine/EngineMaterials/Substrate/Glints2/dict_0000_0157" 7052
"../../../Engine/Content/EngineMaterials/Substrate/Glints2/dict_0000_0161.uasset" 7053
"../../../Engine/Content/EngineMaterials/Substrate/Glints2/dict_0000_0162.uasset" 7054
"/Engine/EngineMaterials/Substrate/Glints2/dict_0000_0156" 7055
"../../../Engine/Content/EngineMaterials/Substrate/Glints2/dict_0000_0163.uasset" 7056
"../../../Engine/Content/EngineMaterials/Substrate/Glints2/dict_0000_0164.uasset" 7057
"../../../Engine/Content/EngineMaterials/Substrate/Glints2/dict_0000_0165.uasset" 7058
"/Engine/EngineMaterials/Substrate/Glints2/dict_0000_0155" 7059
"../../../Engine/Content/EngineMaterials/Substrate/Glints2/dict_0000_0166.uasset" 7060
"../../../Engine/Content/EngineMaterials/Substrate/Glints2/dict_0000_0167.uasset" 7061
"../../../Engine/Content/EngineMaterials/Substrate/Glints2/dict_0000_0168.uasset" 7062
"/Engine/EngineMaterials/Substrate/Glints2/dict_0000_0154" 7063
"../../../Engine/Content/EngineMaterials/Substrate/Glints2/dict_0000_0169.uasset" 7064
"../../../Engine/Content/EngineMaterials/Substrate/Glints2/dict_0000_0170.uasset" 7065
"../../../Engine/Content/EngineMaterials/Substrate/Glints2/dict_0000_0171.uasset" 7066
"/Engine/EngineMaterials/Substrate/Glints2/dict_0000_0153" 7067
"../../../Engine/Content/EngineMaterials/Substrate/Glints2/dict_0000_0172.uasset" 7068
"/Engine/EngineMaterials/Substrate/Glints2/dict_0000_0152" 7069
"/Engine/EngineMaterials/Substrate/Glints2/dict_0000_0151" 7070
"/Engine/EngineMaterials/Substrate/Glints2/dict_0000_0150" 7071
"/Engine/EngineMaterials/Substrate/Glints2/dict_0000_0149" 7072
"/Engine/EngineMaterials/Substrate/Glints2/dict_0000_0148" 7073
"/Engine/EngineMaterials/Substrate/Glints2/dict_0000_0147" 7074
"/Engine/EngineMaterials/Substrate/Glints2/dict_0000_0146" 7075
"/Engine/EngineMaterials/Substrate/Glints2/dict_0000_0145" 7076
"/Engine/EngineMaterials/Substrate/Glints2/dict_0000_0144" 7077
"/Engine/EngineMaterials/Substrate/Glints2/dict_0000_0143" 7078
"/Engine/EngineMaterials/Substrate/Glints2/dict_0000_0142" 7079
"/Engine/EngineMaterials/Substrate/Glints2/dict_0000_0141" 7080
"../../../Engine/Content/EngineMaterials/Substrate/Glints2/dict_0000_0174.uasset" 7081
"/Engine/EngineMaterials/Substrate/Glints2/dict_0000_0172" 7082
"../../../Engine/Content/EngineMaterials/Substrate/Glints2/dict_0000_0173.uasset" 7083
"../../../Engine/Content/EngineMaterials/Substrate/Glints2/dict_0000_0175.uasset" 7084
"../../../Engine/Content/EngineMaterials/Substrate/Glints2/dict_0000_0176.uasset" 7085
"../../../Engine/Content/EngineMaterials/Substrate/Glints2/dict_0000_0177.uasset" 7086
"/Engine/EngineMaterials/Substrate/Glints2/dict_0000_0171" 7087
"../../../Engine/Content/EngineMaterials/Substrate/Glints2/dict_0000_0178.uasset" 7088
"../../../Engine/Content/EngineMaterials/Substrate/Glints2/dict_0000_0179.uasset" 7089
"../../../Engine/Content/EngineMaterials/Substrate/Glints2/dict_0000_0180.uasset" 7090
"../../../Engine/Content/EngineMaterials/Substrate/Glints2/dict_0000_0181.uasset" 7091
"/Engine/EngineMaterials/Substrate/Glints2/dict_0000_0170" 7092
"../../../Engine/Content/EngineMaterials/Substrate/Glints2/dict_0000_0182.uasset" 7093
"../../../Engine/Content/EngineMaterials/Substrate/Glints2/dict_0000_0183.uasset" 7094
"/Engine/EngineMaterials/Substrate/Glints2/dict_0000_0169" 7095
"../../../Engine/Content/EngineMaterials/Substrate/Glints2/dict_0000_0184.uasset" 7096
"../../../Engine/Content/EngineMaterials/Substrate/Glints2/dict_0000_0185.uasset" 7097
"../../../Engine/Content/EngineMaterials/Substrate/Glints2/dict_0000_0186.uasset" 7098
"../../../Engine/Content/EngineMaterials/Substrate/Glints2/dict_0000_0187.uasset" 7099
"../../../Engine/Content/EngineMaterials/Substrate/Glints2/dict_0000_0188.uasset" 7100
"../../../Engine/Content/EngineMaterials/Substrate/Glints2/dict_0000_0189.uasset" 7101
"/Engine/EngineMaterials/Substrate/Glints2/dict_0000_0168" 7102
"../../../Engine/Content/EngineMaterials/Substrate/Glints2/dict_0000_0190.uasset" 7103
"/Engine/EngineMaterials/Substrate/Glints2/dict_0000_0167" 7104
"/Engine/EngineMaterials/Substrate/Glints2/dict_0000_0166" 7105
"/Engine/EngineMaterials/Substrate/Glints2/dict_0000_0165" 7106
"/Engine/EngineMaterials/Substrate/Glints2/dict_0000_0164" 7107
"/Engine/EngineMaterials/Substrate/Glints2/dict_0000_0163" 7108
"/Engine/EngineMaterials/Substrate/Glints2/dict_0000_0162" 7109
"/Engine/EngineMaterials/Substrate/Glints2/dict_0000_0161" 7110
"/Engine/EngineMaterials/Substrate/Glints2/dict_0000_0160" 7111
"/Engine/EngineMaterials/Substrate/Glints2/dict_0000_0159" 7112
"../../../Engine/Content/EngineMaterials/Substrate/Glints2/dict_0000_0191.uasset" 7113
"/Engine/EngineMaterials/Substrate/Glints2/dict_0000_0190" 7114
"../../../Engine/Content/EngineMaterials/Substrate/Glints2/dict_0000_0193.uasset" 7115
"../../../Engine/Content/EngineMaterials/Substrate/Glints2/dict_0000_0192.uasset" 7116
"../../../Engine/Content/EngineMaterials/Substrate/Glints2/dict_0000_0194.uasset" 7117
"../../../Engine/Content/EngineMaterials/Substrate/Glints2/dict_0000_0195.uasset" 7118
"/Engine/EngineMaterials/Substrate/Glints2/dict_0000_0189" 7119
"../../../Engine/Content/EngineMaterials/Substrate/Glints2/dict_0000_0196.uasset" 7120
"../../../Engine/Content/EngineMaterials/Substrate/Glints2/dict_0000_0197.uasset" 7121
"../../../Engine/Content/EngineMaterials/Substrate/Glints2/dict_0000_0198.uasset" 7122
"../../../Engine/Content/EngineMaterials/Substrate/Glints2/dict_0000_0199.uasset" 7123
"../../../Engine/Content/EngineMaterials/Substrate/Glints2/dict_0000_0200.uasset" 7124
"/Engine/EngineMaterials/Substrate/Glints2/dict_0000_0188" 7125
"../../../Engine/Content/EngineMaterials/Substrate/Glints2/dict_0000_0201.uasset" 7126
"../../../Engine/Content/EngineMaterials/Substrate/Glints2/dict_0000_0202.uasset" 7127
"../../../Engine/Content/EngineMaterials/Substrate/Glints2/dict_0000_0203.uasset" 7128
"../../../Engine/Content/EngineMaterials/Substrate/Glints2/dict_0000_0204.uasset" 7129
"/Engine/EngineMaterials/Substrate/Glints2/dict_0000_0187" 7130
"/Engine/EngineMaterials/Substrate/Glints2/dict_0000_0186" 7131
"/Engine/EngineMaterials/Substrate/Glints2/dict_0000_0185" 7132
"/Engine/EngineMaterials/Substrate/Glints2/dict_0000_0184" 7133
"/Engine/EngineMaterials/Substrate/Glints2/dict_0000_0183" 7134
"/Engine/EngineMaterials/Substrate/Glints2/dict_0000_0182" 7135
"/Engine/EngineMaterials/Substrate/Glints2/dict_0000_0181" 7136
"/Engine/EngineMaterials/Substrate/Glints2/dict_0000_0180" 7137
"/Engine/EngineMaterials/Substrate/Glints2/dict_0000_0179" 7138
"/Engine/EngineMaterials/Substrate/Glints2/dict_0000_0178" 7139
"/Engine/EngineMaterials/Substrate/Glints2/dict_0000_0177" 7140
"/Engine/EngineMaterials/Substrate/Glints2/dict_0000_0176" 7141
"/Engine/EngineMaterials/Substrate/Glints2/dict_0000_0191" 7142
"/Engine/EngineMaterials/Substrate/Glints2/dict_0000_0175" 7143
"/Engine/EngineMaterials/Substrate/Glints2/dict_0000_0174" 7144
"/Engine/EngineMaterials/Substrate/Glints2/dict_0000_0173" 7145
"../../../Engine/Content/EngineMaterials/Substrate/Glints2/dict_0000_0205.uasset" 7146
"/Engine/EngineMaterials/Substrate/Glints2/dict_0000_0204" 7147
"../../../Engine/Content/EngineMaterials/Substrate/Glints2/dict_0000_0206.uasset" 7148
"../../../Engine/Content/EngineMaterials/Substrate/Glints2/dict_0000_0207.uasset" 7149
"/Engine/EngineMaterials/Substrate/Glints2/dict_0000_0203" 7150
"../../../Engine/Content/EngineMaterials/Substrate/Glints2/dict_0000_0208.uasset" 7151
"../../../Engine/Content/EngineMaterials/Substrate/Glints2/dict_0000_0209.uasset" 7152
"../../../Engine/Content/EngineMaterials/Substrate/Glints2/dict_0000_0210.uasset" 7153
"/Engine/EngineMaterials/Substrate/Glints2/dict_0000_0202" 7154
"../../../Engine/Content/EngineMaterials/Substrate/Glints2/dict_0000_0211.uasset" 7155
"../../../Engine/Content/EngineMaterials/Substrate/Glints2/dict_0000_0212.uasset" 7156
"../../../Engine/Content/EngineMaterials/Substrate/Glints2/dict_0000_0213.uasset" 7157
"/Engine/EngineMaterials/Substrate/Glints2/dict_0000_0201" 7158
"../../../Engine/Content/EngineMaterials/Substrate/Glints2/dict_0000_0214.uasset" 7159
"../../../Engine/Content/EngineMaterials/Substrate/Glints2/dict_0000_0215.uasset" 7160
"/Engine/EngineMaterials/Substrate/Glints2/dict_0000_0200" 7161
"../../../Engine/Content/EngineMaterials/Substrate/Glints2/dict_0000_0217.uasset" 7162
"/Engine/EngineMaterials/Substrate/Glints2/dict_0000_0199" 7163
"../../../Engine/Content/EngineMaterials/Substrate/Glints2/dict_0000_0218.uasset" 7164
"../../../Engine/Content/EngineMaterials/Substrate/Glints2/dict_0000_0216.uasset" 7165
"../../../Engine/Content/EngineMaterials/Substrate/Glints2/dict_0000_0219.uasset" 7166
"../../../Engine/Content/EngineMaterials/Substrate/Glints2/dict_0000_0220.uasset" 7167
"/Engine/EngineMaterials/Substrate/Glints2/dict_0000_0198" 7168
"../../../Engine/Content/EngineMaterials/Substrate/Glints2/dict_0000_0221.uasset" 7169
"../../../Engine/Content/EngineMaterials/Substrate/Glints2/dict_0000_0222.uasset" 7170
"../../../Engine/Content/EngineMaterials/Substrate/Glints2/dict_0000_0223.uasset" 7171
"/Engine/EngineMaterials/Substrate/Glints2/dict_0000_0197" 7172
"/Engine/EngineMaterials/Substrate/Glints2/dict_0000_0196" 7173
"/Engine/EngineMaterials/Substrate/Glints2/dict_0000_0195" 7174
"/Engine/EngineMaterials/Substrate/Glints2/dict_0000_0194" 7175
"/Engine/EngineMaterials/Substrate/Glints2/dict_0000_0193" 7176
"/Engine/EngineMaterials/Substrate/Glints2/dict_0000_0192" 7177
"../../../Engine/Content/EngineMaterials/Substrate/Glints2/dict_0000_0224.uasset" 7178
"/Engine/EngineMaterials/Substrate/Glints2/dict_0000_0223" 7179
"../../../Engine/Content/EngineMaterials/Substrate/Glints2/dict_0000_0225.uasset" 7180
"../../../Engine/Content/EngineMaterials/Substrate/Glints2/dict_0000_0226.uasset" 7181
"../../../Engine/Content/EngineMaterials/Substrate/Glints2/dict_0000_0227.uasset" 7182
"/Engine/EngineMaterials/Substrate/Glints2/dict_0000_0222" 7183
"../../../Engine/Content/EngineMaterials/Substrate/Glints2/dict_0000_0228.uasset" 7184
"../../../Engine/Content/EngineMaterials/Substrate/Glints2/dict_0000_0229.uasset" 7185
"/Engine/EngineMaterials/Substrate/Glints2/dict_0000_0221" 7186
"../../../Engine/Content/EngineMaterials/Substrate/Glints2/dict_0000_0230.uasset" 7187
"../../../Engine/Content/EngineMaterials/Substrate/Glints2/dict_0000_0231.uasset" 7188
"/Engine/EngineMaterials/Substrate/Glints2/dict_0000_0220" 7189
"/Engine/EngineMaterials/Substrate/Glints2/dict_0000_0219" 7190
"../../../Engine/Content/EngineMaterials/Substrate/Glints2/dict_0000_0233.uasset" 7191
"../../../Engine/Content/EngineMaterials/Substrate/Glints2/dict_0000_0232.uasset" 7192
"/Engine/EngineMaterials/Substrate/Glints2/dict_0000_0218" 7193
"../../../Engine/Content/EngineMaterials/Substrate/Glints2/dict_0000_0234.uasset" 7194
"../../../Engine/Content/EngineMaterials/Substrate/Glints2/dict_0000_0235.uasset" 7195
"../../../Engine/Content/EngineMaterials/Substrate/Glints2/dict_0000_0236.uasset" 7196
"/Engine/EngineMaterials/Substrate/Glints2/dict_0000_0217" 7197
"/Engine/EngineMaterials/Substrate/Glints2/dict_0000_0216" 7198
"/Engine/EngineMaterials/Substrate/Glints2/dict_0000_0215" 7199
"/Engine/EngineMaterials/Substrate/Glints2/dict_0000_0214" 7200
"/Engine/EngineMaterials/Substrate/Glints2/dict_0000_0213" 7201
"/Engine/EngineMaterials/Substrate/Glints2/dict_0000_0212" 7202
"/Engine/EngineMaterials/Substrate/Glints2/dict_0000_0211" 7203
"/Engine/EngineMaterials/Substrate/Glints2/dict_0000_0210" 7204
"/Engine/EngineMaterials/Substrate/Glints2/dict_0000_0209" 7205
"/Engine/EngineMaterials/Substrate/Glints2/dict_0000_0208" 7206
"/Engine/EngineMaterials/Substrate/Glints2/dict_0000_0207" 7207
"/Engine/EngineMaterials/Substrate/Glints2/dict_0000_0206" 7208
"/Engine/EngineMaterials/Substrate/Glints2/dict_0000_0205" 7209
"../../../Engine/Content/EngineMaterials/Substrate/Glints2/dict_0000_0237.uasset" 7210
"/Engine/EngineMaterials/Substrate/Glints2/dict_0000_0236" 7211
"../../../Engine/Content/EngineMaterials/Substrate/Glints2/dict_0000_0238.uasset" 7212
"../../../Engine/Content/EngineMaterials/Substrate/Glints2/dict_0000_0239.uasset" 7213
"../../../Engine/Content/EngineMaterials/Substrate/Glints2/dict_0000_0240.uasset" 7214
"/Engine/EngineMaterials/Substrate/Glints2/dict_0000_0235" 7215
"../../../Engine/Content/EngineMaterials/Substrate/Glints2/dict_0000_0241.uasset" 7216
"../../../Engine/Content/EngineMaterials/Substrate/Glints2/dict_0000_0242.uasset" 7217
"../../../Engine/Content/EngineMaterials/Substrate/Glints2/dict_0000_0243.uasset" 7218
"/Engine/EngineMaterials/Substrate/Glints2/dict_0000_0234" 7219
"../../../Engine/Content/EngineMaterials/Substrate/Glints2/dict_0000_0244.uasset" 7220
"../../../Engine/Content/EngineMaterials/Substrate/Glints2/dict_0000_0245.uasset" 7221
"../../../Engine/Content/EngineMaterials/Substrate/Glints2/dict_0000_0246.uasset" 7222
"/Engine/EngineMaterials/Substrate/Glints2/dict_0000_0233" 7223
"../../../Engine/Content/EngineMaterials/Substrate/Glints2/dict_0000_0247.uasset" 7224
"../../../Engine/Content/EngineMaterials/Substrate/Glints2/dict_0000_0248.uasset" 7225
"../../../Engine/Content/EngineMaterials/Substrate/Glints2/dict_0000_0249.uasset" 7226
"../../../Engine/Content/EngineMaterials/Substrate/Glints2/dict_0000_0250.uasset" 7227
"/Engine/EngineMaterials/Substrate/Glints2/dict_0000_0232" 7228
"../../../Engine/Content/EngineMaterials/Substrate/Glints2/dict_0000_0251.uasset" 7229
"../../../Engine/Content/EngineMaterials/Substrate/Glints2/dict_0000_0252.uasset" 7230
"../../../Engine/Content/EngineMaterials/Substrate/Glints2/dict_0000_0253.uasset" 7231
"../../../Engine/Content/EngineMaterials/Substrate/Glints2/dict_0000_0254.uasset" 7232
"../../../Engine/Content/EngineMaterials/Substrate/Glints2/dict_0000_0255.uasset" 7233
"/Engine/EngineMaterials/Substrate/Glints2/dict_0000_0231" 7234
"/Engine/EngineMaterials/Substrate/Glints2/dict_0000_0230" 7235
"/Engine/EngineMaterials/Substrate/Glints2/dict_0000_0229" 7236
"/Engine/EngineMaterials/Substrate/Glints2/dict_0000_0228" 7237
"/Engine/EngineMaterials/Substrate/Glints2/dict_0000_0227" 7238
"/Engine/EngineMaterials/Substrate/Glints2/dict_0000_0226" 7239
"/Engine/EngineMaterials/Substrate/Glints2/dict_0000_0225" 7240
"/Engine/EngineMaterials/Substrate/Glints2/dict_0000_0224" 7241
"/Engine/EngineMaterials/Substrate/Glints2/dict_0000_0255" 7242
"../../../Engine/Content/EngineMaterials/Substrate/Glints2/dict_0001_0000.uasset" 7243
"../../../Engine/Content/EngineMaterials/Substrate/Glints2/dict_0001_0002.uasset" 7244
"/Engine/EngineMaterials/Substrate/Glints2/dict_0000_0254" 7245
"../../../Engine/Content/EngineMaterials/Substrate/Glints2/dict_0001_0003.uasset" 7246
"/Engine/EngineMaterials/Substrate/Glints2/dict_0000_0253" 7247
"../../../Engine/Content/EngineMaterials/Substrate/Glints2/dict_0001_0004.uasset" 7248
"../../../Engine/Content/EngineMaterials/Substrate/Glints2/dict_0001_0001.uasset" 7249
"../../../Engine/Content/EngineMaterials/Substrate/Glints2/dict_0001_0005.uasset" 7250
"/Engine/EngineMaterials/Substrate/Glints2/dict_0000_0252" 7251
"../../../Engine/Content/EngineMaterials/Substrate/Glints2/dict_0001_0006.uasset" 7252
"../../../Engine/Content/EngineMaterials/Substrate/Glints2/dict_0001_0007.uasset" 7253
"../../../Engine/Content/EngineMaterials/Substrate/Glints2/dict_0001_0008.uasset" 7254
"../../../Engine/Content/EngineMaterials/Substrate/Glints2/dict_0001_0009.uasset" 7255
"../../../Engine/Content/EngineMaterials/Substrate/Glints2/dict_0001_0010.uasset" 7256
"../../../Engine/Content/EngineMaterials/Substrate/Glints2/dict_0001_0011.uasset" 7257
"../../../Engine/Content/EngineMaterials/Substrate/Glints2/dict_0001_0012.uasset" 7258
"/Engine/EngineMaterials/Substrate/Glints2/dict_0000_0251" 7259
"/Engine/EngineMaterials/Substrate/Glints2/dict_0000_0250" 7260
"/Engine/EngineMaterials/Substrate/Glints2/dict_0000_0249" 7261
"/Engine/EngineMaterials/Substrate/Glints2/dict_0000_0248" 7262
"/Engine/EngineMaterials/Substrate/Glints2/dict_0000_0247" 7263
"/Engine/EngineMaterials/Substrate/Glints2/dict_0000_0246" 7264
"/Engine/EngineMaterials/Substrate/Glints2/dict_0000_0245" 7265
"/Engine/EngineMaterials/Substrate/Glints2/dict_0000_0244" 7266
"/Engine/EngineMaterials/Substrate/Glints2/dict_0000_0243" 7267
"/Engine/EngineMaterials/Substrate/Glints2/dict_0000_0242" 7268
"/Engine/EngineMaterials/Substrate/Glints2/dict_0000_0241" 7269
"/Engine/EngineMaterials/Substrate/Glints2/dict_0000_0240" 7270
"/Engine/EngineMaterials/Substrate/Glints2/dict_0000_0239" 7271
"/Engine/EngineMaterials/Substrate/Glints2/dict_0000_0238" 7272
"/Engine/EngineMaterials/Substrate/Glints2/dict_0000_0237" 7273
"../../../Engine/Content/EngineMaterials/Substrate/Glints2/dict_0001_0013.uasset" 7274
"../../../Engine/Content/EngineMaterials/Substrate/Glints2/dict_0001_0014.uasset" 7275
"/Engine/EngineMaterials/Substrate/Glints2/dict_0001_0012" 7276
"../../../Engine/Content/EngineMaterials/Substrate/Glints2/dict_0001_0015.uasset" 7277
"/Engine/EngineMaterials/Substrate/Glints2/dict_0001_0011" 7278
"../../../Engine/Content/EngineMaterials/Substrate/Glints2/dict_0001_0016.uasset" 7279
"../../../Engine/Content/EngineMaterials/Substrate/Glints2/dict_0001_0017.uasset" 7280
"/Engine/EngineMaterials/Substrate/Glints2/dict_0001_0010" 7281
"../../../Engine/Content/EngineMaterials/Substrate/Glints2/dict_0001_0019.uasset" 7282
"/Engine/EngineMaterials/Substrate/Glints2/dict_0001_0009" 7283
"../../../Engine/Content/EngineMaterials/Substrate/Glints2/dict_0001_0020.uasset" 7284
"../../../Engine/Content/EngineMaterials/Substrate/Glints2/dict_0001_0021.uasset" 7285
"../../../Engine/Content/EngineMaterials/Substrate/Glints2/dict_0001_0022.uasset" 7286
"../../../Engine/Content/EngineMaterials/Substrate/Glints2/dict_0001_0023.uasset" 7287
"/Engine/EngineMaterials/Substrate/Glints2/dict_0001_0008" 7288
"../../../Engine/Content/EngineMaterials/Substrate/Glints2/dict_0001_0024.uasset" 7289
"../../../Engine/Content/EngineMaterials/Substrate/Glints2/dict_0001_0026.uasset" 7290
"../../../Engine/Content/EngineMaterials/Substrate/Glints2/dict_0001_0025.uasset" 7291
"../../../Engine/Content/EngineMaterials/Substrate/Glints2/dict_0001_0027.uasset" 7292
"../../../Engine/Content/EngineMaterials/Substrate/Glints2/dict_0001_0028.uasset" 7293
"../../../Engine/Content/EngineMaterials/Substrate/Glints2/dict_0001_0029.uasset" 7294
"../../../Engine/Content/EngineMaterials/Substrate/Glints2/dict_0001_0018.uasset" 7295
"../../../Engine/Content/EngineMaterials/Substrate/Glints2/dict_0001_0030.uasset" 7296
"/Engine/EngineMaterials/Substrate/Glints2/dict_0001_0007" 7297
"../../../Engine/Content/EngineMaterials/Substrate/Glints2/dict_0001_0031.uasset" 7298
"/Engine/EngineMaterials/Substrate/Glints2/dict_0001_0006" 7299
"/Engine/EngineMaterials/Substrate/Glints2/dict_0001_0005" 7300
"/Engine/EngineMaterials/Substrate/Glints2/dict_0001_0004" 7301
"/Engine/EngineMaterials/Substrate/Glints2/dict_0001_0003" 7302
"/Engine/EngineMaterials/Substrate/Glints2/dict_0001_0002" 7303
"/Engine/EngineMaterials/Substrate/Glints2/dict_0001_0001" 7304
"/Engine/EngineMaterials/Substrate/Glints2/dict_0001_0000" 7305
"../../../Engine/Content/EngineMaterials/Substrate/Glints2/dict_0001_0032.uasset" 7306
"../../../Engine/Content/EngineMaterials/Substrate/Glints2/dict_0001_0033.uasset" 7307
"/Engine/EngineMaterials/Substrate/Glints2/dict_0001_0031" 7308
"../../../Engine/Content/EngineMaterials/Substrate/Glints2/dict_0001_0034.uasset" 7309
"../../../Engine/Content/EngineMaterials/Substrate/Glints2/dict_0001_0035.uasset" 7310
"../../../Engine/Content/EngineMaterials/Substrate/Glints2/dict_0001_0036.uasset" 7311
"../../../Engine/Content/EngineMaterials/Substrate/Glints2/dict_0001_0037.uasset" 7312
"/Engine/EngineMaterials/Substrate/Glints2/dict_0001_0030" 7313
"../../../Engine/Content/EngineMaterials/Substrate/Glints2/dict_0001_0038.uasset" 7314
"../../../Engine/Content/EngineMaterials/Substrate/Glints2/dict_0001_0039.uasset" 7315
"../../../Engine/Content/EngineMaterials/Substrate/Glints2/dict_0001_0040.uasset" 7316
"../../../Engine/Content/EngineMaterials/Substrate/Glints2/dict_0001_0041.uasset" 7317
"../../../Engine/Content/EngineMaterials/Substrate/Glints2/dict_0001_0042.uasset" 7318
"../../../Engine/Content/EngineMaterials/Substrate/Glints2/dict_0001_0043.uasset" 7319
"/Engine/EngineMaterials/Substrate/Glints2/dict_0001_0029" 7320
"../../../Engine/Content/EngineMaterials/Substrate/Glints2/dict_0001_0044.uasset" 7321
"/Engine/EngineMaterials/Substrate/Glints2/dict_0001_0028" 7322
"/Engine/EngineMaterials/Substrate/Glints2/dict_0001_0027" 7323
"/Engine/EngineMaterials/Substrate/Glints2/dict_0001_0026" 7324
"/Engine/EngineMaterials/Substrate/Glints2/dict_0001_0025" 7325
"/Engine/EngineMaterials/Substrate/Glints2/dict_0001_0024" 7326
"/Engine/EngineMaterials/Substrate/Glints2/dict_0001_0023" 7327
"/Engine/EngineMaterials/Substrate/Glints2/dict_0001_0022" 7328
"/Engine/EngineMaterials/Substrate/Glints2/dict_0001_0021" 7329
"/Engine/EngineMaterials/Substrate/Glints2/dict_0001_0020" 7330
"/Engine/EngineMaterials/Substrate/Glints2/dict_0001_0019" 7331
"/Engine/EngineMaterials/Substrate/Glints2/dict_0001_0018" 7332
"/Engine/EngineMaterials/Substrate/Glints2/dict_0001_0017" 7333
"/Engine/EngineMaterials/Substrate/Glints2/dict_0001_0016" 7334
"/Engine/EngineMaterials/Substrate/Glints2/dict_0001_0015" 7335
"/Engine/EngineMaterials/Substrate/Glints2/dict_0001_0014" 7336
"/Engine/EngineMaterials/Substrate/Glints2/dict_0001_0013" 7337
"../../../Engine/Content/EngineMaterials/Substrate/Glints2/dict_0001_0046.uasset" 7338
"/Engine/EngineMaterials/Substrate/Glints2/dict_0001_0044" 7339
"../../../Engine/Content/EngineMaterials/Substrate/Glints2/dict_0001_0045.uasset" 7340
"../../../Engine/Content/EngineMaterials/Substrate/Glints2/dict_0001_0047.uasset" 7341
"../../../Engine/Content/EngineMaterials/Substrate/Glints2/dict_0001_0048.uasset" 7342
"../../../Engine/Content/EngineMaterials/Substrate/Glints2/dict_0001_0049.uasset" 7343
"../../../Engine/Content/EngineMaterials/Substrate/Glints2/dict_0001_0050.uasset" 7344
"/Engine/EngineMaterials/Substrate/Glints2/dict_0001_0043" 7345
"../../../Engine/Content/EngineMaterials/Substrate/Glints2/dict_0001_0051.uasset" 7346
"../../../Engine/Content/EngineMaterials/Substrate/Glints2/dict_0001_0052.uasset" 7347
"../../../Engine/Content/EngineMaterials/Substrate/Glints2/dict_0001_0053.uasset" 7348
"../../../Engine/Content/EngineMaterials/Substrate/Glints2/dict_0001_0054.uasset" 7349
"../../../Engine/Content/EngineMaterials/Substrate/Glints2/dict_0001_0055.uasset" 7350
"/Engine/EngineMaterials/Substrate/Glints2/dict_0001_0042" 7351
"../../../Engine/Content/EngineMaterials/Substrate/Glints2/dict_0001_0056.uasset" 7352
"../../../Engine/Content/EngineMaterials/Substrate/Glints2/dict_0001_0057.uasset" 7353
"../../../Engine/Content/EngineMaterials/Substrate/Glints2/dict_0001_0058.uasset" 7354
"../../../Engine/Content/EngineMaterials/Substrate/Glints2/dict_0001_0059.uasset" 7355
"../../../Engine/Content/EngineMaterials/Substrate/Glints2/dict_0001_0060.uasset" 7356
"/Engine/EngineMaterials/Substrate/Glints2/dict_0001_0041" 7357
"../../../Engine/Content/EngineMaterials/Substrate/Glints2/dict_0001_0061.uasset" 7358
"../../../Engine/Content/EngineMaterials/Substrate/Glints2/dict_0001_0062.uasset" 7359
"../../../Engine/Content/EngineMaterials/Substrate/Glints2/dict_0001_0063.uasset" 7360
"/Engine/EngineMaterials/Substrate/Glints2/dict_0001_0040" 7361
"/Engine/EngineMaterials/Substrate/Glints2/dict_0001_0039" 7362
"/Engine/EngineMaterials/Substrate/Glints2/dict_0001_0038" 7363
"/Engine/EngineMaterials/Substrate/Glints2/dict_0001_0037" 7364
"/Engine/EngineMaterials/Substrate/Glints2/dict_0001_0036" 7365
"/Engine/EngineMaterials/Substrate/Glints2/dict_0001_0035" 7366
"/Engine/EngineMaterials/Substrate/Glints2/dict_0001_0034" 7367
"/Engine/EngineMaterials/Substrate/Glints2/dict_0001_0033" 7368
"/Engine/EngineMaterials/Substrate/Glints2/dict_0001_0032" 7369
"../../../Engine/Content/EngineMaterials/Substrate/Glints2/dict_0001_0064.uasset" 7370
"/Engine/EngineMaterials/Substrate/Glints2/dict_0001_0063" 7371
"../../../Engine/Content/EngineMaterials/Substrate/Glints2/dict_0001_0065.uasset" 7372
"../../../Engine/Content/EngineMaterials/Substrate/Glints2/dict_0001_0066.uasset" 7373
"../../../Engine/Content/EngineMaterials/Substrate/Glints2/dict_0001_0067.uasset" 7374
"../../../Engine/Content/EngineMaterials/Substrate/Glints2/dict_0001_0068.uasset" 7375
"../../../Engine/Content/EngineMaterials/Substrate/Glints2/dict_0001_0069.uasset" 7376
"/Engine/EngineMaterials/Substrate/Glints2/dict_0001_0062" 7377
"../../../Engine/Content/EngineMaterials/Substrate/Glints2/dict_0001_0070.uasset" 7378
"../../../Engine/Content/EngineMaterials/Substrate/Glints2/dict_0001_0071.uasset" 7379
"../../../Engine/Content/EngineMaterials/Substrate/Glints2/dict_0001_0072.uasset" 7380
"/Engine/EngineMaterials/Substrate/Glints2/dict_0001_0061" 7381
"../../../Engine/Content/EngineMaterials/Substrate/Glints2/dict_0001_0074.uasset" 7382
"../../../Engine/Content/EngineMaterials/Substrate/Glints2/dict_0001_0073.uasset" 7383
"../../../Engine/Content/EngineMaterials/Substrate/Glints2/dict_0001_0075.uasset" 7384
"/Engine/EngineMaterials/Substrate/Glints2/dict_0001_0060" 7385
"../../../Engine/Content/EngineMaterials/Substrate/Glints2/dict_0001_0076.uasset" 7386
"/Engine/EngineMaterials/Substrate/Glints2/dict_0001_0059" 7387
"/Engine/EngineMaterials/Substrate/Glints2/dict_0001_0058" 7388
"/Engine/EngineMaterials/Substrate/Glints2/dict_0001_0057" 7389
"/Engine/EngineMaterials/Substrate/Glints2/dict_0001_0056" 7390
"/Engine/EngineMaterials/Substrate/Glints2/dict_0001_0055" 7391
"/Engine/EngineMaterials/Substrate/Glints2/dict_0001_0054" 7392
"/Engine/EngineMaterials/Substrate/Glints2/dict_0001_0053" 7393
"/Engine/EngineMaterials/Substrate/Glints2/dict_0001_0052" 7394
"/Engine/EngineMaterials/Substrate/Glints2/dict_0001_0051" 7395
"/Engine/EngineMaterials/Substrate/Glints2/dict_0001_0050" 7396
"/Engine/EngineMaterials/Substrate/Glints2/dict_0001_0049" 7397
"/Engine/EngineMaterials/Substrate/Glints2/dict_0001_0048" 7398
"/Engine/EngineMaterials/Substrate/Glints2/dict_0001_0047" 7399
"/Engine/EngineMaterials/Substrate/Glints2/dict_0001_0046" 7400
"/Engine/EngineMaterials/Substrate/Glints2/dict_0001_0045" 7401
"/Engine/EngineMaterials/Substrate/Glints2/dict_0001_0076" 7402
"../../../Engine/Content/EngineMaterials/Substrate/Glints2/dict_0001_0078.uasset" 7403
"../../../Engine/Content/EngineMaterials/Substrate/Glints2/dict_0001_0079.uasset" 7404
"../../../Engine/Content/EngineMaterials/Substrate/Glints2/dict_0001_0080.uasset" 7405
"/Engine/EngineMaterials/Substrate/Glints2/dict_0001_0075" 7406
"../../../Engine/Content/EngineMaterials/Substrate/Glints2/dict_0001_0081.uasset" 7407
"../../../Engine/Content/EngineMaterials/Substrate/Glints2/dict_0001_0082.uasset" 7408
"../../../Engine/Content/EngineMaterials/Substrate/Glints2/dict_0001_0083.uasset" 7409
"../../../Engine/Content/EngineMaterials/Substrate/Glints2/dict_0001_0084.uasset" 7410
"/Engine/EngineMaterials/Substrate/Glints2/dict_0001_0074" 7411
"../../../Engine/Content/EngineMaterials/Substrate/Glints2/dict_0001_0085.uasset" 7412
"../../../Engine/Content/EngineMaterials/Substrate/Glints2/dict_0001_0086.uasset" 7413
"../../../Engine/Content/EngineMaterials/Substrate/Glints2/dict_0001_0087.uasset" 7414
"/Engine/EngineMaterials/Substrate/Glints2/dict_0001_0073" 7415
"../../../Engine/Content/EngineMaterials/Substrate/Glints2/dict_0001_0088.uasset" 7416
"../../../Engine/Content/EngineMaterials/Substrate/Glints2/dict_0001_0077.uasset" 7417
"../../../Engine/Content/EngineMaterials/Substrate/Glints2/dict_0001_0089.uasset" 7418
"../../../Engine/Content/EngineMaterials/Substrate/Glints2/dict_0001_0090.uasset" 7419
"../../../Engine/Content/EngineMaterials/Substrate/Glints2/dict_0001_0091.uasset" 7420
"../../../Engine/Content/EngineMaterials/Substrate/Glints2/dict_0001_0092.uasset" 7421
"/Engine/EngineMaterials/Substrate/Glints2/dict_0001_0072" 7422
"../../../Engine/Content/EngineMaterials/Substrate/Glints2/dict_0001_0093.uasset" 7423
"../../../Engine/Content/EngineMaterials/Substrate/Glints2/dict_0001_0094.uasset" 7424
"../../../Engine/Content/EngineMaterials/Substrate/Glints2/dict_0001_0095.uasset" 7425
"/Engine/EngineMaterials/Substrate/Glints2/dict_0001_0071" 7426
"/Engine/EngineMaterials/Substrate/Glints2/dict_0001_0070" 7427
"/Engine/EngineMaterials/Substrate/Glints2/dict_0001_0069" 7428
"/Engine/EngineMaterials/Substrate/Glints2/dict_0001_0068" 7429
"/Engine/EngineMaterials/Substrate/Glints2/dict_0001_0067" 7430
"/Engine/EngineMaterials/Substrate/Glints2/dict_0001_0066" 7431
"/Engine/EngineMaterials/Substrate/Glints2/dict_0001_0065" 7432
"/Engine/EngineMaterials/Substrate/Glints2/dict_0001_0064" 7433
"../../../Engine/Content/EngineMaterials/Substrate/Glints2/dict_0001_0096.uasset" 7434
"../../../Engine/Content/EngineMaterials/Substrate/Glints2/dict_0001_0097.uasset" 7435
"/Engine/EngineMaterials/Substrate/Glints2/dict_0001_0095" 7436
"../../../Engine/Content/EngineMaterials/Substrate/Glints2/dict_0001_0098.uasset" 7437
"../../../Engine/Content/EngineMaterials/Substrate/Glints2/dict_0001_0099.uasset" 7438
"/Engine/EngineMaterials/Substrate/Glints2/dict_0001_0094" 7439
"../../../Engine/Content/EngineMaterials/Substrate/Glints2/dict_0001_0100.uasset" 7440
"../../../Engine/Content/EngineMaterials/Substrate/Glints2/dict_0001_0101.uasset" 7441
"../../../Engine/Content/EngineMaterials/Substrate/Glints2/dict_0001_0102.uasset" 7442
"../../../Engine/Content/EngineMaterials/Substrate/Glints2/dict_0001_0103.uasset" 7443
"/Engine/EngineMaterials/Substrate/Glints2/dict_0001_0093" 7444
"../../../Engine/Content/EngineMaterials/Substrate/Glints2/dict_0001_0104.uasset" 7445
"../../../Engine/Content/EngineMaterials/Substrate/Glints2/dict_0001_0105.uasset" 7446
"../../../Engine/Content/EngineMaterials/Substrate/Glints2/dict_0001_0106.uasset" 7447
"/Engine/EngineMaterials/Substrate/Glints2/dict_0001_0092" 7448
"../../../Engine/Content/EngineMaterials/Substrate/Glints2/dict_0001_0107.uasset" 7449
"../../../Engine/Content/EngineMaterials/Substrate/Glints2/dict_0001_0108.uasset" 7450
"/Engine/EngineMaterials/Substrate/Glints2/dict_0001_0091" 7451
"/Engine/EngineMaterials/Substrate/Glints2/dict_0001_0090" 7452
"/Engine/EngineMaterials/Substrate/Glints2/dict_0001_0089" 7453
"/Engine/EngineMaterials/Substrate/Glints2/dict_0001_0088" 7454
"/Engine/EngineMaterials/Substrate/Glints2/dict_0001_0087" 7455
"/Engine/EngineMaterials/Substrate/Glints2/dict_0001_0086" 7456
"/Engine/EngineMaterials/Substrate/Glints2/dict_0001_0085" 7457
"/Engine/EngineMaterials/Substrate/Glints2/dict_0001_0084" 7458
"/Engine/EngineMaterials/Substrate/Glints2/dict_0001_0083" 7459
"/Engine/EngineMaterials/Substrate/Glints2/dict_0001_0082" 7460
"/Engine/EngineMaterials/Substrate/Glints2/dict_0001_0081" 7461
"/Engine/EngineMaterials/Substrate/Glints2/dict_0001_0080" 7462
"/Engine/EngineMaterials/Substrate/Glints2/dict_0001_0079" 7463
"/Engine/EngineMaterials/Substrate/Glints2/dict_0001_0078" 7464
"/Engine/EngineMaterials/Substrate/Glints2/dict_0001_0077" 7465
"../../../Engine/Content/EngineMaterials/Substrate/Glints2/dict_0001_0109.uasset" 7466
"/Engine/EngineMaterials/Substrate/Glints2/dict_0001_0108" 7467
"../../../Engine/Content/EngineMaterials/Substrate/Glints2/dict_0001_0110.uasset" 7468
"../../../Engine/Content/EngineMaterials/Substrate/Glints2/dict_0001_0111.uasset" 7469
"../../../Engine/Content/EngineMaterials/Substrate/Glints2/dict_0001_0112.uasset" 7470
"/Engine/EngineMaterials/Substrate/Glints2/dict_0001_0107" 7471
"../../../Engine/Content/EngineMaterials/Substrate/Glints2/dict_0001_0113.uasset" 7472
"../../../Engine/Content/EngineMaterials/Substrate/Glints2/dict_0001_0114.uasset" 7473
"/Engine/EngineMaterials/Substrate/Glints2/dict_0001_0106" 7474
"../../../Engine/Content/EngineMaterials/Substrate/Glints2/dict_0001_0115.uasset" 7475
"../../../Engine/Content/EngineMaterials/Substrate/Glints2/dict_0001_0116.uasset" 7476
"/Engine/EngineMaterials/Substrate/Glints2/dict_0001_0105" 7477
"../../../Engine/Content/EngineMaterials/Substrate/Glints2/dict_0001_0117.uasset" 7478
"../../../Engine/Content/EngineMaterials/Substrate/Glints2/dict_0001_0118.uasset" 7479
"../../../Engine/Content/EngineMaterials/Substrate/Glints2/dict_0001_0119.uasset" 7480
"/Engine/EngineMaterials/Substrate/Glints2/dict_0001_0104" 7481
"../../../Engine/Content/EngineMaterials/Substrate/Glints2/dict_0001_0120.uasset" 7482
"../../../Engine/Content/EngineMaterials/Substrate/Glints2/dict_0001_0121.uasset" 7483
"../../../Engine/Content/EngineMaterials/Substrate/Glints2/dict_0001_0122.uasset" 7484
"/Engine/EngineMaterials/Substrate/Glints2/dict_0001_0103" 7485
"../../../Engine/Content/EngineMaterials/Substrate/Glints2/dict_0001_0123.uasset" 7486
"../../../Engine/Content/EngineMaterials/Substrate/Glints2/dict_0001_0124.uasset" 7487
"../../../Engine/Content/EngineMaterials/Substrate/Glints2/dict_0001_0125.uasset" 7488
"/Engine/EngineMaterials/Substrate/Glints2/dict_0001_0102" 7489
"../../../Engine/Content/EngineMaterials/Substrate/Glints2/dict_0001_0126.uasset" 7490
"../../../Engine/Content/EngineMaterials/Substrate/Glints2/dict_0001_0127.uasset" 7491
"/Engine/EngineMaterials/Substrate/Glints2/dict_0001_0101" 7492
"/Engine/EngineMaterials/Substrate/Glints2/dict_0001_0100" 7493
"/Engine/EngineMaterials/Substrate/Glints2/dict_0001_0099" 7494
"/Engine/EngineMaterials/Substrate/Glints2/dict_0001_0098" 7495
"/Engine/EngineMaterials/Substrate/Glints2/dict_0001_0097" 7496
"/Engine/EngineMaterials/Substrate/Glints2/dict_0001_0096" 7497
"/Engine/EngineMaterials/Substrate/Glints2/dict_0001_0127" 7498
"../../../Engine/Content/EngineMaterials/Substrate/Glints2/dict_0001_0128.uasset" 7499
"../../../Engine/Content/EngineMaterials/Substrate/Glints2/dict_0001_0129.uasset" 7500
"../../../Engine/Content/EngineMaterials/Substrate/Glints2/dict_0001_0130.uasset" 7501
"/Engine/EngineMaterials/Substrate/Glints2/dict_0001_0126" 7502
"/Engine/EngineMaterials/Substrate/Glints2/dict_0001_0125" 7503
"../../../Engine/Content/EngineMaterials/Substrate/Glints2/dict_0001_0131.uasset" 7504
"../../../Engine/Content/EngineMaterials/Substrate/Glints2/dict_0001_0132.uasset" 7505
"/Engine/EngineMaterials/Substrate/Glints2/dict_0001_0124" 7506
"../../../Engine/Content/EngineMaterials/Substrate/Glints2/dict_0001_0133.uasset" 7507
"../../../Engine/Content/EngineMaterials/Substrate/Glints2/dict_0001_0134.uasset" 7508
"../../../Engine/Content/EngineMaterials/Substrate/Glints2/dict_0001_0135.uasset" 7509
"/Engine/EngineMaterials/Substrate/Glints2/dict_0001_0123" 7510
"../../../Engine/Content/EngineMaterials/Substrate/Glints2/dict_0001_0136.uasset" 7511
"../../../Engine/Content/EngineMaterials/Substrate/Glints2/dict_0001_0137.uasset" 7512
"../../../Engine/Content/EngineMaterials/Substrate/Glints2/dict_0001_0138.uasset" 7513
"/Engine/EngineMaterials/Substrate/Glints2/dict_0001_0122" 7514
"../../../Engine/Content/EngineMaterials/Substrate/Glints2/dict_0001_0139.uasset" 7515
"../../../Engine/Content/EngineMaterials/Substrate/Glints2/dict_0001_0140.uasset" 7516
"/Engine/EngineMaterials/Substrate/Glints2/dict_0001_0121" 7517
"/Engine/EngineMaterials/Substrate/Glints2/dict_0001_0120" 7518
"/Engine/EngineMaterials/Substrate/Glints2/dict_0001_0119" 7519
"/Engine/EngineMaterials/Substrate/Glints2/dict_0001_0118" 7520
"/Engine/EngineMaterials/Substrate/Glints2/dict_0001_0117" 7521
"/Engine/EngineMaterials/Substrate/Glints2/dict_0001_0116" 7522
"/Engine/EngineMaterials/Substrate/Glints2/dict_0001_0115" 7523
"/Engine/EngineMaterials/Substrate/Glints2/dict_0001_0114" 7524
"/Engine/EngineMaterials/Substrate/Glints2/dict_0001_0113" 7525
"/Engine/EngineMaterials/Substrate/Glints2/dict_0001_0112" 7526
"/Engine/EngineMaterials/Substrate/Glints2/dict_0001_0111" 7527
"/Engine/EngineMaterials/Substrate/Glints2/dict_0001_0110" 7528
"/Engine/EngineMaterials/Substrate/Glints2/dict_0001_0109" 7529
"../../../Engine/Content/EngineMaterials/Substrate/Glints2/dict_0001_0141.uasset" 7530
"/Engine/EngineMaterials/Substrate/Glints2/dict_0001_0140" 7531
"../../../Engine/Content/EngineMaterials/Substrate/Glints2/dict_0001_0142.uasset" 7532
"/Engine/EngineMaterials/Substrate/Glints2/dict_0001_0139" 7533
"/Engine/EngineMaterials/Substrate/Glints2/dict_0001_0138" 7534
"../../../Engine/Content/EngineMaterials/Substrate/Glints2/dict_0001_0143.uasset" 7535
"../../../Engine/Content/EngineMaterials/Substrate/Glints2/dict_0001_0144.uasset" 7536
"/Engine/EngineMaterials/Substrate/Glints2/dict_0001_0137" 7537
"../../../Engine/Content/EngineMaterials/Substrate/Glints2/dict_0001_0145.uasset" 7538
"/Engine/EngineMaterials/Substrate/Glints2/dict_0001_0136" 7539
"../../../Engine/Content/EngineMaterials/Substrate/Glints2/dict_0001_0146.uasset" 7540
"/Engine/EngineMaterials/Substrate/Glints2/dict_0001_0135" 7541
"../../../Engine/Content/EngineMaterials/Substrate/Glints2/dict_0001_0147.uasset" 7542
"/Engine/EngineMaterials/Substrate/Glints2/dict_0001_0134" 7543
"/Engine/EngineMaterials/Substrate/Glints2/dict_0001_0133" 7544
"../../../Engine/Content/EngineMaterials/Substrate/Glints2/dict_0001_0148.uasset" 7545
"/Engine/EngineMaterials/Substrate/Glints2/dict_0001_0132" 7546
"/Engine/EngineMaterials/Substrate/Glints2/dict_0001_0131" 7547
"../../../Engine/Content/EngineMaterials/Substrate/Glints2/dict_0001_0149.uasset" 7548
"/Engine/EngineMaterials/Substrate/Glints2/dict_0001_0130" 7549
"../../../Engine/Content/EngineMaterials/Substrate/Glints2/dict_0001_0150.uasset" 7550
"/Engine/EngineMaterials/Substrate/Glints2/dict_0001_0129" 7551
"../../../Engine/Content/EngineMaterials/Substrate/Glints2/dict_0001_0151.uasset" 7552
"/Engine/EngineMaterials/Substrate/Glints2/dict_0001_0128" 7553
"../../../Engine/Content/EngineMaterials/Substrate/Glints2/dict_0001_0152.uasset" 7554
"/Engine/EngineMaterials/Substrate/Glints2/dict_0001_0151" 7555
"../../../Engine/Content/EngineMaterials/Substrate/Glints2/dict_0001_0153.uasset" 7556
"/Engine/EngineMaterials/Substrate/Glints2/dict_0001_0150" 7557
"../../../Engine/Content/EngineMaterials/Substrate/Glints2/dict_0001_0154.uasset" 7558
"/Engine/EngineMaterials/Substrate/Glints2/dict_0001_0149" 7559
"../../../Engine/Content/EngineMaterials/Substrate/Glints2/dict_0001_0155.uasset" 7560
"/Engine/EngineMaterials/Substrate/Glints2/dict_0001_0148" 7561
"../../../Engine/Content/EngineMaterials/Substrate/Glints2/dict_0001_0156.uasset" 7562
"/Engine/EngineMaterials/Substrate/Glints2/dict_0001_0147" 7563
"../../../Engine/Content/EngineMaterials/Substrate/Glints2/dict_0001_0157.uasset" 7564
"/Engine/EngineMaterials/Substrate/Glints2/dict_0001_0146" 7565
"/Engine/EngineMaterials/Substrate/Glints2/dict_0001_0145" 7566
"../../../Engine/Content/EngineMaterials/Substrate/Glints2/dict_0001_0158.uasset" 7567
"/Engine/EngineMaterials/Substrate/Glints2/dict_0001_0144" 7568
"../../../Engine/Content/EngineMaterials/Substrate/Glints2/dict_0001_0159.uasset" 7569
"../../../Engine/Content/EngineMaterials/Substrate/Glints2/dict_0001_0160.uasset" 7570
"/Engine/EngineMaterials/Substrate/Glints2/dict_0001_0142" 7571
"../../../Engine/Content/EngineMaterials/Substrate/Glints2/dict_0001_0162.uasset" 7572
"/Engine/EngineMaterials/Substrate/Glints2/dict_0001_0141" 7573
"../../../Engine/Content/EngineMaterials/Substrate/Glints2/dict_0001_0161.uasset" 7574
"../../../Engine/Content/EngineMaterials/Substrate/Glints2/dict_0001_0163.uasset" 7575
"../../../Engine/Content/EngineMaterials/Substrate/Glints2/dict_0001_0164.uasset" 7576
"../../../Engine/Content/EngineMaterials/Substrate/Glints2/dict_0001_0165.uasset" 7577
"/Engine/EngineMaterials/Substrate/Glints2/dict_0001_0159" 7578
"../../../Engine/Content/EngineMaterials/Substrate/Glints2/dict_0001_0166.uasset" 7579
"../../../Engine/Content/EngineMaterials/Substrate/Glints2/dict_0001_0167.uasset" 7580
"/Engine/EngineMaterials/Substrate/Glints2/dict_0001_0158" 7581
"../../../Engine/Content/EngineMaterials/Substrate/Glints2/dict_0001_0168.uasset" 7582
"../../../Engine/Content/EngineMaterials/Substrate/Glints2/dict_0001_0169.uasset" 7583
"../../../Engine/Content/EngineMaterials/Substrate/Glints2/dict_0001_0170.uasset" 7584
"../../../Engine/Content/EngineMaterials/Substrate/Glints2/dict_0001_0171.uasset" 7585
"/Engine/EngineMaterials/Substrate/Glints2/dict_0001_0157" 7586
"../../../Engine/Content/EngineMaterials/Substrate/Glints2/dict_0001_0172.uasset" 7587
"../../../Engine/Content/EngineMaterials/Substrate/Glints2/dict_0001_0173.uasset" 7588
"../../../Engine/Content/EngineMaterials/Substrate/Glints2/dict_0001_0174.uasset" 7589
"/Engine/EngineMaterials/Substrate/Glints2/dict_0001_0156" 7590
"../../../Engine/Content/EngineMaterials/Substrate/Glints2/dict_0001_0175.uasset" 7591
"../../../Engine/Content/EngineMaterials/Substrate/Glints2/dict_0001_0176.uasset" 7592
"../../../Engine/Content/EngineMaterials/Substrate/Glints2/dict_0001_0177.uasset" 7593
"/Engine/EngineMaterials/Substrate/Glints2/dict_0001_0155" 7594
"../../../Engine/Content/EngineMaterials/Substrate/Glints2/dict_0001_0178.uasset" 7595
"../../../Engine/Content/EngineMaterials/Substrate/Glints2/dict_0001_0179.uasset" 7596
"../../../Engine/Content/EngineMaterials/Substrate/Glints2/dict_0001_0180.uasset" 7597
"/Engine/EngineMaterials/Substrate/Glints2/dict_0001_0154" 7598
"../../../Engine/Content/EngineMaterials/Substrate/Glints2/dict_0001_0181.uasset" 7599
"../../../Engine/Content/EngineMaterials/Substrate/Glints2/dict_0001_0182.uasset" 7600
"/Engine/EngineMaterials/Substrate/Glints2/dict_0001_0153" 7601
"/Engine/EngineMaterials/Substrate/Glints2/dict_0001_0152" 7602
"/Engine/EngineMaterials/Substrate/Glints2/dict_0001_0163" 7603
"/Engine/EngineMaterials/Substrate/Glints2/dict_0001_0162" 7604
"/Engine/EngineMaterials/Substrate/Glints2/dict_0001_0161" 7605
"/Engine/EngineMaterials/Substrate/Glints2/dict_0001_0160" 7606
"../../../Engine/Content/EngineMaterials/Substrate/Glints2/dict_0001_0183.uasset" 7607
"../../../Engine/Content/EngineMaterials/Substrate/Glints2/dict_0001_0184.uasset" 7608
"/Engine/EngineMaterials/Substrate/Glints2/dict_0001_0182" 7609
"../../../Engine/Content/EngineMaterials/Substrate/Glints2/dict_0001_0186.uasset" 7610
"../../../Engine/Content/EngineMaterials/Substrate/Glints2/dict_0001_0185.uasset" 7611
"/Engine/EngineMaterials/Substrate/Glints2/dict_0001_0181" 7612
"../../../Engine/Content/EngineMaterials/Substrate/Glints2/dict_0001_0187.uasset" 7613
"../../../Engine/Content/EngineMaterials/Substrate/Glints2/dict_0001_0188.uasset" 7614
"../../../Engine/Content/EngineMaterials/Substrate/Glints2/dict_0001_0189.uasset" 7615
"/Engine/EngineMaterials/Substrate/Glints2/dict_0001_0180" 7616
"../../../Engine/Content/EngineMaterials/Substrate/Glints2/dict_0001_0191.uasset" 7617
"../../../Engine/Content/EngineMaterials/Substrate/Glints2/dict_0001_0190.uasset" 7618
"../../../Engine/Content/EngineMaterials/Substrate/Glints2/dict_0001_0192.uasset" 7619
"../../../Engine/Content/EngineMaterials/Substrate/Glints2/dict_0001_0193.uasset" 7620
"/Engine/EngineMaterials/Substrate/Glints2/dict_0001_0179" 7621
"../../../Engine/Content/EngineMaterials/Substrate/Glints2/dict_0001_0194.uasset" 7622
"/Engine/EngineMaterials/Substrate/Glints2/dict_0001_0178" 7623
"/Engine/EngineMaterials/Substrate/Glints2/dict_0001_0177" 7624
"/Engine/EngineMaterials/Substrate/Glints2/dict_0001_0172" 7625
"/Engine/EngineMaterials/Substrate/Glints2/dict_0001_0171" 7626
"/Engine/EngineMaterials/Substrate/Glints2/dict_0001_0170" 7627
"/Engine/EngineMaterials/Substrate/Glints2/dict_0001_0169" 7628
"/Engine/EngineMaterials/Substrate/Glints2/dict_0001_0168" 7629
"/Engine/EngineMaterials/Substrate/Glints2/dict_0001_0167" 7630
"/Engine/EngineMaterials/Substrate/Glints2/dict_0001_0166" 7631
"/Engine/EngineMaterials/Substrate/Glints2/dict_0001_0165" 7632
"/Engine/EngineMaterials/Substrate/Glints2/dict_0001_0164" 7633
"/Engine/EngineMaterials/Substrate/Glints2/dict_0001_0176" 7634
"/Engine/EngineMaterials/Substrate/Glints2/dict_0001_0175" 7635
"/Engine/EngineMaterials/Substrate/Glints2/dict_0001_0143" 7636
"/Engine/EngineMaterials/Substrate/Glints2/dict_0001_0174" 7637
"/Engine/EngineMaterials/Substrate/Glints2/dict_0001_0173" 7638
"/Engine/EngineMaterials/Substrate/Glints2/dict_0001_0194" 7639
"../../../Engine/Content/EngineMaterials/Substrate/Glints2/dict_0001_0195.uasset" 7640
"../../../Engine/Content/EngineMaterials/Substrate/Glints2/dict_0001_0196.uasset" 7641
"/Engine/EngineMaterials/Substrate/Glints2/dict_0001_0193" 7642
"../../../Engine/Content/EngineMaterials/Substrate/Glints2/dict_0001_0197.uasset" 7643
"../../../Engine/Content/EngineMaterials/Substrate/Glints2/dict_0001_0198.uasset" 7644
"../../../Engine/Content/EngineMaterials/Substrate/Glints2/dict_0001_0199.uasset" 7645
"/Engine/EngineMaterials/Substrate/Glints2/dict_0001_0192" 7646
"../../../Engine/Content/EngineMaterials/Substrate/Glints2/dict_0001_0200.uasset" 7647
"../../../Engine/Content/EngineMaterials/Substrate/Glints2/dict_0001_0201.uasset" 7648
"../../../Engine/Content/EngineMaterials/Substrate/Glints2/dict_0001_0202.uasset" 7649
"/Engine/EngineMaterials/Substrate/Glints2/dict_0001_0191" 7650
"../../../Engine/Content/EngineMaterials/Substrate/Glints2/dict_0001_0204.uasset" 7651
"../../../Engine/Content/EngineMaterials/Substrate/Glints2/dict_0001_0203.uasset" 7652
"../../../Engine/Content/EngineMaterials/Substrate/Glints2/dict_0001_0205.uasset" 7653
"../../../Engine/Content/EngineMaterials/Substrate/Glints2/dict_0001_0206.uasset" 7654
"../../../Engine/Content/EngineMaterials/Substrate/Glints2/dict_0001_0207.uasset" 7655
"../../../Engine/Content/EngineMaterials/Substrate/Glints2/dict_0001_0208.uasset" 7656
"/Engine/EngineMaterials/Substrate/Glints2/dict_0001_0190" 7657
"../../../Engine/Content/EngineMaterials/Substrate/Glints2/dict_0001_0209.uasset" 7658
"../../../Engine/Content/EngineMaterials/Substrate/Glints2/dict_0001_0210.uasset" 7659
"../../../Engine/Content/EngineMaterials/Substrate/Glints2/dict_0001_0211.uasset" 7660
"../../../Engine/Content/EngineMaterials/Substrate/Glints2/dict_0001_0212.uasset" 7661
"../../../Engine/Content/EngineMaterials/Substrate/Glints2/dict_0001_0213.uasset" 7662
"../../../Engine/Content/EngineMaterials/Substrate/Glints2/dict_0001_0214.uasset" 7663
"/Engine/EngineMaterials/Substrate/Glints2/dict_0001_0189" 7664
"/Engine/EngineMaterials/Substrate/Glints2/dict_0001_0188" 7665
"/Engine/EngineMaterials/Substrate/Glints2/dict_0001_0187" 7666
"/Engine/EngineMaterials/Substrate/Glints2/dict_0001_0186" 7667
"/Engine/EngineMaterials/Substrate/Glints2/dict_0001_0185" 7668
"/Engine/EngineMaterials/Substrate/Glints2/dict_0001_0184" 7669
"/Engine/EngineMaterials/Substrate/Glints2/dict_0001_0183" 7670
"/Engine/EngineMaterials/Substrate/Glints2/dict_0001_0214" 7671
"../../../Engine/Content/EngineMaterials/Substrate/Glints2/dict_0001_0215.uasset" 7672
"../../../Engine/Content/EngineMaterials/Substrate/Glints2/dict_0001_0216.uasset" 7673
"../../../Engine/Content/EngineMaterials/Substrate/Glints2/dict_0001_0217.uasset" 7674
"/Engine/EngineMaterials/Substrate/Glints2/dict_0001_0213" 7675
"../../../Engine/Content/EngineMaterials/Substrate/Glints2/dict_0001_0218.uasset" 7676
"/Engine/EngineMaterials/Substrate/Glints2/dict_0001_0212" 7677
"../../../Engine/Content/EngineMaterials/Substrate/Glints2/dict_0001_0220.uasset" 7678
"../../../Engine/Content/EngineMaterials/Substrate/Glints2/dict_0001_0222.uasset" 7679
"../../../Engine/Content/EngineMaterials/Substrate/Glints2/dict_0001_0221.uasset" 7680
"/Engine/EngineMaterials/Substrate/Glints2/dict_0001_0211" 7681
"../../../Engine/Content/EngineMaterials/Substrate/Glints2/dict_0001_0223.uasset" 7682
"../../../Engine/Content/EngineMaterials/Substrate/Glints2/dict_0001_0224.uasset" 7683
"../../../Engine/Content/EngineMaterials/Substrate/Glints2/dict_0001_0225.uasset" 7684
"../../../Engine/Content/EngineMaterials/Substrate/Glints2/dict_0001_0219.uasset" 7685
"/Engine/EngineMaterials/Substrate/Glints2/dict_0001_0210" 7686
"../../../Engine/Content/EngineMaterials/Substrate/Glints2/dict_0001_0226.uasset" 7687
"/Engine/EngineMaterials/Substrate/Glints2/dict_0001_0209" 7688
"/Engine/EngineMaterials/Substrate/Glints2/dict_0001_0208" 7689
"/Engine/EngineMaterials/Substrate/Glints2/dict_0001_0207" 7690
"/Engine/EngineMaterials/Substrate/Glints2/dict_0001_0206" 7691
"/Engine/EngineMaterials/Substrate/Glints2/dict_0001_0205" 7692
"/Engine/EngineMaterials/Substrate/Glints2/dict_0001_0204" 7693
"/Engine/EngineMaterials/Substrate/Glints2/dict_0001_0203" 7694
"/Engine/EngineMaterials/Substrate/Glints2/dict_0001_0202" 7695
"/Engine/EngineMaterials/Substrate/Glints2/dict_0001_0201" 7696
"/Engine/EngineMaterials/Substrate/Glints2/dict_0001_0200" 7697
"/Engine/EngineMaterials/Substrate/Glints2/dict_0001_0199" 7698
"/Engine/EngineMaterials/Substrate/Glints2/dict_0001_0198" 7699
"/Engine/EngineMaterials/Substrate/Glints2/dict_0001_0197" 7700
"/Engine/EngineMaterials/Substrate/Glints2/dict_0001_0196" 7701
"/Engine/EngineMaterials/Substrate/Glints2/dict_0001_0195" 7702
"../../../Engine/Content/EngineMaterials/Substrate/Glints2/dict_0001_0227.uasset" 7703
"../../../Engine/Content/EngineMaterials/Substrate/Glints2/dict_0001_0228.uasset" 7704
"/Engine/EngineMaterials/Substrate/Glints2/dict_0001_0226" 7705
"../../../Engine/Content/EngineMaterials/Substrate/Glints2/dict_0001_0229.uasset" 7706
"../../../Engine/Content/EngineMaterials/Substrate/Glints2/dict_0001_0230.uasset" 7707
"../../../Engine/Content/EngineMaterials/Substrate/Glints2/dict_0001_0231.uasset" 7708
"/Engine/EngineMaterials/Substrate/Glints2/dict_0001_0225" 7709
"../../../Engine/Content/EngineMaterials/Substrate/Glints2/dict_0001_0232.uasset" 7710
"../../../Engine/Content/EngineMaterials/Substrate/Glints2/dict_0001_0233.uasset" 7711
"../../../Engine/Content/EngineMaterials/Substrate/Glints2/dict_0001_0234.uasset" 7712
"../../../Engine/Content/EngineMaterials/Substrate/Glints2/dict_0001_0235.uasset" 7713
"../../../Engine/Content/EngineMaterials/Substrate/Glints2/dict_0001_0236.uasset" 7714
"../../../Engine/Content/EngineMaterials/Substrate/Glints2/dict_0001_0237.uasset" 7715
"/Engine/EngineMaterials/Substrate/Glints2/dict_0001_0224" 7716
"../../../Engine/Content/EngineMaterials/Substrate/Glints2/dict_0001_0238.uasset" 7717
"../../../Engine/Content/EngineMaterials/Substrate/Glints2/dict_0001_0239.uasset" 7718
"../../../Engine/Content/EngineMaterials/Substrate/Glints2/dict_0001_0240.uasset" 7719
"../../../Engine/Content/EngineMaterials/Substrate/Glints2/dict_0001_0241.uasset" 7720
"../../../Engine/Content/EngineMaterials/Substrate/Glints2/dict_0001_0242.uasset" 7721
"../../../Engine/Content/EngineMaterials/Substrate/Glints2/dict_0001_0243.uasset" 7722
"/Engine/EngineMaterials/Substrate/Glints2/dict_0001_0223" 7723
"../../../Engine/Content/EngineMaterials/Substrate/Glints2/dict_0001_0244.uasset" 7724
"../../../Engine/Content/EngineMaterials/Substrate/Glints2/dict_0001_0245.uasset" 7725
"../../../Engine/Content/EngineMaterials/Substrate/Glints2/dict_0001_0246.uasset" 7726
"/Engine/EngineMaterials/Substrate/Glints2/dict_0001_0222" 7727
"/Engine/EngineMaterials/Substrate/Glints2/dict_0001_0221" 7728
"/Engine/EngineMaterials/Substrate/Glints2/dict_0001_0220" 7729
"/Engine/EngineMaterials/Substrate/Glints2/dict_0001_0219" 7730
"/Engine/EngineMaterials/Substrate/Glints2/dict_0001_0218" 7731
"/Engine/EngineMaterials/Substrate/Glints2/dict_0001_0217" 7732
"/Engine/EngineMaterials/Substrate/Glints2/dict_0001_0216" 7733
"/Engine/EngineMaterials/Substrate/Glints2/dict_0001_0215" 7734
"../../../Engine/Content/EngineMaterials/Substrate/Glints2/dict_0001_0247.uasset" 7735
"/Engine/EngineMaterials/Substrate/Glints2/dict_0001_0246" 7736
"../../../Engine/Content/EngineMaterials/Substrate/Glints2/dict_0001_0249.uasset" 7737
"../../../Engine/Content/EngineMaterials/Substrate/Glints2/dict_0001_0248.uasset" 7738
"../../../Engine/Content/EngineMaterials/Substrate/Glints2/dict_0001_0250.uasset" 7739
"../../../Engine/Content/EngineMaterials/Substrate/Glints2/dict_0001_0251.uasset" 7740
"/Engine/EngineMaterials/Substrate/Glints2/dict_0001_0245" 7741
"../../../Engine/Content/EngineMaterials/Substrate/Glints2/dict_0001_0252.uasset" 7742
"../../../Engine/Content/EngineMaterials/Substrate/Glints2/dict_0001_0253.uasset" 7743
"../../../Engine/Content/EngineMaterials/Substrate/Glints2/dict_0001_0254.uasset" 7744
"../../../Engine/Content/EngineMaterials/Substrate/Glints2/dict_0001_0255.uasset" 7745
"../../../Engine/Content/EngineMaterials/Substrate/Glints2/dict_0002_0000.uasset" 7746
"../../../Engine/Content/EngineMaterials/Substrate/Glints2/dict_0002_0001.uasset" 7747
"/Engine/EngineMaterials/Substrate/Glints2/dict_0001_0244" 7748
"../../../Engine/Content/EngineMaterials/Substrate/Glints2/dict_0002_0002.uasset" 7749
"/Engine/EngineMaterials/Substrate/Glints2/dict_0001_0243" 7750
"/Engine/EngineMaterials/Substrate/Glints2/dict_0001_0242" 7751
"/Engine/EngineMaterials/Substrate/Glints2/dict_0001_0241" 7752
"/Engine/EngineMaterials/Substrate/Glints2/dict_0001_0240" 7753
"/Engine/EngineMaterials/Substrate/Glints2/dict_0001_0239" 7754
"/Engine/EngineMaterials/Substrate/Glints2/dict_0001_0238" 7755
"/Engine/EngineMaterials/Substrate/Glints2/dict_0001_0237" 7756
"/Engine/EngineMaterials/Substrate/Glints2/dict_0001_0236" 7757
"/Engine/EngineMaterials/Substrate/Glints2/dict_0001_0235" 7758
"/Engine/EngineMaterials/Substrate/Glints2/dict_0001_0234" 7759
"/Engine/EngineMaterials/Substrate/Glints2/dict_0001_0233" 7760
"/Engine/EngineMaterials/Substrate/Glints2/dict_0001_0232" 7761
"/Engine/EngineMaterials/Substrate/Glints2/dict_0001_0231" 7762
"/Engine/EngineMaterials/Substrate/Glints2/dict_0001_0230" 7763
"/Engine/EngineMaterials/Substrate/Glints2/dict_0001_0229" 7764
"/Engine/EngineMaterials/Substrate/Glints2/dict_0001_0228" 7765
"/Engine/EngineMaterials/Substrate/Glints2/dict_0001_0227" 7766
"/Engine/EngineMaterials/Substrate/Glints2/dict_0002_0002" 7767
"../../../Engine/Content/EngineMaterials/Substrate/Glints2/dict_0002_0004.uasset" 7768
"../../../Engine/Content/EngineMaterials/Substrate/Glints2/dict_0002_0005.uasset" 7769
"../../../Engine/Content/EngineMaterials/Substrate/Glints2/dict_0002_0003.uasset" 7770
"/Engine/EngineMaterials/Substrate/Glints2/dict_0002_0001" 7771
"../../../Engine/Content/EngineMaterials/Substrate/Glints2/dict_0002_0006.uasset" 7772
"../../../Engine/Content/EngineMaterials/Substrate/Glints2/dict_0002_0008.uasset" 7773
"../../../Engine/Content/EngineMaterials/Substrate/Glints2/dict_0002_0009.uasset" 7774
"/Engine/EngineMaterials/Substrate/Glints2/dict_0002_0000" 7775
"../../../Engine/Content/EngineMaterials/Substrate/Glints2/dict_0002_0011.uasset" 7776
"../../../Engine/Content/EngineMaterials/Substrate/Glints2/dict_0002_0007.uasset" 7777
"../../../Engine/Content/EngineMaterials/Substrate/Glints2/dict_0002_0013.uasset" 7778
"../../../Engine/Content/EngineMaterials/Substrate/Glints2/dict_0002_0014.uasset" 7779
"/Engine/EngineMaterials/Substrate/Glints2/dict_0001_0255" 7780
"../../../Engine/Content/EngineMaterials/Substrate/Glints2/dict_0002_0012.uasset" 7781
"../../../Engine/Content/EngineMaterials/Substrate/Glints2/dict_0002_0015.uasset" 7782
"../../../Engine/Content/EngineMaterials/Substrate/Glints2/dict_0002_0017.uasset" 7783
"../../../Engine/Content/EngineMaterials/Substrate/Glints2/dict_0002_0016.uasset" 7784
"../../../Engine/Content/EngineMaterials/Substrate/Glints2/dict_0002_0019.uasset" 7785
"../../../Engine/Content/EngineMaterials/Substrate/Glints2/dict_0002_0020.uasset" 7786
"/Engine/EngineMaterials/Substrate/Glints2/dict_0001_0254" 7787
"../../../Engine/Content/EngineMaterials/Substrate/Glints2/dict_0002_0018.uasset" 7788
"../../../Engine/Content/EngineMaterials/Substrate/Glints2/dict_0002_0021.uasset" 7789
"../../../Engine/Content/EngineMaterials/Substrate/Glints2/dict_0002_0022.uasset" 7790
"../../../Engine/Content/EngineMaterials/Substrate/Glints2/dict_0002_0010.uasset" 7791
"/Engine/EngineMaterials/Substrate/Glints2/dict_0001_0253" 7792
"/Engine/EngineMaterials/Substrate/Glints2/dict_0001_0252" 7793
"/Engine/EngineMaterials/Substrate/Glints2/dict_0001_0251" 7794
"/Engine/EngineMaterials/Substrate/Glints2/dict_0001_0250" 7795
"/Engine/EngineMaterials/Substrate/Glints2/dict_0001_0249" 7796
"/Engine/EngineMaterials/Substrate/Glints2/dict_0001_0248" 7797
"/Engine/EngineMaterials/Substrate/Glints2/dict_0001_0247" 7798
"/Engine/EngineMaterials/Substrate/Glints2/dict_0002_0022" 7799
"../../../Engine/Content/EngineMaterials/Substrate/Glints2/dict_0002_0023.uasset" 7800
"../../../Engine/Content/EngineMaterials/Substrate/Glints2/dict_0002_0025.uasset" 7801
"../../../Engine/Content/EngineMaterials/Substrate/Glints2/dict_0002_0024.uasset" 7802
"../../../Engine/Content/EngineMaterials/Substrate/Glints2/dict_0002_0027.uasset" 7803
"../../../Engine/Content/EngineMaterials/Substrate/Glints2/dict_0002_0026.uasset" 7804
"../../../Engine/Content/EngineMaterials/Substrate/Glints2/dict_0002_0028.uasset" 7805
"../../../Engine/Content/EngineMaterials/Substrate/Glints2/dict_0002_0029.uasset" 7806
"/Engine/EngineMaterials/Substrate/Glints2/dict_0002_0021" 7807
"../../../Engine/Content/EngineMaterials/Substrate/Glints2/dict_0002_0030.uasset" 7808
"../../../Engine/Content/EngineMaterials/Substrate/Glints2/dict_0002_0031.uasset" 7809
"../../../Engine/Content/EngineMaterials/Substrate/Glints2/dict_0002_0033.uasset" 7810
"../../../Engine/Content/EngineMaterials/Substrate/Glints2/dict_0002_0032.uasset" 7811
"../../../Engine/Content/EngineMaterials/Substrate/Glints2/dict_0002_0034.uasset" 7812
"/Engine/EngineMaterials/Substrate/Glints2/dict_0002_0020" 7813
"/Engine/EngineMaterials/Substrate/Glints2/dict_0002_0019" 7814
"/Engine/EngineMaterials/Substrate/Glints2/dict_0002_0018" 7815
"/Engine/EngineMaterials/Substrate/Glints2/dict_0002_0017" 7816
"/Engine/EngineMaterials/Substrate/Glints2/dict_0002_0016" 7817
"/Engine/EngineMaterials/Substrate/Glints2/dict_0002_0015" 7818
"/Engine/EngineMaterials/Substrate/Glints2/dict_0002_0014" 7819
"/Engine/EngineMaterials/Substrate/Glints2/dict_0002_0013" 7820
"/Engine/EngineMaterials/Substrate/Glints2/dict_0002_0012" 7821
"/Engine/EngineMaterials/Substrate/Glints2/dict_0002_0011" 7822
"/Engine/EngineMaterials/Substrate/Glints2/dict_0002_0010" 7823
"/Engine/EngineMaterials/Substrate/Glints2/dict_0002_0009" 7824
"/Engine/EngineMaterials/Substrate/Glints2/dict_0002_0008" 7825
"/Engine/EngineMaterials/Substrate/Glints2/dict_0002_0007" 7826
"/Engine/EngineMaterials/Substrate/Glints2/dict_0002_0006" 7827
"/Engine/EngineMaterials/Substrate/Glints2/dict_0002_0005" 7828
"/Engine/EngineMaterials/Substrate/Glints2/dict_0002_0004" 7829
"/Engine/EngineMaterials/Substrate/Glints2/dict_0002_0003" 7830
"/Engine/EngineMaterials/Substrate/Glints2/dict_0002_0034" 7831
"../../../Engine/Content/EngineMaterials/Substrate/Glints2/dict_0002_0039.uasset" 7832
"../../../Engine/Content/EngineMaterials/Substrate/Glints2/dict_0002_0035.uasset" 7833
"../../../Engine/Content/EngineMaterials/Substrate/Glints2/dict_0002_0036.uasset" 7834
"../../../Engine/Content/EngineMaterials/Substrate/Glints2/dict_0002_0038.uasset" 7835
"../../../Engine/Content/EngineMaterials/Substrate/Glints2/dict_0002_0040.uasset" 7836
"../../../Engine/Content/EngineMaterials/Substrate/Glints2/dict_0002_0037.uasset" 7837
"../../../Engine/Content/EngineMaterials/Substrate/Glints2/dict_0002_0041.uasset" 7838
"../../../Engine/Content/EngineMaterials/Substrate/Glints2/dict_0002_0042.uasset" 7839
"../../../Engine/Content/EngineMaterials/Substrate/Glints2/dict_0002_0043.uasset" 7840
"../../../Engine/Content/EngineMaterials/Substrate/Glints2/dict_0002_0046.uasset" 7841
"../../../Engine/Content/EngineMaterials/Substrate/Glints2/dict_0002_0044.uasset" 7842
"../../../Engine/Content/EngineMaterials/Substrate/Glints2/dict_0002_0045.uasset" 7843
"../../../Engine/Content/EngineMaterials/Substrate/Glints2/dict_0002_0047.uasset" 7844
"../../../Engine/Content/EngineMaterials/Substrate/Glints2/dict_0002_0048.uasset" 7845
"../../../Engine/Content/EngineMaterials/Substrate/Glints2/dict_0002_0049.uasset" 7846
"../../../Engine/Content/EngineMaterials/Substrate/Glints2/dict_0002_0052.uasset" 7847
"../../../Engine/Content/EngineMaterials/Substrate/Glints2/dict_0002_0053.uasset" 7848
"/Engine/EngineMaterials/Substrate/Glints2/dict_0002_0033" 7849
"../../../Engine/Content/EngineMaterials/Substrate/Glints2/dict_0002_0051.uasset" 7850
"../../../Engine/Content/EngineMaterials/Substrate/Glints2/dict_0002_0054.uasset" 7851
"../../../Engine/Content/EngineMaterials/Substrate/Glints2/dict_0002_0050.uasset" 7852
"/Engine/EngineMaterials/Substrate/Glints2/dict_0002_0032" 7853
"/Engine/EngineMaterials/Substrate/Glints2/dict_0002_0031" 7854
"/Engine/EngineMaterials/Substrate/Glints2/dict_0002_0030" 7855
"/Engine/EngineMaterials/Substrate/Glints2/dict_0002_0029" 7856
"/Engine/EngineMaterials/Substrate/Glints2/dict_0002_0028" 7857
"/Engine/EngineMaterials/Substrate/Glints2/dict_0002_0027" 7858
"/Engine/EngineMaterials/Substrate/Glints2/dict_0002_0026" 7859
"/Engine/EngineMaterials/Substrate/Glints2/dict_0002_0025" 7860
"/Engine/EngineMaterials/Substrate/Glints2/dict_0002_0024" 7861
"/Engine/EngineMaterials/Substrate/Glints2/dict_0002_0023" 7862
"/Engine/EngineMaterials/Substrate/Glints2/dict_0002_0054" 7863
"../../../Engine/Content/EngineMaterials/Substrate/Glints2/dict_0002_0059.uasset" 7864
"../../../Engine/Content/EngineMaterials/Substrate/Glints2/dict_0002_0062.uasset" 7865
"../../../Engine/Content/EngineMaterials/Substrate/Glints2/dict_0002_0057.uasset" 7866
"../../../Engine/Content/EngineMaterials/Substrate/Glints2/dict_0002_0061.uasset" 7867
"../../../Engine/Content/EngineMaterials/Substrate/Glints2/dict_0002_0063.uasset" 7868
"../../../Engine/Content/EngineMaterials/Substrate/Glints2/dict_0002_0064.uasset" 7869
"/Engine/EngineMaterials/Substrate/Glints2/dict_0002_0053" 7870
"../../../Engine/Content/EngineMaterials/Substrate/Glints2/dict_0002_0065.uasset" 7871
"../../../Engine/Content/EngineMaterials/Substrate/Glints2/dict_0002_0066.uasset" 7872
"../../../Engine/Content/EngineMaterials/Substrate/Glints2/dict_0002_0060.uasset" 7873
"../../../Engine/Content/EngineMaterials/Substrate/Glints2/dict_0002_0058.uasset" 7874
"../../../Engine/Content/EngineMaterials/Substrate/Glints2/dict_0002_0055.uasset" 7875
"../../../Engine/Content/EngineMaterials/Substrate/Glints2/dict_0002_0056.uasset" 7876
"/Engine/EngineMaterials/Substrate/Glints2/dict_0002_0052" 7877
"/Engine/EngineMaterials/Substrate/Glints2/dict_0002_0051" 7878
"/Engine/EngineMaterials/Substrate/Glints2/dict_0002_0050" 7879
"/Engine/EngineMaterials/Substrate/Glints2/dict_0002_0049" 7880
"/Engine/EngineMaterials/Substrate/Glints2/dict_0002_0048" 7881
"/Engine/EngineMaterials/Substrate/Glints2/dict_0002_0047" 7882
"/Engine/EngineMaterials/Substrate/Glints2/dict_0002_0046" 7883
"/Engine/EngineMaterials/Substrate/Glints2/dict_0002_0045" 7884
"/Engine/EngineMaterials/Substrate/Glints2/dict_0002_0044" 7885
"/Engine/EngineMaterials/Substrate/Glints2/dict_0002_0043" 7886
"/Engine/EngineMaterials/Substrate/Glints2/dict_0002_0042" 7887
"/Engine/EngineMaterials/Substrate/Glints2/dict_0002_0041" 7888
"/Engine/EngineMaterials/Substrate/Glints2/dict_0002_0040" 7889
"/Engine/EngineMaterials/Substrate/Glints2/dict_0002_0039" 7890
"/Engine/EngineMaterials/Substrate/Glints2/dict_0002_0038" 7891
"/Engine/EngineMaterials/Substrate/Glints2/dict_0002_0037" 7892
"/Engine/EngineMaterials/Substrate/Glints2/dict_0002_0036" 7893
"/Engine/EngineMaterials/Substrate/Glints2/dict_0002_0035" 7894
"/Engine/EngineMaterials/Substrate/Glints2/dict_0002_0066" 7895
"../../../Engine/Content/EngineMaterials/Substrate/Glints2/dict_0002_0069.uasset" 7896
"../../../Engine/Content/EngineMaterials/Substrate/Glints2/dict_0002_0070.uasset" 7897
"../../../Engine/Content/EngineMaterials/Substrate/Glints2/dict_0002_0068.uasset" 7898
"../../../Engine/Content/EngineMaterials/Substrate/Glints2/dict_0002_0072.uasset" 7899
"../../../Engine/Content/EngineMaterials/Substrate/Glints2/dict_0002_0073.uasset" 7900
"../../../Engine/Content/EngineMaterials/Substrate/Glints2/dict_0002_0067.uasset" 7901
"../../../Engine/Content/EngineMaterials/Substrate/Glints2/dict_0002_0074.uasset" 7902
"/Engine/EngineMaterials/Substrate/Glints2/dict_0002_0065" 7903
"../../../Engine/Content/EngineMaterials/Substrate/Glints2/dict_0002_0071.uasset" 7904
"../../../Engine/Content/EngineMaterials/Substrate/Glints2/dict_0002_0077.uasset" 7905
"../../../Engine/Content/EngineMaterials/Substrate/Glints2/dict_0002_0076.uasset" 7906
"../../../Engine/Content/EngineMaterials/Substrate/Glints2/dict_0002_0075.uasset" 7907
"../../../Engine/Content/EngineMaterials/Substrate/Glints2/dict_0002_0079.uasset" 7908
"../../../Engine/Content/EngineMaterials/Substrate/Glints2/dict_0002_0080.uasset" 7909
"/Engine/EngineMaterials/Substrate/Glints2/dict_0002_0064" 7910
"../../../Engine/Content/EngineMaterials/Substrate/Glints2/dict_0002_0082.uasset" 7911
"../../../Engine/Content/EngineMaterials/Substrate/Glints2/dict_0002_0078.uasset" 7912
"../../../Engine/Content/EngineMaterials/Substrate/Glints2/dict_0002_0081.uasset" 7913
"../../../Engine/Content/EngineMaterials/Substrate/Glints2/dict_0002_0084.uasset" 7914
"../../../Engine/Content/EngineMaterials/Substrate/Glints2/dict_0002_0085.uasset" 7915
"../../../Engine/Content/EngineMaterials/Substrate/Glints2/dict_0002_0086.uasset" 7916
"../../../Engine/Content/EngineMaterials/Substrate/Glints2/dict_0002_0083.uasset" 7917
"/Engine/EngineMaterials/Substrate/Glints2/dict_0002_0063" 7918
"/Engine/EngineMaterials/Substrate/Glints2/dict_0002_0062" 7919
"/Engine/EngineMaterials/Substrate/Glints2/dict_0002_0061" 7920
"/Engine/EngineMaterials/Substrate/Glints2/dict_0002_0060" 7921
"/Engine/EngineMaterials/Substrate/Glints2/dict_0002_0059" 7922
"/Engine/EngineMaterials/Substrate/Glints2/dict_0002_0058" 7923
"/Engine/EngineMaterials/Substrate/Glints2/dict_0002_0057" 7924
"/Engine/EngineMaterials/Substrate/Glints2/dict_0002_0056" 7925
"/Engine/EngineMaterials/Substrate/Glints2/dict_0002_0055" 7926
"/Engine/EngineMaterials/Substrate/Glints2/dict_0002_0086" 7927
"../../../Engine/Content/EngineMaterials/Substrate/Glints2/dict_0002_0088.uasset" 7928
"../../../Engine/Content/EngineMaterials/Substrate/Glints2/dict_0002_0089.uasset" 7929
"../../../Engine/Content/EngineMaterials/Substrate/Glints2/dict_0002_0087.uasset" 7930
"../../../Engine/Content/EngineMaterials/Substrate/Glints2/dict_0002_0090.uasset" 7931
"../../../Engine/Content/EngineMaterials/Substrate/Glints2/dict_0002_0091.uasset" 7932
"../../../Engine/Content/EngineMaterials/Substrate/Glints2/dict_0002_0092.uasset" 7933
"/Engine/EngineMaterials/Substrate/Glints2/dict_0002_0085" 7934
"../../../Engine/Content/EngineMaterials/Substrate/Glints2/dict_0002_0095.uasset" 7935
"../../../Engine/Content/EngineMaterials/Substrate/Glints2/dict_0002_0097.uasset" 7936
"../../../Engine/Content/EngineMaterials/Substrate/Glints2/dict_0002_0098.uasset" 7937
"../../../Engine/Content/EngineMaterials/Substrate/Glints2/dict_0002_0096.uasset" 7938
"../../../Engine/Content/EngineMaterials/Substrate/Glints2/dict_0002_0094.uasset" 7939
"../../../Engine/Content/EngineMaterials/Substrate/Glints2/dict_0002_0093.uasset" 7940
"/Engine/EngineMaterials/Substrate/Glints2/dict_0002_0084" 7941
"/Engine/EngineMaterials/Substrate/Glints2/dict_0002_0083" 7942
"/Engine/EngineMaterials/Substrate/Glints2/dict_0002_0082" 7943
"/Engine/EngineMaterials/Substrate/Glints2/dict_0002_0081" 7944
"/Engine/EngineMaterials/Substrate/Glints2/dict_0002_0080" 7945
"/Engine/EngineMaterials/Substrate/Glints2/dict_0002_0079" 7946
"/Engine/EngineMaterials/Substrate/Glints2/dict_0002_0078" 7947
"/Engine/EngineMaterials/Substrate/Glints2/dict_0002_0077" 7948
"/Engine/EngineMaterials/Substrate/Glints2/dict_0002_0076" 7949
"/Engine/EngineMaterials/Substrate/Glints2/dict_0002_0075" 7950
"/Engine/EngineMaterials/Substrate/Glints2/dict_0002_0074" 7951
"/Engine/EngineMaterials/Substrate/Glints2/dict_0002_0073" 7952
"/Engine/EngineMaterials/Substrate/Glints2/dict_0002_0072" 7953
"/Engine/EngineMaterials/Substrate/Glints2/dict_0002_0071" 7954
"/Engine/EngineMaterials/Substrate/Glints2/dict_0002_0070" 7955
"/Engine/EngineMaterials/Substrate/Glints2/dict_0002_0069" 7956
"/Engine/EngineMaterials/Substrate/Glints2/dict_0002_0068" 7957
"/Engine/EngineMaterials/Substrate/Glints2/dict_0002_0067" 7958
"../../../Engine/Content/EngineMaterials/Substrate/Glints2/dict_0002_0099.uasset" 7959
"/Engine/EngineMaterials/Substrate/Glints2/dict_0002_0098" 7960
"../../../Engine/Content/EngineMaterials/Substrate/Glints2/dict_0002_0103.uasset" 7961
"../../../Engine/Content/EngineMaterials/Substrate/Glints2/dict_0002_0104.uasset" 7962
"../../../Engine/Content/EngineMaterials/Substrate/Glints2/dict_0002_0102.uasset" 7963
"../../../Engine/Content/EngineMaterials/Substrate/Glints2/dict_0002_0101.uasset" 7964
"../../../Engine/Content/EngineMaterials/Substrate/Glints2/dict_0002_0100.uasset" 7965
"../../../Engine/Content/EngineMaterials/Substrate/Glints2/dict_0002_0105.uasset" 7966
"../../../Engine/Content/EngineMaterials/Substrate/Glints2/dict_0002_0106.uasset" 7967
"../../../Engine/Content/EngineMaterials/Substrate/Glints2/dict_0002_0108.uasset" 7968
"../../../Engine/Content/EngineMaterials/Substrate/Glints2/dict_0002_0107.uasset" 7969
"/Engine/EngineMaterials/Substrate/Glints2/dict_0002_0097" 7970
"../../../Engine/Content/EngineMaterials/Substrate/Glints2/dict_0002_0109.uasset" 7971
"../../../Engine/Content/EngineMaterials/Substrate/Glints2/dict_0002_0110.uasset" 7972
"../../../Engine/Content/EngineMaterials/Substrate/Glints2/dict_0002_0111.uasset" 7973
"../../../Engine/Content/EngineMaterials/Substrate/Glints2/dict_0002_0112.uasset" 7974
"../../../Engine/Content/EngineMaterials/Substrate/Glints2/dict_0002_0113.uasset" 7975
"../../../Engine/Content/EngineMaterials/Substrate/Glints2/dict_0002_0115.uasset" 7976
"../../../Engine/Content/EngineMaterials/Substrate/Glints2/dict_0002_0114.uasset" 7977
"/Engine/EngineMaterials/Substrate/Glints2/dict_0002_0096" 7978
"../../../Engine/Content/EngineMaterials/Substrate/Glints2/dict_0002_0116.uasset" 7979
"../../../Engine/Content/EngineMaterials/Substrate/Glints2/dict_0002_0117.uasset" 7980
"../../../Engine/Content/EngineMaterials/Substrate/Glints2/dict_0002_0118.uasset" 7981
"/Engine/EngineMaterials/Substrate/Glints2/dict_0002_0095" 7982
"/Engine/EngineMaterials/Substrate/Glints2/dict_0002_0094" 7983
"/Engine/EngineMaterials/Substrate/Glints2/dict_0002_0093" 7984
"/Engine/EngineMaterials/Substrate/Glints2/dict_0002_0092" 7985
"/Engine/EngineMaterials/Substrate/Glints2/dict_0002_0091" 7986
"/Engine/EngineMaterials/Substrate/Glints2/dict_0002_0090" 7987
"/Engine/EngineMaterials/Substrate/Glints2/dict_0002_0089" 7988
"C:/Documents/Unreal Projects/HackAndSlash/goyslop/DerivedDataCache/VT/TEXTURE_7C16439390E24F1F9468894FB4D4BC55_VTCHUNK943D99C024507BF0E97F9F805C51080DF240D6D5" 7989
"C:/Documents/Unreal Projects/HackAndSlash/goyslop/DerivedDataCache/VT/TEXTURE_7C16439390E24F1F9468894FB4D4BC55_VTCHUNK2AB0F5ABCB15FE272800FF8E9CD942243D5F7AA0" 7990
"C:/Documents/Unreal Projects/HackAndSlash/goyslop/DerivedDataCache/VT/TEXTURE_7C16439390E24F1F9468894FB4D4BC55_VTCHUNK6789D23B42E7F43A3C82BA64CC89E31272325E27" 7991
"C:/Documents/Unreal Projects/HackAndSlash/goyslop/DerivedDataCache/VT/TEXTURE_7C16439390E24F1F9468894FB4D4BC55_VTCHUNK8CCF20C95F18C8D3900F6254BF2BA21320C7FE6B" 7992
"/Engine/EngineMaterials/Substrate/Glints2/dict_0002_0088" 7993
"/Engine/EngineMaterials/Substrate/Glints2/dict_0002_0087" 7994
"../../../Engine/Content/EngineMaterials/Substrate/Glints2/dict_0002_0123.uasset" 7995
"../../../Engine/Content/EngineMaterials/Substrate/Glints2/dict_0002_0124.uasset" 7996
"../../../Engine/Content/EngineMaterials/Substrate/Glints2/dict_0002_0120.uasset" 7997
"../../../Engine/Content/EngineMaterials/Substrate/Glints2/dict_0002_0119.uasset" 7998
"/Engine/EngineMaterials/Substrate/Glints2/dict_0002_0118" 7999
"../../../Engine/Content/EngineMaterials/Substrate/Glints2/dict_0002_0122.uasset" 8000
"../../../Engine/Content/EngineMaterials/Substrate/Glints2/dict_0002_0121.uasset" 8001
"../../../Engine/Content/EngineMaterials/Substrate/Glints2/dict_0002_0125.uasset" 8002
"../../../Engine/Content/EngineMaterials/Substrate/Glints2/dict_0002_0128.uasset" 8003
"../../../Engine/Content/EngineMaterials/Substrate/Glints2/dict_0002_0127.uasset" 8004
"../../../Engine/Content/EngineMaterials/Substrate/Glints2/dict_0002_0129.uasset" 8005
"../../../Engine/Content/EngineMaterials/Substrate/Glints2/dict_0002_0130.uasset" 8006
"/Engine/EngineMaterials/Substrate/Glints2/dict_0002_0117" 8007
"../../../Engine/Content/EngineMaterials/Substrate/Glints2/dict_0002_0126.uasset" 8008
"/Engine/EngineMaterials/Substrate/Glints2/dict_0002_0116" 8009
"/Engine/EngineMaterials/Substrate/Glints2/dict_0002_0115" 8010
"/Engine/EngineMaterials/Substrate/Glints2/dict_0002_0114" 8011
"/Engine/EngineMaterials/Substrate/Glints2/dict_0002_0113" 8012
"/Engine/EngineMaterials/Substrate/Glints2/dict_0002_0112" 8013
"/Engine/EngineMaterials/Substrate/Glints2/dict_0002_0111" 8014
"/Engine/EngineMaterials/Substrate/Glints2/dict_0002_0110" 8015
"/Engine/EngineMaterials/Substrate/Glints2/dict_0002_0109" 8016
"/Engine/EngineMaterials/Substrate/Glints2/dict_0002_0108" 8017
"/Engine/EngineMaterials/Substrate/Glints2/dict_0002_0107" 8018
"/Engine/EngineMaterials/Substrate/Glints2/dict_0002_0106" 8019
"/Engine/EngineMaterials/Substrate/Glints2/dict_0002_0105" 8020
"/Engine/EngineMaterials/Substrate/Glints2/dict_0002_0104" 8021
"/Engine/EngineMaterials/Substrate/Glints2/dict_0002_0103" 8022
"/Engine/EngineMaterials/Substrate/Glints2/dict_0002_0102" 8023
"/Engine/EngineMaterials/Substrate/Glints2/dict_0002_0101" 8024
"/Engine/EngineMaterials/Substrate/Glints2/dict_0002_0100" 8025
"/Engine/EngineMaterials/Substrate/Glints2/dict_0002_0099" 8026
"../../../Engine/Content/EngineMaterials/Substrate/Glints2/dict_0002_0132.uasset" 8027
"../../../Engine/Content/EngineMaterials/Substrate/Glints2/dict_0002_0140.uasset" 8028
"../../../Engine/Content/EngineMaterials/Substrate/Glints2/dict_0002_0131.uasset" 8029
"../../../Engine/Content/EngineMaterials/Substrate/Glints2/dict_0002_0134.uasset" 8030
"../../../Engine/Content/EngineMaterials/Substrate/Glints2/dict_0002_0138.uasset" 8031
"../../../Engine/Content/EngineMaterials/Substrate/Glints2/dict_0002_0137.uasset" 8032
"../../../Engine/Content/EngineMaterials/Substrate/Glints2/dict_0002_0136.uasset" 8033
"/Engine/EngineMaterials/Substrate/Glints2/dict_0002_0130" 8034
"../../../Engine/Content/EngineMaterials/Substrate/Glints2/dict_0002_0133.uasset" 8035
"../../../Engine/Content/EngineMaterials/Substrate/Glints2/dict_0002_0139.uasset" 8036
"../../../Engine/Content/EngineMaterials/Substrate/Glints2/dict_0002_0135.uasset" 8037
"../../../Engine/Content/EngineMaterials/Substrate/Glints2/dict_0002_0143.uasset" 8038
"../../../Engine/Content/EngineMaterials/Substrate/Glints2/dict_0002_0142.uasset" 8039
"../../../Engine/Content/EngineMaterials/Substrate/Glints2/dict_0002_0146.uasset" 8040
"../../../Engine/Content/EngineMaterials/Substrate/Glints2/dict_0002_0141.uasset" 8041
"../../../Engine/Content/EngineMaterials/Substrate/Glints2/dict_0002_0144.uasset" 8042
"../../../Engine/Content/EngineMaterials/Substrate/Glints2/dict_0002_0147.uasset" 8043
"../../../Engine/Content/EngineMaterials/Substrate/Glints2/dict_0002_0145.uasset" 8044
"/Engine/EngineMaterials/Substrate/Glints2/dict_0002_0129" 8045
"../../../Engine/Content/EngineMaterials/Substrate/Glints2/dict_0002_0149.uasset" 8046
"../../../Engine/Content/EngineMaterials/Substrate/Glints2/dict_0002_0148.uasset" 8047
"../../../Engine/Content/EngineMaterials/Substrate/Glints2/dict_0002_0150.uasset" 8048
"/Engine/EngineMaterials/Substrate/Glints2/dict_0002_0128" 8049
"/Engine/EngineMaterials/Substrate/Glints2/dict_0002_0127" 8050
"/Engine/EngineMaterials/Substrate/Glints2/dict_0002_0126" 8051
"/Engine/EngineMaterials/Substrate/Glints2/dict_0002_0125" 8052
"/Engine/EngineMaterials/Substrate/Glints2/dict_0002_0124" 8053
"/Engine/EngineMaterials/Substrate/Glints2/dict_0002_0123" 8054
"/Engine/EngineMaterials/Substrate/Glints2/dict_0002_0122" 8055
"/Engine/EngineMaterials/Substrate/Glints2/dict_0002_0121" 8056
"/Engine/EngineMaterials/Substrate/Glints2/dict_0002_0120" 8057
"/Engine/EngineMaterials/Substrate/Glints2/dict_0002_0119" 8058
"../../../Engine/Content/EngineMaterials/Substrate/Glints2/dict_0002_0158.uasset" 8059
"../../../Engine/Content/EngineMaterials/Substrate/Glints2/dict_0002_0154.uasset" 8060
"../../../Engine/Content/EngineMaterials/Substrate/Glints2/dict_0002_0156.uasset" 8061
"../../../Engine/Content/EngineMaterials/Substrate/Glints2/dict_0002_0160.uasset" 8062
"../../../Engine/Content/EngineMaterials/Substrate/Glints2/dict_0002_0155.uasset" 8063
"../../../Engine/Content/EngineMaterials/Substrate/Glints2/dict_0002_0159.uasset" 8064
"../../../Engine/Content/EngineMaterials/Substrate/Glints2/dict_0002_0151.uasset" 8065
"../../../Engine/Content/EngineMaterials/Substrate/Glints2/dict_0002_0152.uasset" 8066
"../../../Engine/Content/EngineMaterials/Substrate/Glints2/dict_0002_0157.uasset" 8067
"../../../Engine/Content/EngineMaterials/Substrate/Glints2/dict_0002_0153.uasset" 8068
"/Engine/EngineMaterials/Substrate/Glints2/dict_0002_0150" 8069
"../../../Engine/Content/EngineMaterials/Substrate/Glints2/dict_0002_0161.uasset" 8070
"../../../Engine/Content/EngineMaterials/Substrate/Glints2/dict_0002_0162.uasset" 8071
"/Engine/EngineMaterials/Substrate/Glints2/dict_0002_0149" 8072
"/Engine/EngineMaterials/Substrate/Glints2/dict_0002_0148" 8073
"/Engine/EngineMaterials/Substrate/Glints2/dict_0002_0147" 8074
"/Engine/EngineMaterials/Substrate/Glints2/dict_0002_0146" 8075
"/Engine/EngineMaterials/Substrate/Glints2/dict_0002_0145" 8076
"/Engine/EngineMaterials/Substrate/Glints2/dict_0002_0144" 8077
"/Engine/EngineMaterials/Substrate/Glints2/dict_0002_0143" 8078
"/Engine/EngineMaterials/Substrate/Glints2/dict_0002_0142" 8079
"/Engine/EngineMaterials/Substrate/Glints2/dict_0002_0141" 8080
"/Engine/EngineMaterials/Substrate/Glints2/dict_0002_0140" 8081
"/Engine/EngineMaterials/Substrate/Glints2/dict_0002_0139" 8082
"/Engine/EngineMaterials/Substrate/Glints2/dict_0002_0138" 8083
"/Engine/EngineMaterials/Substrate/Glints2/dict_0002_0137" 8084
"/Engine/EngineMaterials/Substrate/Glints2/dict_0002_0136" 8085
"/Engine/EngineMaterials/Substrate/Glints2/dict_0002_0135" 8086
"/Engine/EngineMaterials/Substrate/Glints2/dict_0002_0134" 8087
"/Engine/EngineMaterials/Substrate/Glints2/dict_0002_0133" 8088
"/Engine/EngineMaterials/Substrate/Glints2/dict_0002_0132" 8089
"/Engine/EngineMaterials/Substrate/Glints2/dict_0002_0131" 8090
"../../../Engine/Content/EngineMaterials/Substrate/Glints2/dict_0002_0166.uasset" 8091
"../../../Engine/Content/EngineMaterials/Substrate/Glints2/dict_0002_0167.uasset" 8092
"../../../Engine/Content/EngineMaterials/Substrate/Glints2/dict_0002_0163.uasset" 8093
"../../../Engine/Content/EngineMaterials/Substrate/Glints2/dict_0002_0168.uasset" 8094
"../../../Engine/Content/EngineMaterials/Substrate/Glints2/dict_0002_0170.uasset" 8095
"/Engine/EngineMaterials/Substrate/Glints2/dict_0002_0162" 8096
"../../../Engine/Content/EngineMaterials/Substrate/Glints2/dict_0002_0165.uasset" 8097
"../../../Engine/Content/EngineMaterials/Substrate/Glints2/dict_0002_0169.uasset" 8098
"../../../Engine/Content/EngineMaterials/Substrate/Glints2/dict_0002_0172.uasset" 8099
"../../../Engine/Content/EngineMaterials/Substrate/Glints2/dict_0002_0171.uasset" 8100
"../../../Engine/Content/EngineMaterials/Substrate/Glints2/dict_0002_0164.uasset" 8101
"../../../Engine/Content/EngineMaterials/Substrate/Glints2/dict_0002_0174.uasset" 8102
"../../../Engine/Content/EngineMaterials/Substrate/Glints2/dict_0002_0173.uasset" 8103
"../../../Engine/Content/EngineMaterials/Substrate/Glints2/dict_0002_0176.uasset" 8104
"../../../Engine/Content/EngineMaterials/Substrate/Glints2/dict_0002_0177.uasset" 8105
"../../../Engine/Content/EngineMaterials/Substrate/Glints2/dict_0002_0179.uasset" 8106
"../../../Engine/Content/EngineMaterials/Substrate/Glints2/dict_0002_0178.uasset" 8107
"../../../Engine/Content/EngineMaterials/Substrate/Glints2/dict_0002_0181.uasset" 8108
"/Engine/EngineMaterials/Substrate/Glints2/dict_0002_0161" 8109
"../../../Engine/Content/EngineMaterials/Substrate/Glints2/dict_0002_0180.uasset" 8110
"../../../Engine/Content/EngineMaterials/Substrate/Glints2/dict_0002_0175.uasset" 8111
"../../../Engine/Content/EngineMaterials/Substrate/Glints2/dict_0002_0182.uasset" 8112
"/Engine/EngineMaterials/Substrate/Glints2/dict_0002_0160" 8113
"/Engine/EngineMaterials/Substrate/Glints2/dict_0002_0159" 8114
"/Engine/EngineMaterials/Substrate/Glints2/dict_0002_0158" 8115
"/Engine/EngineMaterials/Substrate/Glints2/dict_0002_0157" 8116
"/Engine/EngineMaterials/Substrate/Glints2/dict_0002_0156" 8117
"/Engine/EngineMaterials/Substrate/Glints2/dict_0002_0155" 8118
"/Engine/EngineMaterials/Substrate/Glints2/dict_0002_0154" 8119
"/Engine/EngineMaterials/Substrate/Glints2/dict_0002_0153" 8120
"/Engine/EngineMaterials/Substrate/Glints2/dict_0002_0152" 8121
"/Engine/EngineMaterials/Substrate/Glints2/dict_0002_0151" 8122
"../../../Engine/Content/EngineMaterials/Substrate/Glints2/dict_0002_0185.uasset" 8123
"../../../Engine/Content/EngineMaterials/Substrate/Glints2/dict_0002_0187.uasset" 8124
"../../../Engine/Content/EngineMaterials/Substrate/Glints2/dict_0002_0188.uasset" 8125
"../../../Engine/Content/EngineMaterials/Substrate/Glints2/dict_0002_0189.uasset" 8126
"../../../Engine/Content/EngineMaterials/Substrate/Glints2/dict_0002_0183.uasset" 8127
"../../../Engine/Content/EngineMaterials/Substrate/Glints2/dict_0002_0192.uasset" 8128
"../../../Engine/Content/EngineMaterials/Substrate/Glints2/dict_0002_0184.uasset" 8129
"../../../Engine/Content/EngineMaterials/Substrate/Glints2/dict_0002_0186.uasset" 8130
"/Engine/EngineMaterials/Substrate/Glints2/dict_0002_0182" 8131
"../../../Engine/Content/EngineMaterials/Substrate/Glints2/dict_0002_0190.uasset" 8132
"../../../Engine/Content/EngineMaterials/Substrate/Glints2/dict_0002_0191.uasset" 8133
"../../../Engine/Content/EngineMaterials/Substrate/Glints2/dict_0002_0193.uasset" 8134
"../../../Engine/Content/EngineMaterials/Substrate/Glints2/dict_0002_0194.uasset" 8135
"/Engine/EngineMaterials/Substrate/Glints2/dict_0002_0181" 8136
"/Engine/EngineMaterials/Substrate/Glints2/dict_0002_0180" 8137
"/Engine/EngineMaterials/Substrate/Glints2/dict_0002_0179" 8138
"/Engine/EngineMaterials/Substrate/Glints2/dict_0002_0178" 8139
"/Engine/EngineMaterials/Substrate/Glints2/dict_0002_0177" 8140
"/Engine/EngineMaterials/Substrate/Glints2/dict_0002_0176" 8141
"/Engine/EngineMaterials/Substrate/Glints2/dict_0002_0175" 8142
"/Engine/EngineMaterials/Substrate/Glints2/dict_0002_0174" 8143
"/Engine/EngineMaterials/Substrate/Glints2/dict_0002_0173" 8144
"/Engine/EngineMaterials/Substrate/Glints2/dict_0002_0172" 8145
"/Engine/EngineMaterials/Substrate/Glints2/dict_0002_0171" 8146
"/Engine/EngineMaterials/Substrate/Glints2/dict_0002_0170" 8147
"/Engine/EngineMaterials/Substrate/Glints2/dict_0002_0169" 8148
"/Engine/EngineMaterials/Substrate/Glints2/dict_0002_0168" 8149
"/Engine/EngineMaterials/Substrate/Glints2/dict_0002_0167" 8150
"/Engine/EngineMaterials/Substrate/Glints2/dict_0002_0166" 8151
"/Engine/EngineMaterials/Substrate/Glints2/dict_0002_0165" 8152
"/Engine/EngineMaterials/Substrate/Glints2/dict_0002_0164" 8153
"/Engine/EngineMaterials/Substrate/Glints2/dict_0002_0163" 8154
"../../../Engine/Content/EngineMaterials/Substrate/Glints2/dict_0002_0195.uasset" 8155
"../../../Engine/Content/EngineMaterials/Substrate/Glints2/dict_0002_0196.uasset" 8156
"../../../Engine/Content/EngineMaterials/Substrate/Glints2/dict_0002_0202.uasset" 8157
"../../../Engine/Content/EngineMaterials/Substrate/Glints2/dict_0002_0199.uasset" 8158
"../../../Engine/Content/EngineMaterials/Substrate/Glints2/dict_0002_0198.uasset" 8159
"../../../Engine/Content/EngineMaterials/Substrate/Glints2/dict_0002_0201.uasset" 8160
"../../../Engine/Content/EngineMaterials/Substrate/Glints2/dict_0002_0197.uasset" 8161
"/Engine/EngineMaterials/Substrate/Glints2/dict_0002_0194" 8162
"../../../Engine/Content/EngineMaterials/Substrate/Glints2/dict_0002_0200.uasset" 8163
"../../../Engine/Content/EngineMaterials/Substrate/Glints2/dict_0002_0204.uasset" 8164
"../../../Engine/Content/EngineMaterials/Substrate/Glints2/dict_0002_0203.uasset" 8165
"../../../Engine/Content/EngineMaterials/Substrate/Glints2/dict_0002_0205.uasset" 8166
"../../../Engine/Content/EngineMaterials/Substrate/Glints2/dict_0002_0206.uasset" 8167
"../../../Engine/Content/EngineMaterials/Substrate/Glints2/dict_0002_0207.uasset" 8168
"../../../Engine/Content/EngineMaterials/Substrate/Glints2/dict_0002_0209.uasset" 8169
"../../../Engine/Content/EngineMaterials/Substrate/Glints2/dict_0002_0208.uasset" 8170
"../../../Engine/Content/EngineMaterials/Substrate/Glints2/dict_0002_0210.uasset" 8171
"../../../Engine/Content/EngineMaterials/Substrate/Glints2/dict_0002_0211.uasset" 8172
"../../../Engine/Content/EngineMaterials/Substrate/Glints2/dict_0002_0213.uasset" 8173
"../../../Engine/Content/EngineMaterials/Substrate/Glints2/dict_0002_0214.uasset" 8174
"../../../Engine/Content/EngineMaterials/Substrate/Glints2/dict_0002_0212.uasset" 8175
"/Engine/EngineMaterials/Substrate/Glints2/dict_0002_0193" 8176
"/Engine/EngineMaterials/Substrate/Glints2/dict_0002_0192" 8177
"/Engine/EngineMaterials/Substrate/Glints2/dict_0002_0191" 8178
"/Engine/EngineMaterials/Substrate/Glints2/dict_0002_0190" 8179
"/Engine/EngineMaterials/Substrate/Glints2/dict_0002_0189" 8180
"/Engine/EngineMaterials/Substrate/Glints2/dict_0002_0188" 8181
"/Engine/EngineMaterials/Substrate/Glints2/dict_0002_0187" 8182
"/Engine/EngineMaterials/Substrate/Glints2/dict_0002_0186" 8183
"/Engine/EngineMaterials/Substrate/Glints2/dict_0002_0185" 8184
"/Engine/EngineMaterials/Substrate/Glints2/dict_0002_0184" 8185
"/Engine/EngineMaterials/Substrate/Glints2/dict_0002_0183" 8186
"/Engine/EngineMaterials/Substrate/Glints2/dict_0002_0214" 8187
"../../../Engine/Content/EngineMaterials/Substrate/Glints2/dict_0002_0220.uasset" 8188
"../../../Engine/Content/EngineMaterials/Substrate/Glints2/dict_0002_0217.uasset" 8189
"../../../Engine/Content/EngineMaterials/Substrate/Glints2/dict_0002_0215.uasset" 8190
"../../../Engine/Content/EngineMaterials/Substrate/Glints2/dict_0002_0218.uasset" 8191
"../../../Engine/Content/EngineMaterials/Substrate/Glints2/dict_0002_0219.uasset" 8192
"../../../Engine/Content/EngineMaterials/Substrate/Glints2/dict_0002_0216.uasset" 8193
"../../../Engine/Content/EngineMaterials/Substrate/Glints2/dict_0002_0221.uasset" 8194
"../../../Engine/Content/EngineMaterials/Substrate/Glints2/dict_0002_0223.uasset" 8195
"../../../Engine/Content/EngineMaterials/Substrate/Glints2/dict_0002_0222.uasset" 8196
"../../../Engine/Content/EngineMaterials/Substrate/Glints2/dict_0002_0224.uasset" 8197
"../../../Engine/Content/EngineMaterials/Substrate/Glints2/dict_0002_0225.uasset" 8198
"../../../Engine/Content/EngineMaterials/Substrate/Glints2/dict_0002_0226.uasset" 8199
"/Engine/EngineMaterials/Substrate/Glints2/dict_0002_0213" 8200
"/Engine/EngineMaterials/Substrate/Glints2/dict_0002_0212" 8201
"/Engine/EngineMaterials/Substrate/Glints2/dict_0002_0211" 8202
"/Engine/EngineMaterials/Substrate/Glints2/dict_0002_0210" 8203
"/Engine/EngineMaterials/Substrate/Glints2/dict_0002_0209" 8204
"/Engine/EngineMaterials/Substrate/Glints2/dict_0002_0208" 8205
"/Engine/EngineMaterials/Substrate/Glints2/dict_0002_0207" 8206
"/Engine/EngineMaterials/Substrate/Glints2/dict_0002_0206" 8207
"/Engine/EngineMaterials/Substrate/Glints2/dict_0002_0205" 8208
"/Engine/EngineMaterials/Substrate/Glints2/dict_0002_0204" 8209
"/Engine/EngineMaterials/Substrate/Glints2/dict_0002_0203" 8210
"/Engine/EngineMaterials/Substrate/Glints2/dict_0002_0202" 8211
"/Engine/EngineMaterials/Substrate/Glints2/dict_0002_0201" 8212
"/Engine/EngineMaterials/Substrate/Glints2/dict_0002_0200" 8213
"/Engine/EngineMaterials/Substrate/Glints2/dict_0002_0199" 8214
"/Engine/EngineMaterials/Substrate/Glints2/dict_0002_0198" 8215
"/Engine/EngineMaterials/Substrate/Glints2/dict_0002_0197" 8216
"/Engine/EngineMaterials/Substrate/Glints2/dict_0002_0196" 8217
"/Engine/EngineMaterials/Substrate/Glints2/dict_0002_0195" 8218
"../../../Engine/Content/EngineMaterials/Substrate/Glints2/dict_0002_0228.uasset" 8219
"../../../Engine/Content/EngineMaterials/Substrate/Glints2/dict_0002_0229.uasset" 8220
"../../../Engine/Content/EngineMaterials/Substrate/Glints2/dict_0002_0236.uasset" 8221
"../../../Engine/Content/EngineMaterials/Substrate/Glints2/dict_0002_0231.uasset" 8222
"../../../Engine/Content/EngineMaterials/Substrate/Glints2/dict_0002_0233.uasset" 8223
"/Engine/EngineMaterials/Substrate/Glints2/dict_0002_0226" 8224
"../../../Engine/Content/EngineMaterials/Substrate/Glints2/dict_0002_0232.uasset" 8225
"../../../Engine/Content/EngineMaterials/Substrate/Glints2/dict_0002_0235.uasset" 8226
"../../../Engine/Content/EngineMaterials/Substrate/Glints2/dict_0002_0234.uasset" 8227
"../../../Engine/Content/EngineMaterials/Substrate/Glints2/dict_0002_0230.uasset" 8228
"../../../Engine/Content/EngineMaterials/Substrate/Glints2/dict_0002_0227.uasset" 8229
"../../../Engine/Content/EngineMaterials/Substrate/Glints2/dict_0002_0238.uasset" 8230
"../../../Engine/Content/EngineMaterials/Substrate/Glints2/dict_0002_0237.uasset" 8231
"../../../Engine/Content/EngineMaterials/Substrate/Glints2/dict_0002_0240.uasset" 8232
"../../../Engine/Content/EngineMaterials/Substrate/Glints2/dict_0002_0241.uasset" 8233
"../../../Engine/Content/EngineMaterials/Substrate/Glints2/dict_0002_0239.uasset" 8234
"../../../Engine/Content/EngineMaterials/Substrate/Glints2/dict_0002_0243.uasset" 8235
"../../../Engine/Content/EngineMaterials/Substrate/Glints2/dict_0002_0242.uasset" 8236
"../../../Engine/Content/EngineMaterials/Substrate/Glints2/dict_0002_0245.uasset" 8237
"../../../Engine/Content/EngineMaterials/Substrate/Glints2/dict_0002_0244.uasset" 8238
"/Engine/EngineMaterials/Substrate/Glints2/dict_0002_0225" 8239
"../../../Engine/Content/EngineMaterials/Substrate/Glints2/dict_0002_0246.uasset" 8240
"/Engine/EngineMaterials/Substrate/Glints2/dict_0002_0224" 8241
"/Engine/EngineMaterials/Substrate/Glints2/dict_0002_0223" 8242
"/Engine/EngineMaterials/Substrate/Glints2/dict_0002_0222" 8243
"/Engine/EngineMaterials/Substrate/Glints2/dict_0002_0221" 8244
"/Engine/EngineMaterials/Substrate/Glints2/dict_0002_0220" 8245
"/Engine/EngineMaterials/Substrate/Glints2/dict_0002_0219" 8246
"/Engine/EngineMaterials/Substrate/Glints2/dict_0002_0218" 8247
"/Engine/EngineMaterials/Substrate/Glints2/dict_0002_0217" 8248
"/Engine/EngineMaterials/Substrate/Glints2/dict_0002_0216" 8249
"/Engine/EngineMaterials/Substrate/Glints2/dict_0002_0215" 8250
"../../../Engine/Content/EngineMaterials/Substrate/Glints2/dict_0002_0251.uasset" 8251
"../../../Engine/Content/EngineMaterials/Substrate/Glints2/dict_0002_0255.uasset" 8252
"../../../Engine/Content/EngineMaterials/Substrate/Glints2/dict_0002_0254.uasset" 8253
"../../../Engine/Content/EngineMaterials/Substrate/Glints2/dict_0002_0247.uasset" 8254
"../../../Engine/Content/EngineMaterials/Substrate/Glints2/dict_0002_0249.uasset" 8255
"../../../Engine/Content/EngineMaterials/Substrate/Glints2/dict_0002_0250.uasset" 8256
"../../../Engine/Content/EngineMaterials/Substrate/Glints2/dict_0003_0000.uasset" 8257
"../../../Engine/Content/EngineMaterials/Substrate/Glints2/dict_0002_0248.uasset" 8258
"../../../Engine/Content/EngineMaterials/Substrate/Glints2/dict_0002_0253.uasset" 8259
"/Engine/EngineMaterials/Substrate/Glints2/dict_0002_0246" 8260
"../../../Engine/Content/EngineMaterials/Substrate/Glints2/dict_0002_0252.uasset" 8261
"../../../Engine/Content/EngineMaterials/Substrate/Glints2/dict_0003_0001.uasset" 8262
"../../../Engine/Content/EngineMaterials/Substrate/Glints2/dict_0003_0002.uasset" 8263
"/Engine/EngineMaterials/Substrate/Glints2/dict_0002_0245" 8264
"/Engine/EngineMaterials/Substrate/Glints2/dict_0002_0244" 8265
"/Engine/EngineMaterials/Substrate/Glints2/dict_0002_0243" 8266
"/Engine/EngineMaterials/Substrate/Glints2/dict_0002_0242" 8267
"/Engine/EngineMaterials/Substrate/Glints2/dict_0002_0241" 8268
"/Engine/EngineMaterials/Substrate/Glints2/dict_0002_0240" 8269
"/Engine/EngineMaterials/Substrate/Glints2/dict_0002_0239" 8270
"/Engine/EngineMaterials/Substrate/Glints2/dict_0002_0238" 8271
"/Engine/EngineMaterials/Substrate/Glints2/dict_0002_0237" 8272
"/Engine/EngineMaterials/Substrate/Glints2/dict_0002_0236" 8273
"/Engine/EngineMaterials/Substrate/Glints2/dict_0002_0235" 8274
"/Engine/EngineMaterials/Substrate/Glints2/dict_0002_0234" 8275
"/Engine/EngineMaterials/Substrate/Glints2/dict_0002_0233" 8276
"/Engine/EngineMaterials/Substrate/Glints2/dict_0002_0232" 8277
"/Engine/EngineMaterials/Substrate/Glints2/dict_0002_0231" 8278
"/Engine/EngineMaterials/Substrate/Glints2/dict_0002_0230" 8279
"/Engine/EngineMaterials/Substrate/Glints2/dict_0002_0229" 8280
"/Engine/EngineMaterials/Substrate/Glints2/dict_0002_0228" 8281
"/Engine/EngineMaterials/Substrate/Glints2/dict_0002_0227" 8282
"../../../Engine/Content/EngineMaterials/Substrate/Glints2/dict_0003_0006.uasset" 8283
"../../../Engine/Content/EngineMaterials/Substrate/Glints2/dict_0003_0003.uasset" 8284
"/Engine/EngineMaterials/Substrate/Glints2/dict_0003_0002" 8285
"../../../Engine/Content/EngineMaterials/Substrate/Glints2/dict_0003_0008.uasset" 8286
"../../../Engine/Content/EngineMaterials/Substrate/Glints2/dict_0003_0009.uasset" 8287
"../../../Engine/Content/EngineMaterials/Substrate/Glints2/dict_0003_0007.uasset" 8288
"../../../Engine/Content/EngineMaterials/Substrate/Glints2/dict_0003_0010.uasset" 8289
"../../../Engine/Content/EngineMaterials/Substrate/Glints2/dict_0003_0004.uasset" 8290
"../../../Engine/Content/EngineMaterials/Substrate/Glints2/dict_0003_0005.uasset" 8291
"../../../Engine/Content/EngineMaterials/Substrate/Glints2/dict_0003_0011.uasset" 8292
"../../../Engine/Content/EngineMaterials/Substrate/Glints2/dict_0003_0012.uasset" 8293
"../../../Engine/Content/EngineMaterials/Substrate/Glints2/dict_0003_0013.uasset" 8294
"../../../Engine/Content/EngineMaterials/Substrate/Glints2/dict_0003_0015.uasset" 8295
"../../../Engine/Content/EngineMaterials/Substrate/Glints2/dict_0003_0014.uasset" 8296
"/Engine/EngineMaterials/Substrate/Glints2/dict_0003_0001" 8297
"../../../Engine/Content/EngineMaterials/Substrate/Glints2/dict_0003_0016.uasset" 8298
"../../../Engine/Content/EngineMaterials/Substrate/Glints2/dict_0003_0017.uasset" 8299
"../../../Engine/Content/EngineMaterials/Substrate/Glints2/dict_0003_0019.uasset" 8300
"../../../Engine/Content/EngineMaterials/Substrate/Glints2/dict_0003_0020.uasset" 8301
"../../../Engine/Content/EngineMaterials/Substrate/Glints2/dict_0003_0018.uasset" 8302
"../../../Engine/Content/EngineMaterials/Substrate/Glints2/dict_0003_0022.uasset" 8303
"../../../Engine/Content/EngineMaterials/Substrate/Glints2/dict_0003_0021.uasset" 8304
"/Engine/EngineMaterials/Substrate/Glints2/dict_0003_0000" 8305
"/Engine/EngineMaterials/Substrate/Glints2/dict_0002_0255" 8306
"/Engine/EngineMaterials/Substrate/Glints2/dict_0002_0254" 8307
"/Engine/EngineMaterials/Substrate/Glints2/dict_0002_0253" 8308
"/Engine/EngineMaterials/Substrate/Glints2/dict_0002_0252" 8309
"/Engine/EngineMaterials/Substrate/Glints2/dict_0002_0251" 8310
"/Engine/EngineMaterials/Substrate/Glints2/dict_0002_0250" 8311
"/Engine/EngineMaterials/Substrate/Glints2/dict_0002_0249" 8312
"/Engine/EngineMaterials/Substrate/Glints2/dict_0002_0248" 8313
"/Engine/EngineMaterials/Substrate/Glints2/dict_0002_0247" 8314
"../../../Engine/Content/EngineMaterials/Substrate/Glints2/dict_0003_0027.uasset" 8315
"../../../Engine/Content/EngineMaterials/Substrate/Glints2/dict_0003_0028.uasset" 8316
"../../../Engine/Content/EngineMaterials/Substrate/Glints2/dict_0003_0030.uasset" 8317
"../../../Engine/Content/EngineMaterials/Substrate/Glints2/dict_0003_0031.uasset" 8318
"../../../Engine/Content/EngineMaterials/Substrate/Glints2/dict_0003_0029.uasset" 8319
"../../../Engine/Content/EngineMaterials/Substrate/Glints2/dict_0003_0032.uasset" 8320
"../../../Engine/Content/EngineMaterials/Substrate/Glints2/dict_0003_0023.uasset" 8321
"../../../Engine/Content/EngineMaterials/Substrate/Glints2/dict_0003_0024.uasset" 8322
"../../../Engine/Content/EngineMaterials/Substrate/Glints2/dict_0003_0026.uasset" 8323
"../../../Engine/Content/EngineMaterials/Substrate/Glints2/dict_0003_0025.uasset" 8324
"/Engine/EngineMaterials/Substrate/Glints2/dict_0003_0022" 8325
"../../../Engine/Content/EngineMaterials/Substrate/Glints2/dict_0003_0034.uasset" 8326
"../../../Engine/Content/EngineMaterials/Substrate/Glints2/dict_0003_0033.uasset" 8327
"/Engine/EngineMaterials/Substrate/Glints2/dict_0003_0021" 8328
"/Engine/EngineMaterials/Substrate/Glints2/dict_0003_0020" 8329
"/Engine/EngineMaterials/Substrate/Glints2/dict_0003_0019" 8330
"/Engine/EngineMaterials/Substrate/Glints2/dict_0003_0018" 8331
"/Engine/EngineMaterials/Substrate/Glints2/dict_0003_0017" 8332
"/Engine/EngineMaterials/Substrate/Glints2/dict_0003_0016" 8333
"/Engine/EngineMaterials/Substrate/Glints2/dict_0003_0015" 8334
"/Engine/EngineMaterials/Substrate/Glints2/dict_0003_0014" 8335
"/Engine/EngineMaterials/Substrate/Glints2/dict_0003_0013" 8336
"/Engine/EngineMaterials/Substrate/Glints2/dict_0003_0012" 8337
"/Engine/EngineMaterials/Substrate/Glints2/dict_0003_0011" 8338
"/Engine/EngineMaterials/Substrate/Glints2/dict_0003_0010" 8339
"/Engine/EngineMaterials/Substrate/Glints2/dict_0003_0009" 8340
"/Engine/EngineMaterials/Substrate/Glints2/dict_0003_0008" 8341
"/Engine/EngineMaterials/Substrate/Glints2/dict_0003_0007" 8342
"/Engine/EngineMaterials/Substrate/Glints2/dict_0003_0006" 8343
"/Engine/EngineMaterials/Substrate/Glints2/dict_0003_0005" 8344
"/Engine/EngineMaterials/Substrate/Glints2/dict_0003_0004" 8345
"/Engine/EngineMaterials/Substrate/Glints2/dict_0003_0003" 8346
"../../../Engine/Content/EngineMaterials/Substrate/Glints2/dict_0003_0036.uasset" 8347
"../../../Engine/Content/EngineMaterials/Substrate/Glints2/dict_0003_0039.uasset" 8348
"../../../Engine/Content/EngineMaterials/Substrate/Glints2/dict_0003_0037.uasset" 8349
"/Engine/EngineMaterials/Substrate/Glints2/dict_0003_0034" 8350
"../../../Engine/Content/EngineMaterials/Substrate/Glints2/dict_0003_0040.uasset" 8351
"../../../Engine/Content/EngineMaterials/Substrate/Glints2/dict_0003_0041.uasset" 8352
"../../../Engine/Content/EngineMaterials/Substrate/Glints2/dict_0003_0038.uasset" 8353
"../../../Engine/Content/EngineMaterials/Substrate/Glints2/dict_0003_0042.uasset" 8354
"../../../Engine/Content/EngineMaterials/Substrate/Glints2/dict_0003_0035.uasset" 8355
"../../../Engine/Content/EngineMaterials/Substrate/Glints2/dict_0003_0044.uasset" 8356
"../../../Engine/Content/EngineMaterials/Substrate/Glints2/dict_0003_0043.uasset" 8357
"../../../Engine/Content/EngineMaterials/Substrate/Glints2/dict_0003_0045.uasset" 8358
"../../../Engine/Content/EngineMaterials/Substrate/Glints2/dict_0003_0046.uasset" 8359
"../../../Engine/Content/EngineMaterials/Substrate/Glints2/dict_0003_0048.uasset" 8360
"../../../Engine/Content/EngineMaterials/Substrate/Glints2/dict_0003_0049.uasset" 8361
"../../../Engine/Content/EngineMaterials/Substrate/Glints2/dict_0003_0050.uasset" 8362
"/Engine/EngineMaterials/Substrate/Glints2/dict_0003_0033" 8363
"../../../Engine/Content/EngineMaterials/Substrate/Glints2/dict_0003_0051.uasset" 8364
"../../../Engine/Content/EngineMaterials/Substrate/Glints2/dict_0003_0047.uasset" 8365
"../../../Engine/Content/EngineMaterials/Substrate/Glints2/dict_0003_0052.uasset" 8366
"../../../Engine/Content/EngineMaterials/Substrate/Glints2/dict_0003_0054.uasset" 8367
"../../../Engine/Content/EngineMaterials/Substrate/Glints2/dict_0003_0053.uasset" 8368
"/Engine/EngineMaterials/Substrate/Glints2/dict_0003_0032" 8369
"/Engine/EngineMaterials/Substrate/Glints2/dict_0003_0031" 8370
"/Engine/EngineMaterials/Substrate/Glints2/dict_0003_0030" 8371
"/Engine/EngineMaterials/Substrate/Glints2/dict_0003_0029" 8372
"/Engine/EngineMaterials/Substrate/Glints2/dict_0003_0028" 8373
"/Engine/EngineMaterials/Substrate/Glints2/dict_0003_0027" 8374
"/Engine/EngineMaterials/Substrate/Glints2/dict_0003_0026" 8375
"/Engine/EngineMaterials/Substrate/Glints2/dict_0003_0025" 8376
"/Engine/EngineMaterials/Substrate/Glints2/dict_0003_0024" 8377
"/Engine/EngineMaterials/Substrate/Glints2/dict_0003_0023" 8378
"../../../Engine/Content/EngineMaterials/Substrate/Glints2/dict_0003_0061.uasset" 8379
"../../../Engine/Content/EngineMaterials/Substrate/Glints2/dict_0003_0063.uasset" 8380
"../../../Engine/Content/EngineMaterials/Substrate/Glints2/dict_0003_0060.uasset" 8381
"../../../Engine/Content/EngineMaterials/Substrate/Glints2/dict_0003_0059.uasset" 8382
"../../../Engine/Content/EngineMaterials/Substrate/Glints2/dict_0003_0057.uasset" 8383
"../../../Engine/Content/EngineMaterials/Substrate/Glints2/dict_0003_0062.uasset" 8384
"../../../Engine/Content/EngineMaterials/Substrate/Glints2/dict_0003_0058.uasset" 8385
"../../../Engine/Content/EngineMaterials/Substrate/Glints2/dict_0003_0055.uasset" 8386
"/Engine/EngineMaterials/Substrate/Glints2/dict_0003_0054" 8387
"../../../Engine/Content/EngineMaterials/Substrate/Glints2/dict_0003_0056.uasset" 8388
"../../../Engine/Content/EngineMaterials/Substrate/Glints2/dict_0003_0064.uasset" 8389
"../../../Engine/Content/EngineMaterials/Substrate/Glints2/dict_0003_0065.uasset" 8390
"../../../Engine/Content/EngineMaterials/Substrate/Glints2/dict_0003_0066.uasset" 8391
"/Engine/EngineMaterials/Substrate/Glints2/dict_0003_0053" 8392
"/Engine/EngineMaterials/Substrate/Glints2/dict_0003_0052" 8393
"/Engine/EngineMaterials/Substrate/Glints2/dict_0003_0051" 8394
"/Engine/EngineMaterials/Substrate/Glints2/dict_0003_0050" 8395
"/Engine/EngineMaterials/Substrate/Glints2/dict_0003_0049" 8396
"/Engine/EngineMaterials/Substrate/Glints2/dict_0003_0048" 8397
"/Engine/EngineMaterials/Substrate/Glints2/dict_0003_0047" 8398
"/Engine/EngineMaterials/Substrate/Glints2/dict_0003_0046" 8399
"/Engine/EngineMaterials/Substrate/Glints2/dict_0003_0045" 8400
"/Engine/EngineMaterials/Substrate/Glints2/dict_0003_0044" 8401
"/Engine/EngineMaterials/Substrate/Glints2/dict_0003_0043" 8402
"/Engine/EngineMaterials/Substrate/Glints2/dict_0003_0042" 8403
"/Engine/EngineMaterials/Substrate/Glints2/dict_0003_0041" 8404
"/Engine/EngineMaterials/Substrate/Glints2/dict_0003_0040" 8405
"/Engine/EngineMaterials/Substrate/Glints2/dict_0003_0039" 8406
"/Engine/EngineMaterials/Substrate/Glints2/dict_0003_0038" 8407
"/Engine/EngineMaterials/Substrate/Glints2/dict_0003_0037" 8408
"/Engine/EngineMaterials/Substrate/Glints2/dict_0003_0036" 8409
"/Engine/EngineMaterials/Substrate/Glints2/dict_0003_0035" 8410
"../../../Engine/Content/EngineMaterials/Substrate/Glints2/dict_0003_0073.uasset" 8411
"../../../Engine/Content/EngineMaterials/Substrate/Glints2/dict_0003_0070.uasset" 8412
"/Engine/EngineMaterials/Substrate/Glints2/dict_0003_0066" 8413
"../../../Engine/Content/EngineMaterials/Substrate/Glints2/dict_0003_0072.uasset" 8414
"../../../Engine/Content/EngineMaterials/Substrate/Glints2/dict_0003_0075.uasset" 8415
"../../../Engine/Content/EngineMaterials/Substrate/Glints2/dict_0003_0069.uasset" 8416
"../../../Engine/Content/EngineMaterials/Substrate/Glints2/dict_0003_0071.uasset" 8417
"../../../Engine/Content/EngineMaterials/Substrate/Glints2/dict_0003_0076.uasset" 8418
"../../../Engine/Content/EngineMaterials/Substrate/Glints2/dict_0003_0067.uasset" 8419
"../../../Engine/Content/EngineMaterials/Substrate/Glints2/dict_0003_0068.uasset" 8420
"../../../Engine/Content/EngineMaterials/Substrate/Glints2/dict_0003_0074.uasset" 8421
"../../../Engine/Content/EngineMaterials/Substrate/Glints2/dict_0003_0078.uasset" 8422
"../../../Engine/Content/EngineMaterials/Substrate/Glints2/dict_0003_0077.uasset" 8423
"../../../Engine/Content/EngineMaterials/Substrate/Glints2/dict_0003_0080.uasset" 8424
"../../../Engine/Content/EngineMaterials/Substrate/Glints2/dict_0003_0081.uasset" 8425
"/Engine/EngineMaterials/Substrate/Glints2/dict_0003_0065" 8426
"../../../Engine/Content/EngineMaterials/Substrate/Glints2/dict_0003_0082.uasset" 8427
"../../../Engine/Content/EngineMaterials/Substrate/Glints2/dict_0003_0084.uasset" 8428
"../../../Engine/Content/EngineMaterials/Substrate/Glints2/dict_0003_0079.uasset" 8429
"../../../Engine/Content/EngineMaterials/Substrate/Glints2/dict_0003_0085.uasset" 8430
"../../../Engine/Content/EngineMaterials/Substrate/Glints2/dict_0003_0083.uasset" 8431
"../../../Engine/Content/EngineMaterials/Substrate/Glints2/dict_0003_0086.uasset" 8432
"/Engine/EngineMaterials/Substrate/Glints2/dict_0003_0064" 8433
"/Engine/EngineMaterials/Substrate/Glints2/dict_0003_0063" 8434
"/Engine/EngineMaterials/Substrate/Glints2/dict_0003_0062" 8435
"/Engine/EngineMaterials/Substrate/Glints2/dict_0003_0061" 8436
"/Engine/EngineMaterials/Substrate/Glints2/dict_0003_0060" 8437
"/Engine/EngineMaterials/Substrate/Glints2/dict_0003_0059" 8438
"/Engine/EngineMaterials/Substrate/Glints2/dict_0003_0058" 8439
"/Engine/EngineMaterials/Substrate/Glints2/dict_0003_0057" 8440
"/Engine/EngineMaterials/Substrate/Glints2/dict_0003_0056" 8441
"/Engine/EngineMaterials/Substrate/Glints2/dict_0003_0055" 8442
"../../../Engine/Content/EngineMaterials/Substrate/Glints2/dict_0003_0092.uasset" 8443
"../../../Engine/Content/EngineMaterials/Substrate/Glints2/dict_0003_0087.uasset" 8444
"../../../Engine/Content/EngineMaterials/Substrate/Glints2/dict_0003_0089.uasset" 8445
"../../../Engine/Content/EngineMaterials/Substrate/Glints2/dict_0003_0090.uasset" 8446
"../../../Engine/Content/EngineMaterials/Substrate/Glints2/dict_0003_0091.uasset" 8447
"/Engine/EngineMaterials/Substrate/Glints2/dict_0003_0086" 8448
"../../../Engine/Content/EngineMaterials/Substrate/Glints2/dict_0003_0093.uasset" 8449
"../../../Engine/Content/EngineMaterials/Substrate/Glints2/dict_0003_0088.uasset" 8450
"../../../Engine/Content/EngineMaterials/Substrate/Glints2/dict_0003_0094.uasset" 8451
"../../../Engine/Content/EngineMaterials/Substrate/Glints2/dict_0003_0095.uasset" 8452
"../../../Engine/Content/EngineMaterials/Substrate/Glints2/dict_0003_0096.uasset" 8453
"../../../Engine/Content/EngineMaterials/Substrate/Glints2/dict_0003_0097.uasset" 8454
"../../../Engine/Content/EngineMaterials/Substrate/Glints2/dict_0003_0098.uasset" 8455
"/Engine/EngineMaterials/Substrate/Glints2/dict_0003_0085" 8456
"/Engine/EngineMaterials/Substrate/Glints2/dict_0003_0084" 8457
"/Engine/EngineMaterials/Substrate/Glints2/dict_0003_0083" 8458
"/Engine/EngineMaterials/Substrate/Glints2/dict_0003_0082" 8459
"/Engine/EngineMaterials/Substrate/Glints2/dict_0003_0081" 8460
"/Engine/EngineMaterials/Substrate/Glints2/dict_0003_0080" 8461
"/Engine/EngineMaterials/Substrate/Glints2/dict_0003_0079" 8462
"/Engine/EngineMaterials/Substrate/Glints2/dict_0003_0078" 8463
"/Engine/EngineMaterials/Substrate/Glints2/dict_0003_0077" 8464
"/Engine/EngineMaterials/Substrate/Glints2/dict_0003_0076" 8465
"/Engine/EngineMaterials/Substrate/Glints2/dict_0003_0075" 8466
"/Engine/EngineMaterials/Substrate/Glints2/dict_0003_0074" 8467
"/Engine/EngineMaterials/Substrate/Glints2/dict_0003_0073" 8468
"/Engine/EngineMaterials/Substrate/Glints2/dict_0003_0072" 8469
"/Engine/EngineMaterials/Substrate/Glints2/dict_0003_0071" 8470
"/Engine/EngineMaterials/Substrate/Glints2/dict_0003_0070" 8471
"/Engine/EngineMaterials/Substrate/Glints2/dict_0003_0069" 8472
"/Engine/EngineMaterials/Substrate/Glints2/dict_0003_0068" 8473
"/Engine/EngineMaterials/Substrate/Glints2/dict_0003_0067" 8474
"../../../Engine/Content/EngineMaterials/Substrate/Glints2/dict_0003_0100.uasset" 8475
"../../../Engine/Content/EngineMaterials/Substrate/Glints2/dict_0003_0108.uasset" 8476
"../../../Engine/Content/EngineMaterials/Substrate/Glints2/dict_0003_0106.uasset" 8477
"/Engine/EngineMaterials/Substrate/Glints2/dict_0003_0098" 8478
"../../../Engine/Content/EngineMaterials/Substrate/Glints2/dict_0003_0102.uasset" 8479
"../../../Engine/Content/EngineMaterials/Substrate/Glints2/dict_0003_0107.uasset" 8480
"../../../Engine/Content/EngineMaterials/Substrate/Glints2/dict_0003_0104.uasset" 8481
"../../../Engine/Content/EngineMaterials/Substrate/Glints2/dict_0003_0103.uasset" 8482
"../../../Engine/Content/EngineMaterials/Substrate/Glints2/dict_0003_0105.uasset" 8483
"../../../Engine/Content/EngineMaterials/Substrate/Glints2/dict_0003_0099.uasset" 8484
"../../../Engine/Content/EngineMaterials/Substrate/Glints2/dict_0003_0101.uasset" 8485
"../../../Engine/Content/EngineMaterials/Substrate/Glints2/dict_0003_0110.uasset" 8486
"../../../Engine/Content/EngineMaterials/Substrate/Glints2/dict_0003_0109.uasset" 8487
"../../../Engine/Content/EngineMaterials/Substrate/Glints2/dict_0003_0112.uasset" 8488
"../../../Engine/Content/EngineMaterials/Substrate/Glints2/dict_0003_0113.uasset" 8489
"../../../Engine/Content/EngineMaterials/Substrate/Glints2/dict_0003_0111.uasset" 8490
"../../../Engine/Content/EngineMaterials/Substrate/Glints2/dict_0003_0114.uasset" 8491
"../../../Engine/Content/EngineMaterials/Substrate/Glints2/dict_0003_0116.uasset" 8492
"../../../Engine/Content/EngineMaterials/Substrate/Glints2/dict_0003_0118.uasset" 8493
"../../../Engine/Content/EngineMaterials/Substrate/Glints2/dict_0003_0115.uasset" 8494
"/Engine/EngineMaterials/Substrate/Glints2/dict_0003_0097" 8495
"../../../Engine/Content/EngineMaterials/Substrate/Glints2/dict_0003_0117.uasset" 8496
"/Engine/EngineMaterials/Substrate/Glints2/dict_0003_0096" 8497
"/Engine/EngineMaterials/Substrate/Glints2/dict_0003_0095" 8498
"/Engine/EngineMaterials/Substrate/Glints2/dict_0003_0094" 8499
"/Engine/EngineMaterials/Substrate/Glints2/dict_0003_0093" 8500
"/Engine/EngineMaterials/Substrate/Glints2/dict_0003_0092" 8501
"/Engine/EngineMaterials/Substrate/Glints2/dict_0003_0091" 8502
"/Engine/EngineMaterials/Substrate/Glints2/dict_0003_0090" 8503
"/Engine/EngineMaterials/Substrate/Glints2/dict_0003_0089" 8504
"/Engine/EngineMaterials/Substrate/Glints2/dict_0003_0088" 8505
"/Engine/EngineMaterials/Substrate/Glints2/dict_0003_0087" 8506
"../../../Engine/Content/EngineMaterials/Substrate/Glints2/dict_0003_0125.uasset" 8507
"/Engine/EngineMaterials/Substrate/Glints2/dict_0003_0118" 8508
"../../../Engine/Content/EngineMaterials/Substrate/Glints2/dict_0003_0127.uasset" 8509
"../../../Engine/Content/EngineMaterials/Substrate/Glints2/dict_0003_0121.uasset" 8510
"../../../Engine/Content/EngineMaterials/Substrate/Glints2/dict_0003_0128.uasset" 8511
"../../../Engine/Content/EngineMaterials/Substrate/Glints2/dict_0003_0126.uasset" 8512
"../../../Engine/Content/EngineMaterials/Substrate/Glints2/dict_0003_0123.uasset" 8513
"../../../Engine/Content/EngineMaterials/Substrate/Glints2/dict_0003_0122.uasset" 8514
"../../../Engine/Content/EngineMaterials/Substrate/Glints2/dict_0003_0120.uasset" 8515
"../../../Engine/Content/EngineMaterials/Substrate/Glints2/dict_0003_0124.uasset" 8516
"../../../Engine/Content/EngineMaterials/Substrate/Glints2/dict_0003_0119.uasset" 8517
"../../../Engine/Content/EngineMaterials/Substrate/Glints2/dict_0003_0129.uasset" 8518
"../../../Engine/Content/EngineMaterials/Substrate/Glints2/dict_0003_0130.uasset" 8519
"/Engine/EngineMaterials/Substrate/Glints2/dict_0003_0117" 8520
"/Engine/EngineMaterials/Substrate/Glints2/dict_0003_0116" 8521
"/Engine/EngineMaterials/Substrate/Glints2/dict_0003_0115" 8522
"/Engine/EngineMaterials/Substrate/Glints2/dict_0003_0114" 8523
"/Engine/EngineMaterials/Substrate/Glints2/dict_0003_0113" 8524
"/Engine/EngineMaterials/Substrate/Glints2/dict_0003_0112" 8525
"/Engine/EngineMaterials/Substrate/Glints2/dict_0003_0111" 8526
"/Engine/EngineMaterials/Substrate/Glints2/dict_0003_0110" 8527
"/Engine/EngineMaterials/Substrate/Glints2/dict_0003_0109" 8528
"/Engine/EngineMaterials/Substrate/Glints2/dict_0003_0108" 8529
"/Engine/EngineMaterials/Substrate/Glints2/dict_0003_0107" 8530
"/Engine/EngineMaterials/Substrate/Glints2/dict_0003_0106" 8531
"/Engine/EngineMaterials/Substrate/Glints2/dict_0003_0105" 8532
"/Engine/EngineMaterials/Substrate/Glints2/dict_0003_0104" 8533
"/Engine/EngineMaterials/Substrate/Glints2/dict_0003_0103" 8534
"/Engine/EngineMaterials/Substrate/Glints2/dict_0003_0102" 8535
"/Engine/EngineMaterials/Substrate/Glints2/dict_0003_0101" 8536
"/Engine/EngineMaterials/Substrate/Glints2/dict_0003_0100" 8537
"/Engine/EngineMaterials/Substrate/Glints2/dict_0003_0099" 8538
"../../../Engine/Content/EngineMaterials/Substrate/Glints2/dict_0003_0136.uasset" 8539
"../../../Engine/Content/EngineMaterials/Substrate/Glints2/dict_0003_0132.uasset" 8540
"../../../Engine/Content/EngineMaterials/Substrate/Glints2/dict_0003_0139.uasset" 8541
"../../../Engine/Content/EngineMaterials/Substrate/Glints2/dict_0003_0134.uasset" 8542
"../../../Engine/Content/EngineMaterials/Substrate/Glints2/dict_0003_0137.uasset" 8543
"/Engine/EngineMaterials/Substrate/Glints2/dict_0003_0130" 8544
"../../../Engine/Content/EngineMaterials/Substrate/Glints2/dict_0003_0135.uasset" 8545
"../../../Engine/Content/EngineMaterials/Substrate/Glints2/dict_0003_0138.uasset" 8546
"../../../Engine/Content/EngineMaterials/Substrate/Glints2/dict_0003_0140.uasset" 8547
"../../../Engine/Content/EngineMaterials/Substrate/Glints2/dict_0003_0131.uasset" 8548
"../../../Engine/Content/EngineMaterials/Substrate/Glints2/dict_0003_0133.uasset" 8549
"../../../Engine/Content/EngineMaterials/Substrate/Glints2/dict_0003_0141.uasset" 8550
"../../../Engine/Content/EngineMaterials/Substrate/Glints2/dict_0003_0142.uasset" 8551
"../../../Engine/Content/EngineMaterials/Substrate/Glints2/dict_0003_0145.uasset" 8552
"../../../Engine/Content/EngineMaterials/Substrate/Glints2/dict_0003_0144.uasset" 8553
"../../../Engine/Content/EngineMaterials/Substrate/Glints2/dict_0003_0146.uasset" 8554
"/Engine/EngineMaterials/Substrate/Glints2/dict_0003_0129" 8555
"../../../Engine/Content/EngineMaterials/Substrate/Glints2/dict_0003_0148.uasset" 8556
"../../../Engine/Content/EngineMaterials/Substrate/Glints2/dict_0003_0147.uasset" 8557
"../../../Engine/Content/EngineMaterials/Substrate/Glints2/dict_0003_0149.uasset" 8558
"../../../Engine/Content/EngineMaterials/Substrate/Glints2/dict_0003_0150.uasset" 8559
"../../../Engine/Content/EngineMaterials/Substrate/Glints2/dict_0003_0143.uasset" 8560
"/Engine/EngineMaterials/Substrate/Glints2/dict_0003_0128" 8561
"/Engine/EngineMaterials/Substrate/Glints2/dict_0003_0127" 8562
"/Engine/EngineMaterials/Substrate/Glints2/dict_0003_0126" 8563
"/Engine/EngineMaterials/Substrate/Glints2/dict_0003_0125" 8564
"/Engine/EngineMaterials/Substrate/Glints2/dict_0003_0124" 8565
"/Engine/EngineMaterials/Substrate/Glints2/dict_0003_0123" 8566
"/Engine/EngineMaterials/Substrate/Glints2/dict_0003_0122" 8567
"/Engine/EngineMaterials/Substrate/Glints2/dict_0003_0121" 8568
"/Engine/EngineMaterials/Substrate/Glints2/dict_0003_0120" 8569
"/Engine/EngineMaterials/Substrate/Glints2/dict_0003_0119" 8570
"../../../Engine/Content/EngineMaterials/Substrate/Glints2/dict_0003_0152.uasset" 8571
"../../../Engine/Content/EngineMaterials/Substrate/Glints2/dict_0003_0157.uasset" 8572
"../../../Engine/Content/EngineMaterials/Substrate/Glints2/dict_0003_0159.uasset" 8573
"../../../Engine/Content/EngineMaterials/Substrate/Glints2/dict_0003_0153.uasset" 8574
"/Engine/EngineMaterials/Substrate/Glints2/dict_0003_0150" 8575
"../../../Engine/Content/EngineMaterials/Substrate/Glints2/dict_0003_0151.uasset" 8576
"../../../Engine/Content/EngineMaterials/Substrate/Glints2/dict_0003_0154.uasset" 8577
"../../../Engine/Content/EngineMaterials/Substrate/Glints2/dict_0003_0155.uasset" 8578
"../../../Engine/Content/EngineMaterials/Substrate/Glints2/dict_0003_0156.uasset" 8579
"../../../Engine/Content/EngineMaterials/Substrate/Glints2/dict_0003_0158.uasset" 8580
"../../../Engine/Content/EngineMaterials/Substrate/Glints2/dict_0003_0161.uasset" 8581
"../../../Engine/Content/EngineMaterials/Substrate/Glints2/dict_0003_0160.uasset" 8582
"/Engine/EngineMaterials/Substrate/Glints2/dict_0003_0149" 8583
"../../../Engine/Content/EngineMaterials/Substrate/Glints2/dict_0003_0162.uasset" 8584
"/Engine/EngineMaterials/Substrate/Glints2/dict_0003_0148" 8585
"/Engine/EngineMaterials/Substrate/Glints2/dict_0003_0147" 8586
"/Engine/EngineMaterials/Substrate/Glints2/dict_0003_0146" 8587
"/Engine/EngineMaterials/Substrate/Glints2/dict_0003_0145" 8588
"/Engine/EngineMaterials/Substrate/Glints2/dict_0003_0144" 8589
"/Engine/EngineMaterials/Substrate/Glints2/dict_0003_0143" 8590
"/Engine/EngineMaterials/Substrate/Glints2/dict_0003_0142" 8591
"/Engine/EngineMaterials/Substrate/Glints2/dict_0003_0141" 8592
"/Engine/EngineMaterials/Substrate/Glints2/dict_0003_0140" 8593
"/Engine/EngineMaterials/Substrate/Glints2/dict_0003_0139" 8594
"/Engine/EngineMaterials/Substrate/Glints2/dict_0003_0138" 8595
"/Engine/EngineMaterials/Substrate/Glints2/dict_0003_0137" 8596
"/Engine/EngineMaterials/Substrate/Glints2/dict_0003_0136" 8597
"/Engine/EngineMaterials/Substrate/Glints2/dict_0003_0135" 8598
"/Engine/EngineMaterials/Substrate/Glints2/dict_0003_0134" 8599
"/Engine/EngineMaterials/Substrate/Glints2/dict_0003_0133" 8600
"/Engine/EngineMaterials/Substrate/Glints2/dict_0003_0132" 8601
"/Engine/EngineMaterials/Substrate/Glints2/dict_0003_0131" 8602
"../../../Engine/Content/EngineMaterials/Substrate/Glints2/dict_0003_0169.uasset" 8603
"../../../Engine/Content/EngineMaterials/Substrate/Glints2/dict_0003_0170.uasset" 8604
"../../../Engine/Content/EngineMaterials/Substrate/Glints2/dict_0003_0168.uasset" 8605
"../../../Engine/Content/EngineMaterials/Substrate/Glints2/dict_0003_0163.uasset" 8606
"/Engine/EngineMaterials/Substrate/Glints2/dict_0003_0162" 8607
"../../../Engine/Content/EngineMaterials/Substrate/Glints2/dict_0003_0165.uasset" 8608
"../../../Engine/Content/EngineMaterials/Substrate/Glints2/dict_0003_0166.uasset" 8609
"../../../Engine/Content/EngineMaterials/Substrate/Glints2/dict_0003_0164.uasset" 8610
"../../../Engine/Content/EngineMaterials/Substrate/Glints2/dict_0003_0171.uasset" 8611
"../../../Engine/Content/EngineMaterials/Substrate/Glints2/dict_0003_0167.uasset" 8612
"../../../Engine/Content/EngineMaterials/Substrate/Glints2/dict_0003_0172.uasset" 8613
"../../../Engine/Content/EngineMaterials/Substrate/Glints2/dict_0003_0173.uasset" 8614
"../../../Engine/Content/EngineMaterials/Substrate/Glints2/dict_0003_0174.uasset" 8615
"../../../Engine/Content/EngineMaterials/Substrate/Glints2/dict_0003_0175.uasset" 8616
"../../../Engine/Content/EngineMaterials/Substrate/Glints2/dict_0003_0177.uasset" 8617
"../../../Engine/Content/EngineMaterials/Substrate/Glints2/dict_0003_0176.uasset" 8618
"/Engine/EngineMaterials/Substrate/Glints2/dict_0003_0161" 8619
"../../../Engine/Content/EngineMaterials/Substrate/Glints2/dict_0003_0178.uasset" 8620
"../../../Engine/Content/EngineMaterials/Substrate/Glints2/dict_0003_0179.uasset" 8621
"../../../Engine/Content/EngineMaterials/Substrate/Glints2/dict_0003_0180.uasset" 8622
"../../../Engine/Content/EngineMaterials/Substrate/Glints2/dict_0003_0181.uasset" 8623
"../../../Engine/Content/EngineMaterials/Substrate/Glints2/dict_0003_0182.uasset" 8624
"/Engine/EngineMaterials/Substrate/Glints2/dict_0003_0160" 8625
"/Engine/EngineMaterials/Substrate/Glints2/dict_0003_0159" 8626
"/Engine/EngineMaterials/Substrate/Glints2/dict_0003_0158" 8627
"/Engine/EngineMaterials/Substrate/Glints2/dict_0003_0157" 8628
"/Engine/EngineMaterials/Substrate/Glints2/dict_0003_0156" 8629
"/Engine/EngineMaterials/Substrate/Glints2/dict_0003_0155" 8630
"/Engine/EngineMaterials/Substrate/Glints2/dict_0003_0154" 8631
"/Engine/EngineMaterials/Substrate/Glints2/dict_0003_0153" 8632
"/Engine/EngineMaterials/Substrate/Glints2/dict_0003_0152" 8633
"/Engine/EngineMaterials/Substrate/Glints2/dict_0003_0151" 8634
"../../../Engine/Content/EngineMaterials/Substrate/Glints2/dict_0003_0191.uasset" 8635
"../../../Engine/Content/EngineMaterials/Substrate/Glints2/dict_0003_0190.uasset" 8636
"../../../Engine/Content/EngineMaterials/Substrate/Glints2/dict_0003_0188.uasset" 8637
"../../../Engine/Content/EngineMaterials/Substrate/Glints2/dict_0003_0189.uasset" 8638
"../../../Engine/Content/EngineMaterials/Substrate/Glints2/dict_0003_0185.uasset" 8639
"../../../Engine/Content/EngineMaterials/Substrate/Glints2/dict_0003_0192.uasset" 8640
"../../../Engine/Content/EngineMaterials/Substrate/Glints2/dict_0003_0187.uasset" 8641
"../../../Engine/Content/EngineMaterials/Substrate/Glints2/dict_0003_0184.uasset" 8642
"/Engine/EngineMaterials/Substrate/Glints2/dict_0003_0182" 8643
"../../../Engine/Content/EngineMaterials/Substrate/Glints2/dict_0003_0183.uasset" 8644
"../../../Engine/Content/EngineMaterials/Substrate/Glints2/dict_0003_0186.uasset" 8645
"../../../Engine/Content/EngineMaterials/Substrate/Glints2/dict_0003_0193.uasset" 8646
"../../../Engine/Content/EngineMaterials/Substrate/Glints2/dict_0003_0194.uasset" 8647
"/Engine/EngineMaterials/Substrate/Glints2/dict_0003_0181" 8648
"/Engine/EngineMaterials/Substrate/Glints2/dict_0003_0180" 8649
"/Engine/EngineMaterials/Substrate/Glints2/dict_0003_0179" 8650
"/Engine/EngineMaterials/Substrate/Glints2/dict_0003_0178" 8651
"/Engine/EngineMaterials/Substrate/Glints2/dict_0003_0177" 8652
"/Engine/EngineMaterials/Substrate/Glints2/dict_0003_0176" 8653
"/Engine/EngineMaterials/Substrate/Glints2/dict_0003_0175" 8654
"/Engine/EngineMaterials/Substrate/Glints2/dict_0003_0174" 8655
"/Engine/EngineMaterials/Substrate/Glints2/dict_0003_0173" 8656
"/Engine/EngineMaterials/Substrate/Glints2/dict_0003_0172" 8657
"/Engine/EngineMaterials/Substrate/Glints2/dict_0003_0171" 8658
"/Engine/EngineMaterials/Substrate/Glints2/dict_0003_0170" 8659
"/Engine/EngineMaterials/Substrate/Glints2/dict_0003_0169" 8660
"/Engine/EngineMaterials/Substrate/Glints2/dict_0003_0168" 8661
"/Engine/EngineMaterials/Substrate/Glints2/dict_0003_0167" 8662
"/Engine/EngineMaterials/Substrate/Glints2/dict_0003_0166" 8663
"/Engine/EngineMaterials/Substrate/Glints2/dict_0003_0165" 8664
"/Engine/EngineMaterials/Substrate/Glints2/dict_0003_0164" 8665
"/Engine/EngineMaterials/Substrate/Glints2/dict_0003_0163" 8666
"../../../Engine/Content/EngineMaterials/Substrate/Glints2/dict_0003_0196.uasset" 8667
"../../../Engine/Content/EngineMaterials/Substrate/Glints2/dict_0003_0200.uasset" 8668
"../../../Engine/Content/EngineMaterials/Substrate/Glints2/dict_0003_0202.uasset" 8669
"../../../Engine/Content/EngineMaterials/Substrate/Glints2/dict_0003_0201.uasset" 8670
"/Engine/EngineMaterials/Substrate/Glints2/dict_0003_0194" 8671
"../../../Engine/Content/EngineMaterials/Substrate/Glints2/dict_0003_0203.uasset" 8672
"../../../Engine/Content/EngineMaterials/Substrate/Glints2/dict_0003_0197.uasset" 8673
"../../../Engine/Content/EngineMaterials/Substrate/Glints2/dict_0003_0198.uasset" 8674
"../../../Engine/Content/EngineMaterials/Substrate/Glints2/dict_0003_0204.uasset" 8675
"../../../Engine/Content/EngineMaterials/Substrate/Glints2/dict_0003_0199.uasset" 8676
"../../../Engine/Content/EngineMaterials/Substrate/Glints2/dict_0003_0195.uasset" 8677
"../../../Engine/Content/EngineMaterials/Substrate/Glints2/dict_0003_0205.uasset" 8678
"../../../Engine/Content/EngineMaterials/Substrate/Glints2/dict_0003_0206.uasset" 8679
"../../../Engine/Content/EngineMaterials/Substrate/Glints2/dict_0003_0207.uasset" 8680
"../../../Engine/Content/EngineMaterials/Substrate/Glints2/dict_0003_0209.uasset" 8681
"../../../Engine/Content/EngineMaterials/Substrate/Glints2/dict_0003_0210.uasset" 8682
"../../../Engine/Content/EngineMaterials/Substrate/Glints2/dict_0003_0211.uasset" 8683
"../../../Engine/Content/EngineMaterials/Substrate/Glints2/dict_0003_0208.uasset" 8684
"../../../Engine/Content/EngineMaterials/Substrate/Glints2/dict_0003_0212.uasset" 8685
"../../../Engine/Content/EngineMaterials/Substrate/Glints2/dict_0003_0213.uasset" 8686
"../../../Engine/Content/EngineMaterials/Substrate/Glints2/dict_0003_0214.uasset" 8687
"/Engine/EngineMaterials/Substrate/Glints2/dict_0003_0193" 8688
"/Engine/EngineMaterials/Substrate/Glints2/dict_0003_0192" 8689
"/Engine/EngineMaterials/Substrate/Glints2/dict_0003_0191" 8690
"/Engine/EngineMaterials/Substrate/Glints2/dict_0003_0190" 8691
"/Engine/EngineMaterials/Substrate/Glints2/dict_0003_0189" 8692
"/Engine/EngineMaterials/Substrate/Glints2/dict_0003_0188" 8693
"/Engine/EngineMaterials/Substrate/Glints2/dict_0003_0187" 8694
"/Engine/EngineMaterials/Substrate/Glints2/dict_0003_0186" 8695
"/Engine/EngineMaterials/Substrate/Glints2/dict_0003_0185" 8696
"/Engine/EngineMaterials/Substrate/Glints2/dict_0003_0184" 8697
"/Engine/EngineMaterials/Substrate/Glints2/dict_0003_0183" 8698
"../../../Engine/Content/EngineMaterials/Substrate/Glints2/dict_0003_0221.uasset" 8699
"../../../Engine/Content/EngineMaterials/Substrate/Glints2/dict_0003_0219.uasset" 8700
"/Engine/EngineMaterials/Substrate/Glints2/dict_0003_0214" 8701
"../../../Engine/Content/EngineMaterials/Substrate/Glints2/dict_0003_0224.uasset" 8702
"../../../Engine/Content/EngineMaterials/Substrate/Glints2/dict_0003_0215.uasset" 8703
"../../../Engine/Content/EngineMaterials/Substrate/Glints2/dict_0003_0223.uasset" 8704
"../../../Engine/Content/EngineMaterials/Substrate/Glints2/dict_0003_0216.uasset" 8705
"../../../Engine/Content/EngineMaterials/Substrate/Glints2/dict_0003_0217.uasset" 8706
"../../../Engine/Content/EngineMaterials/Substrate/Glints2/dict_0003_0222.uasset" 8707
"/Engine/EngineMaterials/Substrate/Glints2/dict_0003_0213" 8708
"../../../Engine/Content/EngineMaterials/Substrate/Glints2/dict_0003_0220.uasset" 8709
"../../../Engine/Content/EngineMaterials/Substrate/Glints2/dict_0003_0218.uasset" 8710
"../../../Engine/Content/EngineMaterials/Substrate/Glints2/dict_0003_0225.uasset" 8711
"../../../Engine/Content/EngineMaterials/Substrate/Glints2/dict_0003_0226.uasset" 8712
"/Engine/EngineMaterials/Substrate/Glints2/dict_0003_0212" 8713
"/Engine/EngineMaterials/Substrate/Glints2/dict_0003_0211" 8714
"/Engine/EngineMaterials/Substrate/Glints2/dict_0003_0210" 8715
"/Engine/EngineMaterials/Substrate/Glints2/dict_0003_0209" 8716
"/Engine/EngineMaterials/Substrate/Glints2/dict_0003_0208" 8717
"/Engine/EngineMaterials/Substrate/Glints2/dict_0003_0207" 8718
"/Engine/EngineMaterials/Substrate/Glints2/dict_0003_0206" 8719
"/Engine/EngineMaterials/Substrate/Glints2/dict_0003_0205" 8720
"/Engine/EngineMaterials/Substrate/Glints2/dict_0003_0204" 8721
"/Engine/EngineMaterials/Substrate/Glints2/dict_0003_0203" 8722
"/Engine/EngineMaterials/Substrate/Glints2/dict_0003_0202" 8723
"/Engine/EngineMaterials/Substrate/Glints2/dict_0003_0201" 8724
"/Engine/EngineMaterials/Substrate/Glints2/dict_0003_0200" 8725
"/Engine/EngineMaterials/Substrate/Glints2/dict_0003_0199" 8726
"/Engine/EngineMaterials/Substrate/Glints2/dict_0003_0198" 8727
"/Engine/EngineMaterials/Substrate/Glints2/dict_0003_0197" 8728
"/Engine/EngineMaterials/Substrate/Glints2/dict_0003_0196" 8729
"/Engine/EngineMaterials/Substrate/Glints2/dict_0003_0195" 8730
"../../../Engine/Content/EngineMaterials/Substrate/Glints2/dict_0003_0229.uasset" 8731
"../../../Engine/Content/EngineMaterials/Substrate/Glints2/dict_0003_0233.uasset" 8732
"../../../Engine/Content/EngineMaterials/Substrate/Glints2/dict_0003_0228.uasset" 8733
"../../../Engine/Content/EngineMaterials/Substrate/Glints2/dict_0003_0234.uasset" 8734
"../../../Engine/Content/EngineMaterials/Substrate/Glints2/dict_0003_0231.uasset" 8735
"../../../Engine/Content/EngineMaterials/Substrate/Glints2/dict_0003_0230.uasset" 8736
"../../../Engine/Content/EngineMaterials/Substrate/Glints2/dict_0003_0235.uasset" 8737
"../../../Engine/Content/EngineMaterials/Substrate/Glints2/dict_0003_0232.uasset" 8738
"../../../Engine/Content/EngineMaterials/Substrate/Glints2/dict_0003_0236.uasset" 8739
"/Engine/EngineMaterials/Substrate/Glints2/dict_0003_0226" 8740
"../../../Engine/Content/EngineMaterials/Substrate/Glints2/dict_0003_0227.uasset" 8741
"../../../Engine/Content/EngineMaterials/Substrate/Glints2/dict_0003_0238.uasset" 8742
"../../../Engine/Content/EngineMaterials/Substrate/Glints2/dict_0003_0237.uasset" 8743
"../../../Engine/Content/EngineMaterials/Substrate/Glints2/dict_0003_0239.uasset" 8744
"../../../Engine/Content/EngineMaterials/Substrate/Glints2/dict_0003_0241.uasset" 8745
"../../../Engine/Content/EngineMaterials/Substrate/Glints2/dict_0003_0244.uasset" 8746
"../../../Engine/Content/EngineMaterials/Substrate/Glints2/dict_0003_0243.uasset" 8747
"/Engine/EngineMaterials/Substrate/Glints2/dict_0003_0225" 8748
"../../../Engine/Content/EngineMaterials/Substrate/Glints2/dict_0003_0240.uasset" 8749
"../../../Engine/Content/EngineMaterials/Substrate/Glints2/dict_0003_0245.uasset" 8750
"../../../Engine/Content/EngineMaterials/Substrate/Glints2/dict_0003_0242.uasset" 8751
"../../../Engine/Content/EngineMaterials/Substrate/Glints2/dict_0003_0246.uasset" 8752
"/Engine/EngineMaterials/Substrate/Glints2/dict_0003_0224" 8753
"/Engine/EngineMaterials/Substrate/Glints2/dict_0003_0223" 8754
"/Engine/EngineMaterials/Substrate/Glints2/dict_0003_0222" 8755
"/Engine/EngineMaterials/Substrate/Glints2/dict_0003_0221" 8756
"/Engine/EngineMaterials/Substrate/Glints2/dict_0003_0220" 8757
"/Engine/EngineMaterials/Substrate/Glints2/dict_0003_0219" 8758
"/Engine/EngineMaterials/Substrate/Glints2/dict_0003_0218" 8759
"/Engine/EngineMaterials/Substrate/Glints2/dict_0003_0217" 8760
"/Engine/EngineMaterials/Substrate/Glints2/dict_0003_0216" 8761
"/Engine/EngineMaterials/Substrate/Glints2/dict_0003_0215" 8762
"../../../Engine/Content/EngineMaterials/Substrate/Glints2/dict_0003_0253.uasset" 8763
"../../../Engine/Content/EngineMaterials/Substrate/Glints2/dict_0003_0252.uasset" 8764
"../../../Engine/Content/EngineMaterials/Substrate/Glints2/dict_0003_0248.uasset" 8765
"../../../Engine/Content/EngineMaterials/Substrate/Glints2/dict_0003_0249.uasset" 8766
"../../../Engine/Content/EngineMaterials/Substrate/Glints2/dict_0003_0254.uasset" 8767
"../../../Engine/Content/EngineMaterials/Substrate/Glints2/dict_0003_0250.uasset" 8768
"../../../Engine/Content/EngineMaterials/Substrate/Glints2/dict_0003_0255.uasset" 8769
"../../../Engine/Content/EngineMaterials/Substrate/Glints2/dict_0003_0251.uasset" 8770
"../../../Engine/Content/EngineMaterials/Substrate/Glints2/dict_0004_0000.uasset" 8771
"../../../Engine/Content/EngineMaterials/Substrate/Glints2/dict_0003_0247.uasset" 8772
"/Engine/EngineMaterials/Substrate/Glints2/dict_0003_0246" 8773
"../../../Engine/Content/EngineMaterials/Substrate/Glints2/dict_0004_0002.uasset" 8774
"../../../Engine/Content/EngineMaterials/Substrate/Glints2/dict_0004_0001.uasset" 8775
"/Engine/EngineMaterials/Substrate/Glints2/dict_0003_0245" 8776
"/Engine/EngineMaterials/Substrate/Glints2/dict_0003_0244" 8777
"/Engine/EngineMaterials/Substrate/Glints2/dict_0003_0243" 8778
"/Engine/EngineMaterials/Substrate/Glints2/dict_0003_0242" 8779
"/Engine/EngineMaterials/Substrate/Glints2/dict_0003_0241" 8780
"/Engine/EngineMaterials/Substrate/Glints2/dict_0003_0240" 8781
"/Engine/EngineMaterials/Substrate/Glints2/dict_0003_0239" 8782
"/Engine/EngineMaterials/Substrate/Glints2/dict_0003_0238" 8783
"/Engine/EngineMaterials/Substrate/Glints2/dict_0003_0237" 8784
"/Engine/EngineMaterials/Substrate/Glints2/dict_0003_0236" 8785
"/Engine/EngineMaterials/Substrate/Glints2/dict_0003_0235" 8786
"/Engine/EngineMaterials/Substrate/Glints2/dict_0003_0234" 8787
"/Engine/EngineMaterials/Substrate/Glints2/dict_0003_0233" 8788
"/Engine/EngineMaterials/Substrate/Glints2/dict_0003_0232" 8789
"/Engine/EngineMaterials/Substrate/Glints2/dict_0003_0231" 8790
"/Engine/EngineMaterials/Substrate/Glints2/dict_0003_0230" 8791
"/Engine/EngineMaterials/Substrate/Glints2/dict_0003_0229" 8792
"/Engine/EngineMaterials/Substrate/Glints2/dict_0003_0228" 8793
"/Engine/EngineMaterials/Substrate/Glints2/dict_0003_0227" 8794
"../../../Engine/Content/EngineMaterials/Substrate/Glints2/dict_0004_0010.uasset" 8795
"../../../Engine/Content/EngineMaterials/Substrate/Glints2/dict_0004_0009.uasset" 8796
"../../../Engine/Content/EngineMaterials/Substrate/Glints2/dict_0004_0006.uasset" 8797
"/Engine/EngineMaterials/Substrate/Glints2/dict_0004_0002" 8798
"../../../Engine/Content/EngineMaterials/Substrate/Glints2/dict_0004_0005.uasset" 8799
"../../../Engine/Content/EngineMaterials/Substrate/Glints2/dict_0004_0008.uasset" 8800
"../../../Engine/Content/EngineMaterials/Substrate/Glints2/dict_0004_0003.uasset" 8801
"../../../Engine/Content/EngineMaterials/Substrate/Glints2/dict_0004_0007.uasset" 8802
"../../../Engine/Content/EngineMaterials/Substrate/Glints2/dict_0004_0012.uasset" 8803
"../../../Engine/Content/EngineMaterials/Substrate/Glints2/dict_0004_0004.uasset" 8804
"../../../Engine/Content/EngineMaterials/Substrate/Glints2/dict_0004_0011.uasset" 8805
"../../../Engine/Content/EngineMaterials/Substrate/Glints2/dict_0004_0014.uasset" 8806
"../../../Engine/Content/EngineMaterials/Substrate/Glints2/dict_0004_0013.uasset" 8807
"../../../Engine/Content/EngineMaterials/Substrate/Glints2/dict_0004_0016.uasset" 8808
"../../../Engine/Content/EngineMaterials/Substrate/Glints2/dict_0004_0019.uasset" 8809
"../../../Engine/Content/EngineMaterials/Substrate/Glints2/dict_0004_0017.uasset" 8810
"../../../Engine/Content/EngineMaterials/Substrate/Glints2/dict_0004_0020.uasset" 8811
"/Engine/EngineMaterials/Substrate/Glints2/dict_0004_0001" 8812
"../../../Engine/Content/EngineMaterials/Substrate/Glints2/dict_0004_0021.uasset" 8813
"../../../Engine/Content/EngineMaterials/Substrate/Glints2/dict_0004_0015.uasset" 8814
"../../../Engine/Content/EngineMaterials/Substrate/Glints2/dict_0004_0018.uasset" 8815
"../../../Engine/Content/EngineMaterials/Substrate/Glints2/dict_0004_0022.uasset" 8816
"/Engine/EngineMaterials/Substrate/Glints2/dict_0004_0000" 8817
"/Engine/EngineMaterials/Substrate/Glints2/dict_0003_0255" 8818
"/Engine/EngineMaterials/Substrate/Glints2/dict_0003_0254" 8819
"/Engine/EngineMaterials/Substrate/Glints2/dict_0003_0253" 8820
"/Engine/EngineMaterials/Substrate/Glints2/dict_0003_0252" 8821
"/Engine/EngineMaterials/Substrate/Glints2/dict_0003_0251" 8822
"/Engine/EngineMaterials/Substrate/Glints2/dict_0003_0250" 8823
"/Engine/EngineMaterials/Substrate/Glints2/dict_0003_0249" 8824
"/Engine/EngineMaterials/Substrate/Glints2/dict_0003_0248" 8825
"/Engine/EngineMaterials/Substrate/Glints2/dict_0003_0247" 8826
"../../../Engine/Content/EngineMaterials/Substrate/Glints2/dict_0004_0030.uasset" 8827
"../../../Engine/Content/EngineMaterials/Substrate/Glints2/dict_0004_0026.uasset" 8828
"../../../Engine/Content/EngineMaterials/Substrate/Glints2/dict_0004_0028.uasset" 8829
"../../../Engine/Content/EngineMaterials/Substrate/Glints2/dict_0004_0024.uasset" 8830
"../../../Engine/Content/EngineMaterials/Substrate/Glints2/dict_0004_0025.uasset" 8831
"../../../Engine/Content/EngineMaterials/Substrate/Glints2/dict_0004_0031.uasset" 8832
"/Engine/EngineMaterials/Substrate/Glints2/dict_0004_0022" 8833
"../../../Engine/Content/EngineMaterials/Substrate/Glints2/dict_0004_0023.uasset" 8834
"../../../Engine/Content/EngineMaterials/Substrate/Glints2/dict_0004_0032.uasset" 8835
"../../../Engine/Content/EngineMaterials/Substrate/Glints2/dict_0004_0027.uasset" 8836
"../../../Engine/Content/EngineMaterials/Substrate/Glints2/dict_0004_0029.uasset" 8837
"../../../Engine/Content/EngineMaterials/Substrate/Glints2/dict_0004_0034.uasset" 8838
"../../../Engine/Content/EngineMaterials/Substrate/Glints2/dict_0004_0033.uasset" 8839
"/Engine/EngineMaterials/Substrate/Glints2/dict_0004_0021" 8840
"/Engine/EngineMaterials/Substrate/Glints2/dict_0004_0020" 8841
"/Engine/EngineMaterials/Substrate/Glints2/dict_0004_0019" 8842
"/Engine/EngineMaterials/Substrate/Glints2/dict_0004_0018" 8843
"/Engine/EngineMaterials/Substrate/Glints2/dict_0004_0017" 8844
"/Engine/EngineMaterials/Substrate/Glints2/dict_0004_0016" 8845
"/Engine/EngineMaterials/Substrate/Glints2/dict_0004_0015" 8846
"/Engine/EngineMaterials/Substrate/Glints2/dict_0004_0014" 8847
"/Engine/EngineMaterials/Substrate/Glints2/dict_0004_0013" 8848
"/Engine/EngineMaterials/Substrate/Glints2/dict_0004_0012" 8849
"/Engine/EngineMaterials/Substrate/Glints2/dict_0004_0011" 8850
"/Engine/EngineMaterials/Substrate/Glints2/dict_0004_0010" 8851
"/Engine/EngineMaterials/Substrate/Glints2/dict_0004_0009" 8852
"/Engine/EngineMaterials/Substrate/Glints2/dict_0004_0008" 8853
"/Engine/EngineMaterials/Substrate/Glints2/dict_0004_0007" 8854
"/Engine/EngineMaterials/Substrate/Glints2/dict_0004_0006" 8855
"/Engine/EngineMaterials/Substrate/Glints2/dict_0004_0005" 8856
"/Engine/EngineMaterials/Substrate/Glints2/dict_0004_0004" 8857
"/Engine/EngineMaterials/Substrate/Glints2/dict_0004_0003" 8858
"../../../Engine/Content/EngineMaterials/Substrate/Glints2/dict_0004_0039.uasset" 8859
"../../../Engine/Content/EngineMaterials/Substrate/Glints2/dict_0004_0041.uasset" 8860
"../../../Engine/Content/EngineMaterials/Substrate/Glints2/dict_0004_0038.uasset" 8861
"../../../Engine/Content/EngineMaterials/Substrate/Glints2/dict_0004_0035.uasset" 8862
"../../../Engine/Content/EngineMaterials/Substrate/Glints2/dict_0004_0044.uasset" 8863
"../../../Engine/Content/EngineMaterials/Substrate/Glints2/dict_0004_0043.uasset" 8864
"../../../Engine/Content/EngineMaterials/Substrate/Glints2/dict_0004_0037.uasset" 8865
"../../../Engine/Content/EngineMaterials/Substrate/Glints2/dict_0004_0042.uasset" 8866
"/Engine/EngineMaterials/Substrate/Glints2/dict_0004_0034" 8867
"../../../Engine/Content/EngineMaterials/Substrate/Glints2/dict_0004_0036.uasset" 8868
"../../../Engine/Content/EngineMaterials/Substrate/Glints2/dict_0004_0040.uasset" 8869
"../../../Engine/Content/EngineMaterials/Substrate/Glints2/dict_0004_0045.uasset" 8870
"../../../Engine/Content/EngineMaterials/Substrate/Glints2/dict_0004_0046.uasset" 8871
"../../../Engine/Content/EngineMaterials/Substrate/Glints2/dict_0004_0047.uasset" 8872
"../../../Engine/Content/EngineMaterials/Substrate/Glints2/dict_0004_0048.uasset" 8873
"../../../Engine/Content/EngineMaterials/Substrate/Glints2/dict_0004_0050.uasset" 8874
"../../../Engine/Content/EngineMaterials/Substrate/Glints2/dict_0004_0049.uasset" 8875
"../../../Engine/Content/EngineMaterials/Substrate/Glints2/dict_0004_0051.uasset" 8876
"../../../Engine/Content/EngineMaterials/Substrate/Glints2/dict_0004_0052.uasset" 8877
"../../../Engine/Content/EngineMaterials/Substrate/Glints2/dict_0004_0054.uasset" 8878
"../../../Engine/Content/EngineMaterials/Substrate/Glints2/dict_0004_0053.uasset" 8879
"/Engine/EngineMaterials/Substrate/Glints2/dict_0004_0033" 8880
"/Engine/EngineMaterials/Substrate/Glints2/dict_0004_0032" 8881
"/Engine/EngineMaterials/Substrate/Glints2/dict_0004_0031" 8882
"/Engine/EngineMaterials/Substrate/Glints2/dict_0004_0030" 8883
"/Engine/EngineMaterials/Substrate/Glints2/dict_0004_0029" 8884
"/Engine/EngineMaterials/Substrate/Glints2/dict_0004_0028" 8885
"/Engine/EngineMaterials/Substrate/Glints2/dict_0004_0027" 8886
"/Engine/EngineMaterials/Substrate/Glints2/dict_0004_0026" 8887
"/Engine/EngineMaterials/Substrate/Glints2/dict_0004_0025" 8888
"/Engine/EngineMaterials/Substrate/Glints2/dict_0004_0024" 8889
"/Engine/EngineMaterials/Substrate/Glints2/dict_0004_0023" 8890
"../../../Engine/Content/EngineMaterials/Substrate/Glints2/dict_0004_0064.uasset" 8891
"../../../Engine/Content/EngineMaterials/Substrate/Glints2/dict_0004_0061.uasset" 8892
"../../../Engine/Content/EngineMaterials/Substrate/Glints2/dict_0004_0062.uasset" 8893
"/Engine/EngineMaterials/Substrate/Glints2/dict_0004_0054" 8894
"../../../Engine/Content/EngineMaterials/Substrate/Glints2/dict_0004_0060.uasset" 8895
"../../../Engine/Content/EngineMaterials/Substrate/Glints2/dict_0004_0063.uasset" 8896
"../../../Engine/Content/EngineMaterials/Substrate/Glints2/dict_0004_0056.uasset" 8897
"../../../Engine/Content/EngineMaterials/Substrate/Glints2/dict_0004_0057.uasset" 8898
"../../../Engine/Content/EngineMaterials/Substrate/Glints2/dict_0004_0055.uasset" 8899
"../../../Engine/Content/EngineMaterials/Substrate/Glints2/dict_0004_0059.uasset" 8900
"../../../Engine/Content/EngineMaterials/Substrate/Glints2/dict_0004_0058.uasset" 8901
"../../../Engine/Content/EngineMaterials/Substrate/Glints2/dict_0004_0065.uasset" 8902
"/Engine/EngineMaterials/Substrate/Glints2/dict_0004_0053" 8903
"../../../Engine/Content/EngineMaterials/Substrate/Glints2/dict_0004_0066.uasset" 8904
"/Engine/EngineMaterials/Substrate/Glints2/dict_0004_0052" 8905
"/Engine/EngineMaterials/Substrate/Glints2/dict_0004_0051" 8906
"/Engine/EngineMaterials/Substrate/Glints2/dict_0004_0050" 8907
"/Engine/EngineMaterials/Substrate/Glints2/dict_0004_0049" 8908
"/Engine/EngineMaterials/Substrate/Glints2/dict_0004_0048" 8909
"/Engine/EngineMaterials/Substrate/Glints2/dict_0004_0047" 8910
"/Engine/EngineMaterials/Substrate/Glints2/dict_0004_0046" 8911
"/Engine/EngineMaterials/Substrate/Glints2/dict_0004_0045" 8912
"/Engine/EngineMaterials/Substrate/Glints2/dict_0004_0044" 8913
"/Engine/EngineMaterials/Substrate/Glints2/dict_0004_0043" 8914
"/Engine/EngineMaterials/Substrate/Glints2/dict_0004_0042" 8915
"/Engine/EngineMaterials/Substrate/Glints2/dict_0004_0041" 8916
"/Engine/EngineMaterials/Substrate/Glints2/dict_0004_0040" 8917
"/Engine/EngineMaterials/Substrate/Glints2/dict_0004_0039" 8918
"/Engine/EngineMaterials/Substrate/Glints2/dict_0004_0038" 8919
"/Engine/EngineMaterials/Substrate/Glints2/dict_0004_0037" 8920
"/Engine/EngineMaterials/Substrate/Glints2/dict_0004_0036" 8921
"/Engine/EngineMaterials/Substrate/Glints2/dict_0004_0035" 8922
"../../../Engine/Content/EngineMaterials/Substrate/Glints2/dict_0004_0071.uasset" 8923
"../../../Engine/Content/EngineMaterials/Substrate/Glints2/dict_0004_0070.uasset" 8924
"../../../Engine/Content/EngineMaterials/Substrate/Glints2/dict_0004_0076.uasset" 8925
"/Engine/EngineMaterials/Substrate/Glints2/dict_0004_0066" 8926
"../../../Engine/Content/EngineMaterials/Substrate/Glints2/dict_0004_0068.uasset" 8927
"../../../Engine/Content/EngineMaterials/Substrate/Glints2/dict_0004_0072.uasset" 8928
"../../../Engine/Content/EngineMaterials/Substrate/Glints2/dict_0004_0073.uasset" 8929
"../../../Engine/Content/EngineMaterials/Substrate/Glints2/dict_0004_0069.uasset" 8930
"../../../Engine/Content/EngineMaterials/Substrate/Glints2/dict_0004_0075.uasset" 8931
"../../../Engine/Content/EngineMaterials/Substrate/Glints2/dict_0004_0067.uasset" 8932
"../../../Engine/Content/EngineMaterials/Substrate/Glints2/dict_0004_0074.uasset" 8933
"../../../Engine/Content/EngineMaterials/Substrate/Glints2/dict_0004_0077.uasset" 8934
"../../../Engine/Content/EngineMaterials/Substrate/Glints2/dict_0004_0079.uasset" 8935
"../../../Engine/Content/EngineMaterials/Substrate/Glints2/dict_0004_0078.uasset" 8936
"/Engine/EngineMaterials/Substrate/Glints2/dict_0004_0065" 8937
"../../../Engine/Content/EngineMaterials/Substrate/Glints2/dict_0004_0080.uasset" 8938
"../../../Engine/Content/EngineMaterials/Substrate/Glints2/dict_0004_0081.uasset" 8939
"../../../Engine/Content/EngineMaterials/Substrate/Glints2/dict_0004_0083.uasset" 8940
"../../../Engine/Content/EngineMaterials/Substrate/Glints2/dict_0004_0085.uasset" 8941
"../../../Engine/Content/EngineMaterials/Substrate/Glints2/dict_0004_0086.uasset" 8942
"../../../Engine/Content/EngineMaterials/Substrate/Glints2/dict_0004_0082.uasset" 8943
"../../../Engine/Content/EngineMaterials/Substrate/Glints2/dict_0004_0084.uasset" 8944
"/Engine/EngineMaterials/Substrate/Glints2/dict_0004_0064" 8945
"/Engine/EngineMaterials/Substrate/Glints2/dict_0004_0063" 8946
"/Engine/EngineMaterials/Substrate/Glints2/dict_0004_0062" 8947
"/Engine/EngineMaterials/Substrate/Glints2/dict_0004_0061" 8948
"/Engine/EngineMaterials/Substrate/Glints2/dict_0004_0060" 8949
"/Engine/EngineMaterials/Substrate/Glints2/dict_0004_0059" 8950
"/Engine/EngineMaterials/Substrate/Glints2/dict_0004_0058" 8951
"/Engine/EngineMaterials/Substrate/Glints2/dict_0004_0057" 8952
"/Engine/EngineMaterials/Substrate/Glints2/dict_0004_0056" 8953
"/Engine/EngineMaterials/Substrate/Glints2/dict_0004_0055" 8954
"/Engine/EngineMaterials/Substrate/Glints2/dict_0004_0086" 8955
"../../../Engine/Content/EngineMaterials/Substrate/Glints2/dict_0004_0089.uasset" 8956
"../../../Engine/Content/EngineMaterials/Substrate/Glints2/dict_0004_0091.uasset" 8957
"../../../Engine/Content/EngineMaterials/Substrate/Glints2/dict_0004_0092.uasset" 8958
"../../../Engine/Content/EngineMaterials/Substrate/Glints2/dict_0004_0087.uasset" 8959
"../../../Engine/Content/EngineMaterials/Substrate/Glints2/dict_0004_0093.uasset" 8960
"../../../Engine/Content/EngineMaterials/Substrate/Glints2/dict_0004_0094.uasset" 8961
"../../../Engine/Content/EngineMaterials/Substrate/Glints2/dict_0004_0090.uasset" 8962
"../../../Engine/Content/EngineMaterials/Substrate/Glints2/dict_0004_0095.uasset" 8963
"../../../Engine/Content/EngineMaterials/Substrate/Glints2/dict_0004_0096.uasset" 8964
"../../../Engine/Content/EngineMaterials/Substrate/Glints2/dict_0004_0088.uasset" 8965
"../../../Engine/Content/EngineMaterials/Substrate/Glints2/dict_0004_0097.uasset" 8966
"/Engine/EngineMaterials/Substrate/Glints2/dict_0004_0085" 8967
"../../../Engine/Content/EngineMaterials/Substrate/Glints2/dict_0004_0098.uasset" 8968
"/Engine/EngineMaterials/Substrate/Glints2/dict_0004_0084" 8969
"/Engine/EngineMaterials/Substrate/Glints2/dict_0004_0083" 8970
"/Engine/EngineMaterials/Substrate/Glints2/dict_0004_0082" 8971
"/Engine/EngineMaterials/Substrate/Glints2/dict_0004_0081" 8972
"/Engine/EngineMaterials/Substrate/Glints2/dict_0004_0080" 8973
"/Engine/EngineMaterials/Substrate/Glints2/dict_0004_0079" 8974
"/Engine/EngineMaterials/Substrate/Glints2/dict_0004_0078" 8975
"/Engine/EngineMaterials/Substrate/Glints2/dict_0004_0077" 8976
"/Engine/EngineMaterials/Substrate/Glints2/dict_0004_0076" 8977
"/Engine/EngineMaterials/Substrate/Glints2/dict_0004_0075" 8978
"/Engine/EngineMaterials/Substrate/Glints2/dict_0004_0074" 8979
"/Engine/EngineMaterials/Substrate/Glints2/dict_0004_0073" 8980
"/Engine/EngineMaterials/Substrate/Glints2/dict_0004_0072" 8981
"/Engine/EngineMaterials/Substrate/Glints2/dict_0004_0071" 8982
"/Engine/EngineMaterials/Substrate/Glints2/dict_0004_0070" 8983
"/Engine/EngineMaterials/Substrate/Glints2/dict_0004_0069" 8984
"/Engine/EngineMaterials/Substrate/Glints2/dict_0004_0068" 8985
"/Engine/EngineMaterials/Substrate/Glints2/dict_0004_0067" 8986
"../../../Engine/Content/EngineMaterials/Substrate/Glints2/dict_0004_0105.uasset" 8987
"../../../Engine/Content/EngineMaterials/Substrate/Glints2/dict_0004_0100.uasset" 8988
"../../../Engine/Content/EngineMaterials/Substrate/Glints2/dict_0004_0104.uasset" 8989
"../../../Engine/Content/EngineMaterials/Substrate/Glints2/dict_0004_0103.uasset" 8990
"../../../Engine/Content/EngineMaterials/Substrate/Glints2/dict_0004_0101.uasset" 8991
"../../../Engine/Content/EngineMaterials/Substrate/Glints2/dict_0004_0106.uasset" 8992
"/Engine/EngineMaterials/Substrate/Glints2/dict_0004_0098" 8993
"../../../Engine/Content/EngineMaterials/Substrate/Glints2/dict_0004_0107.uasset" 8994
"../../../Engine/Content/EngineMaterials/Substrate/Glints2/dict_0004_0102.uasset" 8995
"../../../Engine/Content/EngineMaterials/Substrate/Glints2/dict_0004_0099.uasset" 8996
"../../../Engine/Content/EngineMaterials/Substrate/Glints2/dict_0004_0108.uasset" 8997
"../../../Engine/Content/EngineMaterials/Substrate/Glints2/dict_0004_0109.uasset" 8998
"../../../Engine/Content/EngineMaterials/Substrate/Glints2/dict_0004_0110.uasset" 8999
"../../../Engine/Content/EngineMaterials/Substrate/Glints2/dict_0004_0113.uasset" 9000
"../../../Engine/Content/EngineMaterials/Substrate/Glints2/dict_0004_0111.uasset" 9001
"../../../Engine/Content/EngineMaterials/Substrate/Glints2/dict_0004_0112.uasset" 9002
"../../../Engine/Content/EngineMaterials/Substrate/Glints2/dict_0004_0115.uasset" 9003
"../../../Engine/Content/EngineMaterials/Substrate/Glints2/dict_0004_0114.uasset" 9004
"../../../Engine/Content/EngineMaterials/Substrate/Glints2/dict_0004_0116.uasset" 9005
"../../../Engine/Content/EngineMaterials/Substrate/Glints2/dict_0004_0117.uasset" 9006
"/Engine/EngineMaterials/Substrate/Glints2/dict_0004_0097" 9007
"../../../Engine/Content/EngineMaterials/Substrate/Glints2/dict_0004_0118.uasset" 9008
"/Engine/EngineMaterials/Substrate/Glints2/dict_0004_0096" 9009
"/Engine/EngineMaterials/Substrate/Glints2/dict_0004_0095" 9010
"/Engine/EngineMaterials/Substrate/Glints2/dict_0004_0094" 9011
"/Engine/EngineMaterials/Substrate/Glints2/dict_0004_0093" 9012
"/Engine/EngineMaterials/Substrate/Glints2/dict_0004_0092" 9013
"/Engine/EngineMaterials/Substrate/Glints2/dict_0004_0091" 9014
"/Engine/EngineMaterials/Substrate/Glints2/dict_0004_0090" 9015
"/Engine/EngineMaterials/Substrate/Glints2/dict_0004_0089" 9016
"/Engine/EngineMaterials/Substrate/Glints2/dict_0004_0088" 9017
"/Engine/EngineMaterials/Substrate/Glints2/dict_0004_0087" 9018
"../../../Engine/Content/EngineMaterials/Substrate/Glints2/dict_0004_0119.uasset" 9019
"../../../Engine/Content/EngineMaterials/Substrate/Glints2/dict_0004_0123.uasset" 9020
"../../../Engine/Content/EngineMaterials/Substrate/Glints2/dict_0004_0124.uasset" 9021
"../../../Engine/Content/EngineMaterials/Substrate/Glints2/dict_0004_0122.uasset" 9022
"/Engine/EngineMaterials/Substrate/Glints2/dict_0004_0118" 9023
"../../../Engine/Content/EngineMaterials/Substrate/Glints2/dict_0004_0125.uasset" 9024
"../../../Engine/Content/EngineMaterials/Substrate/Glints2/dict_0004_0121.uasset" 9025
"../../../Engine/Content/EngineMaterials/Substrate/Glints2/dict_0004_0126.uasset" 9026
"../../../Engine/Content/EngineMaterials/Substrate/Glints2/dict_0004_0127.uasset" 9027
"../../../Engine/Content/EngineMaterials/Substrate/Glints2/dict_0004_0128.uasset" 9028
"../../../Engine/Content/EngineMaterials/Substrate/Glints2/dict_0004_0120.uasset" 9029
"../../../Engine/Content/EngineMaterials/Substrate/Glints2/dict_0004_0129.uasset" 9030
"../../../Engine/Content/EngineMaterials/Substrate/Glints2/dict_0004_0130.uasset" 9031
"/Engine/EngineMaterials/Substrate/Glints2/dict_0004_0117" 9032
"/Engine/EngineMaterials/Substrate/Glints2/dict_0004_0116" 9033
"/Engine/EngineMaterials/Substrate/Glints2/dict_0004_0115" 9034
"/Engine/EngineMaterials/Substrate/Glints2/dict_0004_0114" 9035
"/Engine/EngineMaterials/Substrate/Glints2/dict_0004_0113" 9036
"/Engine/EngineMaterials/Substrate/Glints2/dict_0004_0112" 9037
"/Engine/EngineMaterials/Substrate/Glints2/dict_0004_0111" 9038
"/Engine/EngineMaterials/Substrate/Glints2/dict_0004_0110" 9039
"/Engine/EngineMaterials/Substrate/Glints2/dict_0004_0109" 9040
"/Engine/EngineMaterials/Substrate/Glints2/dict_0004_0108" 9041
"/Engine/EngineMaterials/Substrate/Glints2/dict_0004_0107" 9042
"/Engine/EngineMaterials/Substrate/Glints2/dict_0004_0106" 9043
"/Engine/EngineMaterials/Substrate/Glints2/dict_0004_0105" 9044
"/Engine/EngineMaterials/Substrate/Glints2/dict_0004_0104" 9045
"/Engine/EngineMaterials/Substrate/Glints2/dict_0004_0103" 9046
"/Engine/EngineMaterials/Substrate/Glints2/dict_0004_0102" 9047
"/Engine/EngineMaterials/Substrate/Glints2/dict_0004_0101" 9048
"/Engine/EngineMaterials/Substrate/Glints2/dict_0004_0100" 9049
"/Engine/EngineMaterials/Substrate/Glints2/dict_0004_0099" 9050
"../../../Engine/Content/EngineMaterials/Substrate/Glints2/dict_0004_0137.uasset" 9051
"../../../Engine/Content/EngineMaterials/Substrate/Glints2/dict_0004_0134.uasset" 9052
"../../../Engine/Content/EngineMaterials/Substrate/Glints2/dict_0004_0131.uasset" 9053
"../../../Engine/Content/EngineMaterials/Substrate/Glints2/dict_0004_0139.uasset" 9054
"../../../Engine/Content/EngineMaterials/Substrate/Glints2/dict_0004_0133.uasset" 9055
"/Engine/EngineMaterials/Substrate/Glints2/dict_0004_0130" 9056
"../../../Engine/Content/EngineMaterials/Substrate/Glints2/dict_0004_0135.uasset" 9057
"../../../Engine/Content/EngineMaterials/Substrate/Glints2/dict_0004_0132.uasset" 9058
"../../../Engine/Content/EngineMaterials/Substrate/Glints2/dict_0004_0136.uasset" 9059
"../../../Engine/Content/EngineMaterials/Substrate/Glints2/dict_0004_0140.uasset" 9060
"../../../Engine/Content/EngineMaterials/Substrate/Glints2/dict_0004_0138.uasset" 9061
"../../../Engine/Content/EngineMaterials/Substrate/Glints2/dict_0004_0142.uasset" 9062
"../../../Engine/Content/EngineMaterials/Substrate/Glints2/dict_0004_0141.uasset" 9063
"../../../Engine/Content/EngineMaterials/Substrate/Glints2/dict_0004_0143.uasset" 9064
"../../../Engine/Content/EngineMaterials/Substrate/Glints2/dict_0004_0145.uasset" 9065
"../../../Engine/Content/EngineMaterials/Substrate/Glints2/dict_0004_0144.uasset" 9066
"../../../Engine/Content/EngineMaterials/Substrate/Glints2/dict_0004_0147.uasset" 9067
"../../../Engine/Content/EngineMaterials/Substrate/Glints2/dict_0004_0146.uasset" 9068
"../../../Engine/Content/EngineMaterials/Substrate/Glints2/dict_0004_0149.uasset" 9069
"/Engine/EngineMaterials/Substrate/Glints2/dict_0004_0129" 9070
"../../../Engine/Content/EngineMaterials/Substrate/Glints2/dict_0004_0150.uasset" 9071
"../../../Engine/Content/EngineMaterials/Substrate/Glints2/dict_0004_0148.uasset" 9072
"/Engine/EngineMaterials/Substrate/Glints2/dict_0004_0128" 9073
"/Engine/EngineMaterials/Substrate/Glints2/dict_0004_0127" 9074
"/Engine/EngineMaterials/Substrate/Glints2/dict_0004_0126" 9075
"/Engine/EngineMaterials/Substrate/Glints2/dict_0004_0125" 9076
"/Engine/EngineMaterials/Substrate/Glints2/dict_0004_0124" 9077
"/Engine/EngineMaterials/Substrate/Glints2/dict_0004_0123" 9078
"/Engine/EngineMaterials/Substrate/Glints2/dict_0004_0122" 9079
"/Engine/EngineMaterials/Substrate/Glints2/dict_0004_0121" 9080
"/Engine/EngineMaterials/Substrate/Glints2/dict_0004_0120" 9081
"/Engine/EngineMaterials/Substrate/Glints2/dict_0004_0119" 9082
"../../../Engine/Content/EngineMaterials/Substrate/Glints2/dict_0004_0158.uasset" 9083
"../../../Engine/Content/EngineMaterials/Substrate/Glints2/dict_0004_0154.uasset" 9084
"../../../Engine/Content/EngineMaterials/Substrate/Glints2/dict_0004_0156.uasset" 9085
"/Engine/EngineMaterials/Substrate/Glints2/dict_0004_0150" 9086
"../../../Engine/Content/EngineMaterials/Substrate/Glints2/dict_0004_0151.uasset" 9087
"../../../Engine/Content/EngineMaterials/Substrate/Glints2/dict_0004_0157.uasset" 9088
"../../../Engine/Content/EngineMaterials/Substrate/Glints2/dict_0004_0159.uasset" 9089
"../../../Engine/Content/EngineMaterials/Substrate/Glints2/dict_0004_0153.uasset" 9090
"../../../Engine/Content/EngineMaterials/Substrate/Glints2/dict_0004_0160.uasset" 9091
"../../../Engine/Content/EngineMaterials/Substrate/Glints2/dict_0004_0152.uasset" 9092
"../../../Engine/Content/EngineMaterials/Substrate/Glints2/dict_0004_0155.uasset" 9093
"../../../Engine/Content/EngineMaterials/Substrate/Glints2/dict_0004_0162.uasset" 9094
"../../../Engine/Content/EngineMaterials/Substrate/Glints2/dict_0004_0161.uasset" 9095
"/Engine/EngineMaterials/Substrate/Glints2/dict_0004_0149" 9096
"/Engine/EngineMaterials/Substrate/Glints2/dict_0004_0148" 9097
"/Engine/EngineMaterials/Substrate/Glints2/dict_0004_0147" 9098
"/Engine/EngineMaterials/Substrate/Glints2/dict_0004_0146" 9099
"/Engine/EngineMaterials/Substrate/Glints2/dict_0004_0145" 9100
"/Engine/EngineMaterials/Substrate/Glints2/dict_0004_0144" 9101
"/Engine/EngineMaterials/Substrate/Glints2/dict_0004_0143" 9102
"/Engine/EngineMaterials/Substrate/Glints2/dict_0004_0142" 9103
"/Engine/EngineMaterials/Substrate/Glints2/dict_0004_0141" 9104
"/Engine/EngineMaterials/Substrate/Glints2/dict_0004_0140" 9105
"/Engine/EngineMaterials/Substrate/Glints2/dict_0004_0139" 9106
"/Engine/EngineMaterials/Substrate/Glints2/dict_0004_0138" 9107
"/Engine/EngineMaterials/Substrate/Glints2/dict_0004_0137" 9108
"/Engine/EngineMaterials/Substrate/Glints2/dict_0004_0136" 9109
"/Engine/EngineMaterials/Substrate/Glints2/dict_0004_0135" 9110
"/Engine/EngineMaterials/Substrate/Glints2/dict_0004_0134" 9111
"/Engine/EngineMaterials/Substrate/Glints2/dict_0004_0133" 9112
"/Engine/EngineMaterials/Substrate/Glints2/dict_0004_0132" 9113
"/Engine/EngineMaterials/Substrate/Glints2/dict_0004_0131" 9114
"../../../Engine/Content/EngineMaterials/Substrate/Glints2/dict_0004_0166.uasset" 9115
"../../../Engine/Content/EngineMaterials/Substrate/Glints2/dict_0004_0172.uasset" 9116
"../../../Engine/Content/EngineMaterials/Substrate/Glints2/dict_0004_0167.uasset" 9117
"../../../Engine/Content/EngineMaterials/Substrate/Glints2/dict_0004_0168.uasset" 9118
"/Engine/EngineMaterials/Substrate/Glints2/dict_0004_0162" 9119
"../../../Engine/Content/EngineMaterials/Substrate/Glints2/dict_0004_0169.uasset" 9120
"../../../Engine/Content/EngineMaterials/Substrate/Glints2/dict_0004_0170.uasset" 9121
"../../../Engine/Content/EngineMaterials/Substrate/Glints2/dict_0004_0165.uasset" 9122
"../../../Engine/Content/EngineMaterials/Substrate/Glints2/dict_0004_0163.uasset" 9123
"../../../Engine/Content/EngineMaterials/Substrate/Glints2/dict_0004_0164.uasset" 9124
"../../../Engine/Content/EngineMaterials/Substrate/Glints2/dict_0004_0171.uasset" 9125
"../../../Engine/Content/EngineMaterials/Substrate/Glints2/dict_0004_0173.uasset" 9126
"../../../Engine/Content/EngineMaterials/Substrate/Glints2/dict_0004_0174.uasset" 9127
"../../../Engine/Content/EngineMaterials/Substrate/Glints2/dict_0004_0176.uasset" 9128
"/Engine/EngineMaterials/Substrate/Glints2/dict_0004_0161" 9129
"../../../Engine/Content/EngineMaterials/Substrate/Glints2/dict_0004_0178.uasset" 9130
"../../../Engine/Content/EngineMaterials/Substrate/Glints2/dict_0004_0177.uasset" 9131
"../../../Engine/Content/EngineMaterials/Substrate/Glints2/dict_0004_0175.uasset" 9132
"../../../Engine/Content/EngineMaterials/Substrate/Glints2/dict_0004_0180.uasset" 9133
"../../../Engine/Content/EngineMaterials/Substrate/Glints2/dict_0004_0179.uasset" 9134
"../../../Engine/Content/EngineMaterials/Substrate/Glints2/dict_0004_0181.uasset" 9135
"../../../Engine/Content/EngineMaterials/Substrate/Glints2/dict_0004_0182.uasset" 9136
"/Engine/EngineMaterials/Substrate/Glints2/dict_0004_0160" 9137
"/Engine/EngineMaterials/Substrate/Glints2/dict_0004_0159" 9138
"/Engine/EngineMaterials/Substrate/Glints2/dict_0004_0158" 9139
"/Engine/EngineMaterials/Substrate/Glints2/dict_0004_0157" 9140
"/Engine/EngineMaterials/Substrate/Glints2/dict_0004_0156" 9141
"/Engine/EngineMaterials/Substrate/Glints2/dict_0004_0155" 9142
"/Engine/EngineMaterials/Substrate/Glints2/dict_0004_0154" 9143
"/Engine/EngineMaterials/Substrate/Glints2/dict_0004_0153" 9144
"/Engine/EngineMaterials/Substrate/Glints2/dict_0004_0152" 9145
"/Engine/EngineMaterials/Substrate/Glints2/dict_0004_0151" 9146
"../../../Engine/Content/EngineMaterials/Substrate/Glints2/dict_0004_0187.uasset" 9147
"../../../Engine/Content/EngineMaterials/Substrate/Glints2/dict_0004_0191.uasset" 9148
"../../../Engine/Content/EngineMaterials/Substrate/Glints2/dict_0004_0185.uasset" 9149
"../../../Engine/Content/EngineMaterials/Substrate/Glints2/dict_0004_0189.uasset" 9150
"/Engine/EngineMaterials/Substrate/Glints2/dict_0004_0182" 9151
"../../../Engine/Content/EngineMaterials/Substrate/Glints2/dict_0004_0190.uasset" 9152
"../../../Engine/Content/EngineMaterials/Substrate/Glints2/dict_0004_0188.uasset" 9153
"../../../Engine/Content/EngineMaterials/Substrate/Glints2/dict_0004_0184.uasset" 9154
"../../../Engine/Content/EngineMaterials/Substrate/Glints2/dict_0004_0192.uasset" 9155
"../../../Engine/Content/EngineMaterials/Substrate/Glints2/dict_0004_0183.uasset" 9156
"../../../Engine/Content/EngineMaterials/Substrate/Glints2/dict_0004_0186.uasset" 9157
"../../../Engine/Content/EngineMaterials/Substrate/Glints2/dict_0004_0193.uasset" 9158
"../../../Engine/Content/EngineMaterials/Substrate/Glints2/dict_0004_0194.uasset" 9159
"/Engine/EngineMaterials/Substrate/Glints2/dict_0004_0181" 9160
"/Engine/EngineMaterials/Substrate/Glints2/dict_0004_0180" 9161
"/Engine/EngineMaterials/Substrate/Glints2/dict_0004_0179" 9162
"/Engine/EngineMaterials/Substrate/Glints2/dict_0004_0178" 9163
"/Engine/EngineMaterials/Substrate/Glints2/dict_0004_0177" 9164
"/Engine/EngineMaterials/Substrate/Glints2/dict_0004_0176" 9165
"/Engine/EngineMaterials/Substrate/Glints2/dict_0004_0175" 9166
"/Engine/EngineMaterials/Substrate/Glints2/dict_0004_0174" 9167
"/Engine/EngineMaterials/Substrate/Glints2/dict_0004_0173" 9168
"/Engine/EngineMaterials/Substrate/Glints2/dict_0004_0172" 9169
"/Engine/EngineMaterials/Substrate/Glints2/dict_0004_0171" 9170
"/Engine/EngineMaterials/Substrate/Glints2/dict_0004_0170" 9171
"/Engine/EngineMaterials/Substrate/Glints2/dict_0004_0169" 9172
"/Engine/EngineMaterials/Substrate/Glints2/dict_0004_0168" 9173
"/Engine/EngineMaterials/Substrate/Glints2/dict_0004_0167" 9174
"/Engine/EngineMaterials/Substrate/Glints2/dict_0004_0166" 9175
"/Engine/EngineMaterials/Substrate/Glints2/dict_0004_0165" 9176
"/Engine/EngineMaterials/Substrate/Glints2/dict_0004_0164" 9177
"/Engine/EngineMaterials/Substrate/Glints2/dict_0004_0163" 9178
"../../../Engine/Content/EngineMaterials/Substrate/Glints2/dict_0004_0197.uasset" 9179
"../../../Engine/Content/EngineMaterials/Substrate/Glints2/dict_0004_0203.uasset" 9180
"../../../Engine/Content/EngineMaterials/Substrate/Glints2/dict_0004_0196.uasset" 9181
"../../../Engine/Content/EngineMaterials/Substrate/Glints2/dict_0004_0204.uasset" 9182
"/Engine/EngineMaterials/Substrate/Glints2/dict_0004_0194" 9183
"../../../Engine/Content/EngineMaterials/Substrate/Glints2/dict_0004_0198.uasset" 9184
"../../../Engine/Content/EngineMaterials/Substrate/Glints2/dict_0004_0199.uasset" 9185
"../../../Engine/Content/EngineMaterials/Substrate/Glints2/dict_0004_0202.uasset" 9186
"../../../Engine/Content/EngineMaterials/Substrate/Glints2/dict_0004_0200.uasset" 9187
"../../../Engine/Content/EngineMaterials/Substrate/Glints2/dict_0004_0195.uasset" 9188
"../../../Engine/Content/EngineMaterials/Substrate/Glints2/dict_0004_0201.uasset" 9189
"../../../Engine/Content/EngineMaterials/Substrate/Glints2/dict_0004_0206.uasset" 9190
"../../../Engine/Content/EngineMaterials/Substrate/Glints2/dict_0004_0208.uasset" 9191
"../../../Engine/Content/EngineMaterials/Substrate/Glints2/dict_0004_0205.uasset" 9192
"../../../Engine/Content/EngineMaterials/Substrate/Glints2/dict_0004_0207.uasset" 9193
"../../../Engine/Content/EngineMaterials/Substrate/Glints2/dict_0004_0210.uasset" 9194
"../../../Engine/Content/EngineMaterials/Substrate/Glints2/dict_0004_0212.uasset" 9195
"/Engine/EngineMaterials/Substrate/Glints2/dict_0004_0193" 9196
"../../../Engine/Content/EngineMaterials/Substrate/Glints2/dict_0004_0213.uasset" 9197
"../../../Engine/Content/EngineMaterials/Substrate/Glints2/dict_0004_0214.uasset" 9198
"../../../Engine/Content/EngineMaterials/Substrate/Glints2/dict_0004_0209.uasset" 9199
"../../../Engine/Content/EngineMaterials/Substrate/Glints2/dict_0004_0211.uasset" 9200
"/Engine/EngineMaterials/Substrate/Glints2/dict_0004_0192" 9201
"/Engine/EngineMaterials/Substrate/Glints2/dict_0004_0191" 9202
"/Engine/EngineMaterials/Substrate/Glints2/dict_0004_0190" 9203
"/Engine/EngineMaterials/Substrate/Glints2/dict_0004_0189" 9204
"/Engine/EngineMaterials/Substrate/Glints2/dict_0004_0188" 9205
"/Engine/EngineMaterials/Substrate/Glints2/dict_0004_0187" 9206
"/Engine/EngineMaterials/Substrate/Glints2/dict_0004_0186" 9207
"/Engine/EngineMaterials/Substrate/Glints2/dict_0004_0185" 9208
"/Engine/EngineMaterials/Substrate/Glints2/dict_0004_0184" 9209
"/Engine/EngineMaterials/Substrate/Glints2/dict_0004_0183" 9210
"../../../Engine/Content/EngineMaterials/Substrate/Glints2/dict_0004_0215.uasset" 9211
"../../../Engine/Content/EngineMaterials/Substrate/Glints2/dict_0004_0222.uasset" 9212
"../../../Engine/Content/EngineMaterials/Substrate/Glints2/dict_0004_0216.uasset" 9213
"../../../Engine/Content/EngineMaterials/Substrate/Glints2/dict_0004_0223.uasset" 9214
"/Engine/EngineMaterials/Substrate/Glints2/dict_0004_0214" 9215
"../../../Engine/Content/EngineMaterials/Substrate/Glints2/dict_0004_0224.uasset" 9216
"../../../Engine/Content/EngineMaterials/Substrate/Glints2/dict_0004_0218.uasset" 9217
"../../../Engine/Content/EngineMaterials/Substrate/Glints2/dict_0004_0221.uasset" 9218
"../../../Engine/Content/EngineMaterials/Substrate/Glints2/dict_0004_0219.uasset" 9219
"../../../Engine/Content/EngineMaterials/Substrate/Glints2/dict_0004_0220.uasset" 9220
"../../../Engine/Content/EngineMaterials/Substrate/Glints2/dict_0004_0217.uasset" 9221
"../../../Engine/Content/EngineMaterials/Substrate/Glints2/dict_0004_0225.uasset" 9222
"../../../Engine/Content/EngineMaterials/Substrate/Glints2/dict_0004_0226.uasset" 9223
"/Engine/EngineMaterials/Substrate/Glints2/dict_0004_0213" 9224
"/Engine/EngineMaterials/Substrate/Glints2/dict_0004_0212" 9225
"/Engine/EngineMaterials/Substrate/Glints2/dict_0004_0211" 9226
"/Engine/EngineMaterials/Substrate/Glints2/dict_0004_0210" 9227
"/Engine/EngineMaterials/Substrate/Glints2/dict_0004_0209" 9228
"/Engine/EngineMaterials/Substrate/Glints2/dict_0004_0208" 9229
"/Engine/EngineMaterials/Substrate/Glints2/dict_0004_0207" 9230
"/Engine/EngineMaterials/Substrate/Glints2/dict_0004_0206" 9231
"/Engine/EngineMaterials/Substrate/Glints2/dict_0004_0205" 9232
"/Engine/EngineMaterials/Substrate/Glints2/dict_0004_0204" 9233
"/Engine/EngineMaterials/Substrate/Glints2/dict_0004_0203" 9234
"/Engine/EngineMaterials/Substrate/Glints2/dict_0004_0202" 9235
"/Engine/EngineMaterials/Substrate/Glints2/dict_0004_0201" 9236
"/Engine/EngineMaterials/Substrate/Glints2/dict_0004_0200" 9237
"/Engine/EngineMaterials/Substrate/Glints2/dict_0004_0199" 9238
"/Engine/EngineMaterials/Substrate/Glints2/dict_0004_0198" 9239
"/Engine/EngineMaterials/Substrate/Glints2/dict_0004_0197" 9240
"/Engine/EngineMaterials/Substrate/Glints2/dict_0004_0196" 9241
"/Engine/EngineMaterials/Substrate/Glints2/dict_0004_0195" 9242
"../../../Engine/Content/EngineMaterials/Substrate/Glints2/dict_0004_0232.uasset" 9243
"../../../Engine/Content/EngineMaterials/Substrate/Glints2/dict_0004_0234.uasset" 9244
"../../../Engine/Content/EngineMaterials/Substrate/Glints2/dict_0004_0235.uasset" 9245
"/Engine/EngineMaterials/Substrate/Glints2/dict_0004_0226" 9246
"../../../Engine/Content/EngineMaterials/Substrate/Glints2/dict_0004_0229.uasset" 9247
"../../../Engine/Content/EngineMaterials/Substrate/Glints2/dict_0004_0231.uasset" 9248
"../../../Engine/Content/EngineMaterials/Substrate/Glints2/dict_0004_0233.uasset" 9249
"../../../Engine/Content/EngineMaterials/Substrate/Glints2/dict_0004_0227.uasset" 9250
"../../../Engine/Content/EngineMaterials/Substrate/Glints2/dict_0004_0230.uasset" 9251
"../../../Engine/Content/EngineMaterials/Substrate/Glints2/dict_0004_0228.uasset" 9252
"../../../Engine/Content/EngineMaterials/Substrate/Glints2/dict_0004_0236.uasset" 9253
"../../../Engine/Content/EngineMaterials/Substrate/Glints2/dict_0004_0237.uasset" 9254
"../../../Engine/Content/EngineMaterials/Substrate/Glints2/dict_0004_0238.uasset" 9255
"../../../Engine/Content/EngineMaterials/Substrate/Glints2/dict_0004_0239.uasset" 9256
"../../../Engine/Content/EngineMaterials/Substrate/Glints2/dict_0004_0241.uasset" 9257
"../../../Engine/Content/EngineMaterials/Substrate/Glints2/dict_0004_0240.uasset" 9258
"../../../Engine/Content/EngineMaterials/Substrate/Glints2/dict_0004_0242.uasset" 9259
"../../../Engine/Content/EngineMaterials/Substrate/Glints2/dict_0004_0243.uasset" 9260
"/Engine/EngineMaterials/Substrate/Glints2/dict_0004_0225" 9261
"../../../Engine/Content/EngineMaterials/Substrate/Glints2/dict_0004_0244.uasset" 9262
"../../../Engine/Content/EngineMaterials/Substrate/Glints2/dict_0004_0245.uasset" 9263
"../../../Engine/Content/EngineMaterials/Substrate/Glints2/dict_0004_0246.uasset" 9264
"/Engine/EngineMaterials/Substrate/Glints2/dict_0004_0224" 9265
"/Engine/EngineMaterials/Substrate/Glints2/dict_0004_0223" 9266
"/Engine/EngineMaterials/Substrate/Glints2/dict_0004_0222" 9267
"/Engine/EngineMaterials/Substrate/Glints2/dict_0004_0221" 9268
"/Engine/EngineMaterials/Substrate/Glints2/dict_0004_0220" 9269
"/Engine/EngineMaterials/Substrate/Glints2/dict_0004_0219" 9270
"/Engine/EngineMaterials/Substrate/Glints2/dict_0004_0218" 9271
"/Engine/EngineMaterials/Substrate/Glints2/dict_0004_0217" 9272
"/Engine/EngineMaterials/Substrate/Glints2/dict_0004_0216" 9273
"/Engine/EngineMaterials/Substrate/Glints2/dict_0004_0215" 9274
"../../../Engine/Content/EngineMaterials/Substrate/Glints2/dict_0004_0247.uasset" 9275
"../../../Engine/Content/EngineMaterials/Substrate/Glints2/dict_0004_0248.uasset" 9276
"../../../Engine/Content/EngineMaterials/Substrate/Glints2/dict_0004_0252.uasset" 9277
"/Engine/EngineMaterials/Substrate/Glints2/dict_0004_0246" 9278
"../../../Engine/Content/EngineMaterials/Substrate/Glints2/dict_0004_0253.uasset" 9279
"../../../Engine/Content/EngineMaterials/Substrate/Glints2/dict_0004_0254.uasset" 9280
"../../../Engine/Content/EngineMaterials/Substrate/Glints2/dict_0004_0251.uasset" 9281
"../../../Engine/Content/EngineMaterials/Substrate/Glints2/dict_0004_0250.uasset" 9282
"../../../Engine/Content/EngineMaterials/Substrate/Glints2/dict_0004_0249.uasset" 9283
"../../../Engine/Content/EngineMaterials/Substrate/Glints2/dict_0004_0255.uasset" 9284
"/Engine/EngineMaterials/Substrate/Glints2/dict_0004_0245" 9285
"../../../Engine/Content/EngineMaterials/Substrate/Glints2/dict_0005_0000.uasset" 9286
"/Engine/EngineMaterials/Substrate/Glints2/dict_0004_0244" 9287
"../../../Engine/Content/EngineMaterials/Substrate/Glints2/dict_0005_0002.uasset" 9288
"../../../Engine/Content/EngineMaterials/Substrate/Glints2/dict_0005_0001.uasset" 9289
"/Engine/EngineMaterials/Substrate/Glints2/dict_0004_0243" 9290
"/Engine/EngineMaterials/Substrate/Glints2/dict_0004_0242" 9291
"/Engine/EngineMaterials/Substrate/Glints2/dict_0004_0241" 9292
"/Engine/EngineMaterials/Substrate/Glints2/dict_0004_0240" 9293
"/Engine/EngineMaterials/Substrate/Glints2/dict_0004_0239" 9294
"/Engine/EngineMaterials/Substrate/Glints2/dict_0004_0238" 9295
"/Engine/EngineMaterials/Substrate/Glints2/dict_0004_0237" 9296
"/Engine/EngineMaterials/Substrate/Glints2/dict_0004_0236" 9297
"/Engine/EngineMaterials/Substrate/Glints2/dict_0004_0235" 9298
"/Engine/EngineMaterials/Substrate/Glints2/dict_0004_0234" 9299
"/Engine/EngineMaterials/Substrate/Glints2/dict_0004_0233" 9300
"/Engine/EngineMaterials/Substrate/Glints2/dict_0004_0232" 9301
"/Engine/EngineMaterials/Substrate/Glints2/dict_0004_0231" 9302
"/Engine/EngineMaterials/Substrate/Glints2/dict_0004_0230" 9303
"/Engine/EngineMaterials/Substrate/Glints2/dict_0004_0229" 9304
"/Engine/EngineMaterials/Substrate/Glints2/dict_0004_0228" 9305
"/Engine/EngineMaterials/Substrate/Glints2/dict_0004_0227" 9306
"../../../Engine/Content/EngineMaterials/Substrate/Glints2/dict_0005_0009.uasset" 9307
"../../../Engine/Content/EngineMaterials/Substrate/Glints2/dict_0005_0012.uasset" 9308
"../../../Engine/Content/EngineMaterials/Substrate/Glints2/dict_0005_0006.uasset" 9309
"../../../Engine/Content/EngineMaterials/Substrate/Glints2/dict_0005_0004.uasset" 9310
"../../../Engine/Content/EngineMaterials/Substrate/Glints2/dict_0005_0008.uasset" 9311
"../../../Engine/Content/EngineMaterials/Substrate/Glints2/dict_0005_0003.uasset" 9312
"../../../Engine/Content/EngineMaterials/Substrate/Glints2/dict_0005_0011.uasset" 9313
"/Engine/EngineMaterials/Substrate/Glints2/dict_0005_0002" 9314
"../../../Engine/Content/EngineMaterials/Substrate/Glints2/dict_0005_0007.uasset" 9315
"../../../Engine/Content/EngineMaterials/Substrate/Glints2/dict_0005_0010.uasset" 9316
"../../../Engine/Content/EngineMaterials/Substrate/Glints2/dict_0005_0005.uasset" 9317
"../../../Engine/Content/EngineMaterials/Substrate/Glints2/dict_0005_0013.uasset" 9318
"../../../Engine/Content/EngineMaterials/Substrate/Glints2/dict_0005_0017.uasset" 9319
"../../../Engine/Content/EngineMaterials/Substrate/Glints2/dict_0005_0018.uasset" 9320
"../../../Engine/Content/EngineMaterials/Substrate/Glints2/dict_0005_0019.uasset" 9321
"../../../Engine/Content/EngineMaterials/Substrate/Glints2/dict_0005_0020.uasset" 9322
"../../../Engine/Content/EngineMaterials/Substrate/Glints2/dict_0005_0014.uasset" 9323
"../../../Engine/Content/EngineMaterials/Substrate/Glints2/dict_0005_0021.uasset" 9324
"../../../Engine/Content/EngineMaterials/Substrate/Glints2/dict_0005_0022.uasset" 9325
"/Engine/EngineMaterials/Substrate/Glints2/dict_0005_0001" 9326
"../../../Engine/Content/EngineMaterials/Substrate/Glints2/dict_0005_0016.uasset" 9327
"../../../Engine/Content/EngineMaterials/Substrate/Glints2/dict_0005_0015.uasset" 9328
"/Engine/EngineMaterials/Substrate/Glints2/dict_0005_0000" 9329
"/Engine/EngineMaterials/Substrate/Glints2/dict_0004_0255" 9330
"/Engine/EngineMaterials/Substrate/Glints2/dict_0004_0254" 9331
"/Engine/EngineMaterials/Substrate/Glints2/dict_0004_0253" 9332
"/Engine/EngineMaterials/Substrate/Glints2/dict_0004_0252" 9333
"/Engine/EngineMaterials/Substrate/Glints2/dict_0004_0251" 9334
"/Engine/EngineMaterials/Substrate/Glints2/dict_0004_0250" 9335
"/Engine/EngineMaterials/Substrate/Glints2/dict_0004_0249" 9336
"/Engine/EngineMaterials/Substrate/Glints2/dict_0004_0248" 9337
"/Engine/EngineMaterials/Substrate/Glints2/dict_0004_0247" 9338
"../../../Engine/Content/EngineMaterials/Substrate/Glints2/dict_0005_0023.uasset" 9339
"../../../Engine/Content/EngineMaterials/Substrate/Glints2/dict_0005_0031.uasset" 9340
"../../../Engine/Content/EngineMaterials/Substrate/Glints2/dict_0005_0030.uasset" 9341
"../../../Engine/Content/EngineMaterials/Substrate/Glints2/dict_0005_0025.uasset" 9342
"../../../Engine/Content/EngineMaterials/Substrate/Glints2/dict_0005_0032.uasset" 9343
"../../../Engine/Content/EngineMaterials/Substrate/Glints2/dict_0005_0026.uasset" 9344
"/Engine/EngineMaterials/Substrate/Glints2/dict_0005_0022" 9345
"../../../Engine/Content/EngineMaterials/Substrate/Glints2/dict_0005_0029.uasset" 9346
"../../../Engine/Content/EngineMaterials/Substrate/Glints2/dict_0005_0024.uasset" 9347
"../../../Engine/Content/EngineMaterials/Substrate/Glints2/dict_0005_0028.uasset" 9348
"../../../Engine/Content/EngineMaterials/Substrate/Glints2/dict_0005_0027.uasset" 9349
"../../../Engine/Content/EngineMaterials/Substrate/Glints2/dict_0005_0033.uasset" 9350
"../../../Engine/Content/EngineMaterials/Substrate/Glints2/dict_0005_0034.uasset" 9351
"/Engine/EngineMaterials/Substrate/Glints2/dict_0005_0021" 9352
"/Engine/EngineMaterials/Substrate/Glints2/dict_0005_0020" 9353
"/Engine/EngineMaterials/Substrate/Glints2/dict_0005_0019" 9354
"/Engine/EngineMaterials/Substrate/Glints2/dict_0005_0018" 9355
"/Engine/EngineMaterials/Substrate/Glints2/dict_0005_0017" 9356
"/Engine/EngineMaterials/Substrate/Glints2/dict_0005_0016" 9357
"/Engine/EngineMaterials/Substrate/Glints2/dict_0005_0015" 9358
"/Engine/EngineMaterials/Substrate/Glints2/dict_0005_0014" 9359
"/Engine/EngineMaterials/Substrate/Glints2/dict_0005_0013" 9360
"/Engine/EngineMaterials/Substrate/Glints2/dict_0005_0012" 9361
"/Engine/EngineMaterials/Substrate/Glints2/dict_0005_0011" 9362
"/Engine/EngineMaterials/Substrate/Glints2/dict_0005_0010" 9363
"/Engine/EngineMaterials/Substrate/Glints2/dict_0005_0009" 9364
"/Engine/EngineMaterials/Substrate/Glints2/dict_0005_0008" 9365
"/Engine/EngineMaterials/Substrate/Glints2/dict_0005_0007" 9366
"/Engine/EngineMaterials/Substrate/Glints2/dict_0005_0006" 9367
"/Engine/EngineMaterials/Substrate/Glints2/dict_0005_0005" 9368
"/Engine/EngineMaterials/Substrate/Glints2/dict_0005_0004" 9369
"/Engine/EngineMaterials/Substrate/Glints2/dict_0005_0003" 9370
"../../../Engine/Content/EngineMaterials/Substrate/Glints2/dict_0005_0041.uasset" 9371
"../../../Engine/Content/EngineMaterials/Substrate/Glints2/dict_0005_0036.uasset" 9372
"../../../Engine/Content/EngineMaterials/Substrate/Glints2/dict_0005_0038.uasset" 9373
"/Engine/EngineMaterials/Substrate/Glints2/dict_0005_0034" 9374
"../../../Engine/Content/EngineMaterials/Substrate/Glints2/dict_0005_0037.uasset" 9375
"../../../Engine/Content/EngineMaterials/Substrate/Glints2/dict_0005_0035.uasset" 9376
"../../../Engine/Content/EngineMaterials/Substrate/Glints2/dict_0005_0042.uasset" 9377
"../../../Engine/Content/EngineMaterials/Substrate/Glints2/dict_0005_0040.uasset" 9378
"../../../Engine/Content/EngineMaterials/Substrate/Glints2/dict_0005_0043.uasset" 9379
"../../../Engine/Content/EngineMaterials/Substrate/Glints2/dict_0005_0039.uasset" 9380
"../../../Engine/Content/EngineMaterials/Substrate/Glints2/dict_0005_0044.uasset" 9381
"../../../Engine/Content/EngineMaterials/Substrate/Glints2/dict_0005_0045.uasset" 9382
"../../../Engine/Content/EngineMaterials/Substrate/Glints2/dict_0005_0047.uasset" 9383
"../../../Engine/Content/EngineMaterials/Substrate/Glints2/dict_0005_0049.uasset" 9384
"../../../Engine/Content/EngineMaterials/Substrate/Glints2/dict_0005_0046.uasset" 9385
"../../../Engine/Content/EngineMaterials/Substrate/Glints2/dict_0005_0048.uasset" 9386
"../../../Engine/Content/EngineMaterials/Substrate/Glints2/dict_0005_0051.uasset" 9387
"../../../Engine/Content/EngineMaterials/Substrate/Glints2/dict_0005_0052.uasset" 9388
"../../../Engine/Content/EngineMaterials/Substrate/Glints2/dict_0005_0050.uasset" 9389
"/Engine/EngineMaterials/Substrate/Glints2/dict_0005_0033" 9390
"../../../Engine/Content/EngineMaterials/Substrate/Glints2/dict_0005_0054.uasset" 9391
"../../../Engine/Content/EngineMaterials/Substrate/Glints2/dict_0005_0053.uasset" 9392
"/Engine/EngineMaterials/Substrate/Glints2/dict_0005_0032" 9393
"/Engine/EngineMaterials/Substrate/Glints2/dict_0005_0031" 9394
"/Engine/EngineMaterials/Substrate/Glints2/dict_0005_0030" 9395
"/Engine/EngineMaterials/Substrate/Glints2/dict_0005_0029" 9396
"/Engine/EngineMaterials/Substrate/Glints2/dict_0005_0028" 9397
"/Engine/EngineMaterials/Substrate/Glints2/dict_0005_0027" 9398
"/Engine/EngineMaterials/Substrate/Glints2/dict_0005_0026" 9399
"/Engine/EngineMaterials/Substrate/Glints2/dict_0005_0025" 9400
"/Engine/EngineMaterials/Substrate/Glints2/dict_0005_0024" 9401
"/Engine/EngineMaterials/Substrate/Glints2/dict_0005_0023" 9402
"../../../Engine/Content/EngineMaterials/Substrate/Glints2/dict_0005_0062.uasset" 9403
"../../../Engine/Content/EngineMaterials/Substrate/Glints2/dict_0005_0058.uasset" 9404
"../../../Engine/Content/EngineMaterials/Substrate/Glints2/dict_0005_0056.uasset" 9405
"../../../Engine/Content/EngineMaterials/Substrate/Glints2/dict_0005_0057.uasset" 9406
"../../../Engine/Content/EngineMaterials/Substrate/Glints2/dict_0005_0063.uasset" 9407
"../../../Engine/Content/EngineMaterials/Substrate/Glints2/dict_0005_0061.uasset" 9408
"../../../Engine/Content/EngineMaterials/Substrate/Glints2/dict_0005_0059.uasset" 9409
"../../../Engine/Content/EngineMaterials/Substrate/Glints2/dict_0005_0055.uasset" 9410
"/Engine/EngineMaterials/Substrate/Glints2/dict_0005_0054" 9411
"../../../Engine/Content/EngineMaterials/Substrate/Glints2/dict_0005_0064.uasset" 9412
"../../../Engine/Content/EngineMaterials/Substrate/Glints2/dict_0005_0060.uasset" 9413
"../../../Engine/Content/EngineMaterials/Substrate/Glints2/dict_0005_0066.uasset" 9414
"../../../Engine/Content/EngineMaterials/Substrate/Glints2/dict_0005_0065.uasset" 9415
"/Engine/EngineMaterials/Substrate/Glints2/dict_0005_0053" 9416
"/Engine/EngineMaterials/Substrate/Glints2/dict_0005_0052" 9417
"/Engine/EngineMaterials/Substrate/Glints2/dict_0005_0051" 9418
"/Engine/EngineMaterials/Substrate/Glints2/dict_0005_0050" 9419
"/Engine/EngineMaterials/Substrate/Glints2/dict_0005_0049" 9420
"/Engine/EngineMaterials/Substrate/Glints2/dict_0005_0048" 9421
"/Engine/EngineMaterials/Substrate/Glints2/dict_0005_0047" 9422
"/Engine/EngineMaterials/Substrate/Glints2/dict_0005_0046" 9423
"/Engine/EngineMaterials/Substrate/Glints2/dict_0005_0045" 9424
"/Engine/EngineMaterials/Substrate/Glints2/dict_0005_0044" 9425
"/Engine/EngineMaterials/Substrate/Glints2/dict_0005_0043" 9426
"/Engine/EngineMaterials/Substrate/Glints2/dict_0005_0042" 9427
"/Engine/EngineMaterials/Substrate/Glints2/dict_0005_0041" 9428
"/Engine/EngineMaterials/Substrate/Glints2/dict_0005_0040" 9429
"/Engine/EngineMaterials/Substrate/Glints2/dict_0005_0039" 9430
"/Engine/EngineMaterials/Substrate/Glints2/dict_0005_0038" 9431
"/Engine/EngineMaterials/Substrate/Glints2/dict_0005_0037" 9432
"/Engine/EngineMaterials/Substrate/Glints2/dict_0005_0036" 9433
"/Engine/EngineMaterials/Substrate/Glints2/dict_0005_0035" 9434
"/Engine/EngineMaterials/Substrate/Glints2/dict_0005_0066" 9435
"../../../Engine/Content/EngineMaterials/Substrate/Glints2/dict_0005_0075.uasset" 9436
"../../../Engine/Content/EngineMaterials/Substrate/Glints2/dict_0005_0074.uasset" 9437
"../../../Engine/Content/EngineMaterials/Substrate/Glints2/dict_0005_0071.uasset" 9438
"../../../Engine/Content/EngineMaterials/Substrate/Glints2/dict_0005_0073.uasset" 9439
"../../../Engine/Content/EngineMaterials/Substrate/Glints2/dict_0005_0067.uasset" 9440
"../../../Engine/Content/EngineMaterials/Substrate/Glints2/dict_0005_0076.uasset" 9441
"../../../Engine/Content/EngineMaterials/Substrate/Glints2/dict_0005_0070.uasset" 9442
"../../../Engine/Content/EngineMaterials/Substrate/Glints2/dict_0005_0072.uasset" 9443
"../../../Engine/Content/EngineMaterials/Substrate/Glints2/dict_0005_0069.uasset" 9444
"../../../Engine/Content/EngineMaterials/Substrate/Glints2/dict_0005_0068.uasset" 9445
"../../../Engine/Content/EngineMaterials/Substrate/Glints2/dict_0005_0077.uasset" 9446
"/Engine/EngineMaterials/Substrate/Glints2/dict_0005_0065" 9447
"../../../Engine/Content/EngineMaterials/Substrate/Glints2/dict_0005_0078.uasset" 9448
"../../../Engine/Content/EngineMaterials/Substrate/Glints2/dict_0005_0080.uasset" 9449
"../../../Engine/Content/EngineMaterials/Substrate/Glints2/dict_0005_0079.uasset" 9450
"../../../Engine/Content/EngineMaterials/Substrate/Glints2/dict_0005_0081.uasset" 9451
"../../../Engine/Content/EngineMaterials/Substrate/Glints2/dict_0005_0083.uasset" 9452
"../../../Engine/Content/EngineMaterials/Substrate/Glints2/dict_0005_0082.uasset" 9453
"../../../Engine/Content/EngineMaterials/Substrate/Glints2/dict_0005_0084.uasset" 9454
"../../../Engine/Content/EngineMaterials/Substrate/Glints2/dict_0005_0085.uasset" 9455
"../../../Engine/Content/EngineMaterials/Substrate/Glints2/dict_0005_0086.uasset" 9456
"/Engine/EngineMaterials/Substrate/Glints2/dict_0005_0064" 9457
"/Engine/EngineMaterials/Substrate/Glints2/dict_0005_0063" 9458
"/Engine/EngineMaterials/Substrate/Glints2/dict_0005_0062" 9459
"/Engine/EngineMaterials/Substrate/Glints2/dict_0005_0061" 9460
"/Engine/EngineMaterials/Substrate/Glints2/dict_0005_0060" 9461
"/Engine/EngineMaterials/Substrate/Glints2/dict_0005_0059" 9462
"/Engine/EngineMaterials/Substrate/Glints2/dict_0005_0058" 9463
"/Engine/EngineMaterials/Substrate/Glints2/dict_0005_0057" 9464
"/Engine/EngineMaterials/Substrate/Glints2/dict_0005_0056" 9465
"/Engine/EngineMaterials/Substrate/Glints2/dict_0005_0055" 9466
"../../../Engine/Content/EngineMaterials/Substrate/Glints2/dict_0005_0093.uasset" 9467
"../../../Engine/Content/EngineMaterials/Substrate/Glints2/dict_0005_0094.uasset" 9468
"../../../Engine/Content/EngineMaterials/Substrate/Glints2/dict_0005_0095.uasset" 9469
"../../../Engine/Content/EngineMaterials/Substrate/Glints2/dict_0005_0090.uasset" 9470
"../../../Engine/Content/EngineMaterials/Substrate/Glints2/dict_0005_0092.uasset" 9471
"../../../Engine/Content/EngineMaterials/Substrate/Glints2/dict_0005_0087.uasset" 9472
"../../../Engine/Content/EngineMaterials/Substrate/Glints2/dict_0005_0088.uasset" 9473
"../../../Engine/Content/EngineMaterials/Substrate/Glints2/dict_0005_0091.uasset" 9474
"/Engine/EngineMaterials/Substrate/Glints2/dict_0005_0086" 9475
"../../../Engine/Content/EngineMaterials/Substrate/Glints2/dict_0005_0089.uasset" 9476
"../../../Engine/Content/EngineMaterials/Substrate/Glints2/dict_0005_0096.uasset" 9477
"../../../Engine/Content/EngineMaterials/Substrate/Glints2/dict_0005_0097.uasset" 9478
"../../../Engine/Content/EngineMaterials/Substrate/Glints2/dict_0005_0098.uasset" 9479
"/Engine/EngineMaterials/Substrate/Glints2/dict_0005_0085" 9480
"/Engine/EngineMaterials/Substrate/Glints2/dict_0005_0084" 9481
"/Engine/EngineMaterials/Substrate/Glints2/dict_0005_0083" 9482
"/Engine/EngineMaterials/Substrate/Glints2/dict_0005_0082" 9483
"/Engine/EngineMaterials/Substrate/Glints2/dict_0005_0081" 9484
"/Engine/EngineMaterials/Substrate/Glints2/dict_0005_0080" 9485
"/Engine/EngineMaterials/Substrate/Glints2/dict_0005_0079" 9486
"/Engine/EngineMaterials/Substrate/Glints2/dict_0005_0078" 9487
"/Engine/EngineMaterials/Substrate/Glints2/dict_0005_0077" 9488
"/Engine/EngineMaterials/Substrate/Glints2/dict_0005_0076" 9489
"/Engine/EngineMaterials/Substrate/Glints2/dict_0005_0075" 9490
"/Engine/EngineMaterials/Substrate/Glints2/dict_0005_0074" 9491
"/Engine/EngineMaterials/Substrate/Glints2/dict_0005_0073" 9492
"/Engine/EngineMaterials/Substrate/Glints2/dict_0005_0072" 9493
"/Engine/EngineMaterials/Substrate/Glints2/dict_0005_0071" 9494
"/Engine/EngineMaterials/Substrate/Glints2/dict_0005_0070" 9495
"/Engine/EngineMaterials/Substrate/Glints2/dict_0005_0069" 9496
"/Engine/EngineMaterials/Substrate/Glints2/dict_0005_0068" 9497
"/Engine/EngineMaterials/Substrate/Glints2/dict_0005_0067" 9498
"../../../Engine/Content/EngineMaterials/Substrate/Glints2/dict_0005_0101.uasset" 9499
"../../../Engine/Content/EngineMaterials/Substrate/Glints2/dict_0005_0107.uasset" 9500
"../../../Engine/Content/EngineMaterials/Substrate/Glints2/dict_0005_0100.uasset" 9501
"../../../Engine/Content/EngineMaterials/Substrate/Glints2/dict_0005_0105.uasset" 9502
"../../../Engine/Content/EngineMaterials/Substrate/Glints2/dict_0005_0099.uasset" 9503
"../../../Engine/Content/EngineMaterials/Substrate/Glints2/dict_0005_0106.uasset" 9504
"../../../Engine/Content/EngineMaterials/Substrate/Glints2/dict_0005_0103.uasset" 9505
"../../../Engine/Content/EngineMaterials/Substrate/Glints2/dict_0005_0104.uasset" 9506
"../../../Engine/Content/EngineMaterials/Substrate/Glints2/dict_0005_0102.uasset" 9507
"../../../Engine/Content/EngineMaterials/Substrate/Glints2/dict_0005_0108.uasset" 9508
"/Engine/EngineMaterials/Substrate/Glints2/dict_0005_0098" 9509
"../../../Engine/Content/EngineMaterials/Substrate/Glints2/dict_0005_0109.uasset" 9510
"../../../Engine/Content/EngineMaterials/Substrate/Glints2/dict_0005_0110.uasset" 9511
"../../../Engine/Content/EngineMaterials/Substrate/Glints2/dict_0005_0111.uasset" 9512
"../../../Engine/Content/EngineMaterials/Substrate/Glints2/dict_0005_0112.uasset" 9513
"../../../Engine/Content/EngineMaterials/Substrate/Glints2/dict_0005_0117.uasset" 9514
"../../../Engine/Content/EngineMaterials/Substrate/Glints2/dict_0005_0116.uasset" 9515
"../../../Engine/Content/EngineMaterials/Substrate/Glints2/dict_0005_0115.uasset" 9516
"../../../Engine/Content/EngineMaterials/Substrate/Glints2/dict_0005_0113.uasset" 9517
"../../../Engine/Content/EngineMaterials/Substrate/Glints2/dict_0005_0118.uasset" 9518
"../../../Engine/Content/EngineMaterials/Substrate/Glints2/dict_0005_0114.uasset" 9519
"/Engine/EngineMaterials/Substrate/Glints2/dict_0005_0097" 9520
"/Engine/EngineMaterials/Substrate/Glints2/dict_0005_0096" 9521
"/Engine/EngineMaterials/Substrate/Glints2/dict_0005_0095" 9522
"/Engine/EngineMaterials/Substrate/Glints2/dict_0005_0094" 9523
"/Engine/EngineMaterials/Substrate/Glints2/dict_0005_0093" 9524
"/Engine/EngineMaterials/Substrate/Glints2/dict_0005_0092" 9525
"/Engine/EngineMaterials/Substrate/Glints2/dict_0005_0091" 9526
"/Engine/EngineMaterials/Substrate/Glints2/dict_0005_0090" 9527
"/Engine/EngineMaterials/Substrate/Glints2/dict_0005_0089" 9528
"/Engine/EngineMaterials/Substrate/Glints2/dict_0005_0088" 9529
"/Engine/EngineMaterials/Substrate/Glints2/dict_0005_0087" 9530
"../../../Engine/Content/EngineMaterials/Substrate/Glints2/dict_0005_0123.uasset" 9531
"../../../Engine/Content/EngineMaterials/Substrate/Glints2/dict_0005_0122.uasset" 9532
"../../../Engine/Content/EngineMaterials/Substrate/Glints2/dict_0005_0119.uasset" 9533
"../../../Engine/Content/EngineMaterials/Substrate/Glints2/dict_0005_0121.uasset" 9534
"../../../Engine/Content/EngineMaterials/Substrate/Glints2/dict_0005_0124.uasset" 9535
"../../../Engine/Content/EngineMaterials/Substrate/Glints2/dict_0005_0126.uasset" 9536
"../../../Engine/Content/EngineMaterials/Substrate/Glints2/dict_0005_0127.uasset" 9537
"/Engine/EngineMaterials/Substrate/Glints2/dict_0005_0118" 9538
"../../../Engine/Content/EngineMaterials/Substrate/Glints2/dict_0005_0125.uasset" 9539
"../../../Engine/Content/EngineMaterials/Substrate/Glints2/dict_0005_0120.uasset" 9540
"../../../Engine/Content/EngineMaterials/Substrate/Glints2/dict_0005_0128.uasset" 9541
"../../../Engine/Content/EngineMaterials/Substrate/Glints2/dict_0005_0129.uasset" 9542
"../../../Engine/Content/EngineMaterials/Substrate/Glints2/dict_0005_0130.uasset" 9543
"/Engine/EngineMaterials/Substrate/Glints2/dict_0005_0117" 9544
"/Engine/EngineMaterials/Substrate/Glints2/dict_0005_0116" 9545
"/Engine/EngineMaterials/Substrate/Glints2/dict_0005_0115" 9546
"/Engine/EngineMaterials/Substrate/Glints2/dict_0005_0114" 9547
"/Engine/EngineMaterials/Substrate/Glints2/dict_0005_0113" 9548
"/Engine/EngineMaterials/Substrate/Glints2/dict_0005_0112" 9549
"/Engine/EngineMaterials/Substrate/Glints2/dict_0005_0111" 9550
"/Engine/EngineMaterials/Substrate/Glints2/dict_0005_0110" 9551
"/Engine/EngineMaterials/Substrate/Glints2/dict_0005_0109" 9552
"/Engine/EngineMaterials/Substrate/Glints2/dict_0005_0108" 9553
"/Engine/EngineMaterials/Substrate/Glints2/dict_0005_0107" 9554
"/Engine/EngineMaterials/Substrate/Glints2/dict_0005_0106" 9555
"/Engine/EngineMaterials/Substrate/Glints2/dict_0005_0105" 9556
"/Engine/EngineMaterials/Substrate/Glints2/dict_0005_0104" 9557
"/Engine/EngineMaterials/Substrate/Glints2/dict_0005_0103" 9558
"/Engine/EngineMaterials/Substrate/Glints2/dict_0005_0102" 9559
"/Engine/EngineMaterials/Substrate/Glints2/dict_0005_0101" 9560
"/Engine/EngineMaterials/Substrate/Glints2/dict_0005_0100" 9561
"/Engine/EngineMaterials/Substrate/Glints2/dict_0005_0099" 9562
"../../../Engine/Content/EngineMaterials/Substrate/Glints2/dict_0005_0137.uasset" 9563
"../../../Engine/Content/EngineMaterials/Substrate/Glints2/dict_0005_0139.uasset" 9564
"../../../Engine/Content/EngineMaterials/Substrate/Glints2/dict_0005_0140.uasset" 9565
"../../../Engine/Content/EngineMaterials/Substrate/Glints2/dict_0005_0132.uasset" 9566
"../../../Engine/Content/EngineMaterials/Substrate/Glints2/dict_0005_0138.uasset" 9567
"../../../Engine/Content/EngineMaterials/Substrate/Glints2/dict_0005_0135.uasset" 9568
"../../../Engine/Content/EngineMaterials/Substrate/Glints2/dict_0005_0136.uasset" 9569
"../../../Engine/Content/EngineMaterials/Substrate/Glints2/dict_0005_0133.uasset" 9570
"../../../Engine/Content/EngineMaterials/Substrate/Glints2/dict_0005_0131.uasset" 9571
"../../../Engine/Content/EngineMaterials/Substrate/Glints2/dict_0005_0134.uasset" 9572
"/Engine/EngineMaterials/Substrate/Glints2/dict_0005_0130" 9573
"../../../Engine/Content/EngineMaterials/Substrate/Glints2/dict_0005_0141.uasset" 9574
"../../../Engine/Content/EngineMaterials/Substrate/Glints2/dict_0005_0142.uasset" 9575
"../../../Engine/Content/EngineMaterials/Substrate/Glints2/dict_0005_0143.uasset" 9576
"../../../Engine/Content/EngineMaterials/Substrate/Glints2/dict_0005_0144.uasset" 9577
"../../../Engine/Content/EngineMaterials/Substrate/Glints2/dict_0005_0146.uasset" 9578
"../../../Engine/Content/EngineMaterials/Substrate/Glints2/dict_0005_0145.uasset" 9579
"../../../Engine/Content/EngineMaterials/Substrate/Glints2/dict_0005_0150.uasset" 9580
"../../../Engine/Content/EngineMaterials/Substrate/Glints2/dict_0005_0149.uasset" 9581
"../../../Engine/Content/EngineMaterials/Substrate/Glints2/dict_0005_0147.uasset" 9582
"../../../Engine/Content/EngineMaterials/Substrate/Glints2/dict_0005_0148.uasset" 9583
"/Engine/EngineMaterials/Substrate/Glints2/dict_0005_0129" 9584
"/Engine/EngineMaterials/Substrate/Glints2/dict_0005_0128" 9585
"/Engine/EngineMaterials/Substrate/Glints2/dict_0005_0127" 9586
"/Engine/EngineMaterials/Substrate/Glints2/dict_0005_0126" 9587
"/Engine/EngineMaterials/Substrate/Glints2/dict_0005_0125" 9588
"/Engine/EngineMaterials/Substrate/Glints2/dict_0005_0124" 9589
"/Engine/EngineMaterials/Substrate/Glints2/dict_0005_0123" 9590
"/Engine/EngineMaterials/Substrate/Glints2/dict_0005_0122" 9591
"/Engine/EngineMaterials/Substrate/Glints2/dict_0005_0121" 9592
"/Engine/EngineMaterials/Substrate/Glints2/dict_0005_0120" 9593
"/Engine/EngineMaterials/Substrate/Glints2/dict_0005_0119" 9594
"../../../Engine/Content/EngineMaterials/Substrate/Glints2/dict_0005_0154.uasset" 9595
"../../../Engine/Content/EngineMaterials/Substrate/Glints2/dict_0005_0159.uasset" 9596
"../../../Engine/Content/EngineMaterials/Substrate/Glints2/dict_0005_0158.uasset" 9597
"../../../Engine/Content/EngineMaterials/Substrate/Glints2/dict_0005_0152.uasset" 9598
"../../../Engine/Content/EngineMaterials/Substrate/Glints2/dict_0005_0161.uasset" 9599
"../../../Engine/Content/EngineMaterials/Substrate/Glints2/dict_0005_0160.uasset" 9600
"../../../Engine/Content/EngineMaterials/Substrate/Glints2/dict_0005_0162.uasset" 9601
"/Engine/EngineMaterials/Substrate/Glints2/dict_0005_0150" 9602
"../../../Engine/Content/EngineMaterials/Substrate/Glints2/dict_0005_0157.uasset" 9603
"../../../Engine/Content/EngineMaterials/Substrate/Glints2/dict_0005_0153.uasset" 9604
"../../../Engine/Content/EngineMaterials/Substrate/Glints2/dict_0005_0151.uasset" 9605
"../../../Engine/Content/EngineMaterials/Substrate/Glints2/dict_0005_0155.uasset" 9606
"../../../Engine/Content/EngineMaterials/Substrate/Glints2/dict_0005_0156.uasset" 9607
"/Engine/EngineMaterials/Substrate/Glints2/dict_0005_0149" 9608
"/Engine/EngineMaterials/Substrate/Glints2/dict_0005_0148" 9609
"/Engine/EngineMaterials/Substrate/Glints2/dict_0005_0147" 9610
"/Engine/EngineMaterials/Substrate/Glints2/dict_0005_0146" 9611
"/Engine/EngineMaterials/Substrate/Glints2/dict_0005_0145" 9612
"/Engine/EngineMaterials/Substrate/Glints2/dict_0005_0144" 9613
"/Engine/EngineMaterials/Substrate/Glints2/dict_0005_0143" 9614
"/Engine/EngineMaterials/Substrate/Glints2/dict_0005_0142" 9615
"/Engine/EngineMaterials/Substrate/Glints2/dict_0005_0141" 9616
"/Engine/EngineMaterials/Substrate/Glints2/dict_0005_0140" 9617
"/Engine/EngineMaterials/Substrate/Glints2/dict_0005_0139" 9618
"/Engine/EngineMaterials/Substrate/Glints2/dict_0005_0138" 9619
"/Engine/EngineMaterials/Substrate/Glints2/dict_0005_0137" 9620
"/Engine/EngineMaterials/Substrate/Glints2/dict_0005_0136" 9621
"/Engine/EngineMaterials/Substrate/Glints2/dict_0005_0135" 9622
"/Engine/EngineMaterials/Substrate/Glints2/dict_0005_0134" 9623
"/Engine/EngineMaterials/Substrate/Glints2/dict_0005_0133" 9624
"/Engine/EngineMaterials/Substrate/Glints2/dict_0005_0132" 9625
"/Engine/EngineMaterials/Substrate/Glints2/dict_0005_0131" 9626
"/Engine/EngineMaterials/Substrate/Glints2/dict_0005_0162" 9627
"../../../Engine/Content/EngineMaterials/Substrate/Glints2/dict_0005_0167.uasset" 9628
"../../../Engine/Content/EngineMaterials/Substrate/Glints2/dict_0005_0171.uasset" 9629
"../../../Engine/Content/EngineMaterials/Substrate/Glints2/dict_0005_0163.uasset" 9630
"../../../Engine/Content/EngineMaterials/Substrate/Glints2/dict_0005_0168.uasset" 9631
"../../../Engine/Content/EngineMaterials/Substrate/Glints2/dict_0005_0170.uasset" 9632
"../../../Engine/Content/EngineMaterials/Substrate/Glints2/dict_0005_0166.uasset" 9633
"../../../Engine/Content/EngineMaterials/Substrate/Glints2/dict_0005_0169.uasset" 9634
"../../../Engine/Content/EngineMaterials/Substrate/Glints2/dict_0005_0164.uasset" 9635
"../../../Engine/Content/EngineMaterials/Substrate/Glints2/dict_0005_0165.uasset" 9636
"../../../Engine/Content/EngineMaterials/Substrate/Glints2/dict_0005_0172.uasset" 9637
"../../../Engine/Content/EngineMaterials/Substrate/Glints2/dict_0005_0173.uasset" 9638
"../../../Engine/Content/EngineMaterials/Substrate/Glints2/dict_0005_0174.uasset" 9639
"../../../Engine/Content/EngineMaterials/Substrate/Glints2/dict_0005_0175.uasset" 9640
"../../../Engine/Content/EngineMaterials/Substrate/Glints2/dict_0005_0177.uasset" 9641
"../../../Engine/Content/EngineMaterials/Substrate/Glints2/dict_0005_0178.uasset" 9642
"/Engine/EngineMaterials/Substrate/Glints2/dict_0005_0161" 9643
"../../../Engine/Content/EngineMaterials/Substrate/Glints2/dict_0005_0180.uasset" 9644
"../../../Engine/Content/EngineMaterials/Substrate/Glints2/dict_0005_0176.uasset" 9645
"../../../Engine/Content/EngineMaterials/Substrate/Glints2/dict_0005_0182.uasset" 9646
"../../../Engine/Content/EngineMaterials/Substrate/Glints2/dict_0005_0181.uasset" 9647
"../../../Engine/Content/EngineMaterials/Substrate/Glints2/dict_0005_0179.uasset" 9648
"/Engine/EngineMaterials/Substrate/Glints2/dict_0005_0160" 9649
"/Engine/EngineMaterials/Substrate/Glints2/dict_0005_0159" 9650
"/Engine/EngineMaterials/Substrate/Glints2/dict_0005_0158" 9651
"/Engine/EngineMaterials/Substrate/Glints2/dict_0005_0157" 9652
"/Engine/EngineMaterials/Substrate/Glints2/dict_0005_0156" 9653
"/Engine/EngineMaterials/Substrate/Glints2/dict_0005_0155" 9654
"/Engine/EngineMaterials/Substrate/Glints2/dict_0005_0154" 9655
"/Engine/EngineMaterials/Substrate/Glints2/dict_0005_0153" 9656
"/Engine/EngineMaterials/Substrate/Glints2/dict_0005_0152" 9657
"/Engine/EngineMaterials/Substrate/Glints2/dict_0005_0151" 9658
"../../../Engine/Content/EngineMaterials/Substrate/Glints2/dict_0005_0190.uasset" 9659
"../../../Engine/Content/EngineMaterials/Substrate/Glints2/dict_0005_0185.uasset" 9660
"../../../Engine/Content/EngineMaterials/Substrate/Glints2/dict_0005_0188.uasset" 9661
"../../../Engine/Content/EngineMaterials/Substrate/Glints2/dict_0005_0187.uasset" 9662
"../../../Engine/Content/EngineMaterials/Substrate/Glints2/dict_0005_0189.uasset" 9663
"/Engine/EngineMaterials/Substrate/Glints2/dict_0005_0182" 9664
"../../../Engine/Content/EngineMaterials/Substrate/Glints2/dict_0005_0186.uasset" 9665
"../../../Engine/Content/EngineMaterials/Substrate/Glints2/dict_0005_0183.uasset" 9666
"../../../Engine/Content/EngineMaterials/Substrate/Glints2/dict_0005_0184.uasset" 9667
"../../../Engine/Content/EngineMaterials/Substrate/Glints2/dict_0005_0192.uasset" 9668
"../../../Engine/Content/EngineMaterials/Substrate/Glints2/dict_0005_0191.uasset" 9669
"../../../Engine/Content/EngineMaterials/Substrate/Glints2/dict_0005_0194.uasset" 9670
"../../../Engine/Content/EngineMaterials/Substrate/Glints2/dict_0005_0193.uasset" 9671
"/Engine/EngineMaterials/Substrate/Glints2/dict_0005_0181" 9672
"/Engine/EngineMaterials/Substrate/Glints2/dict_0005_0180" 9673
"/Engine/EngineMaterials/Substrate/Glints2/dict_0005_0179" 9674
"/Engine/EngineMaterials/Substrate/Glints2/dict_0005_0178" 9675
"/Engine/EngineMaterials/Substrate/Glints2/dict_0005_0177" 9676
"/Engine/EngineMaterials/Substrate/Glints2/dict_0005_0176" 9677
"/Engine/EngineMaterials/Substrate/Glints2/dict_0005_0175" 9678
"/Engine/EngineMaterials/Substrate/Glints2/dict_0005_0174" 9679
"/Engine/EngineMaterials/Substrate/Glints2/dict_0005_0173" 9680
"/Engine/EngineMaterials/Substrate/Glints2/dict_0005_0172" 9681
"/Engine/EngineMaterials/Substrate/Glints2/dict_0005_0171" 9682
"/Engine/EngineMaterials/Substrate/Glints2/dict_0005_0170" 9683
"/Engine/EngineMaterials/Substrate/Glints2/dict_0005_0169" 9684
"/Engine/EngineMaterials/Substrate/Glints2/dict_0005_0168" 9685
"/Engine/EngineMaterials/Substrate/Glints2/dict_0005_0167" 9686
"/Engine/EngineMaterials/Substrate/Glints2/dict_0005_0166" 9687
"/Engine/EngineMaterials/Substrate/Glints2/dict_0005_0165" 9688
"/Engine/EngineMaterials/Substrate/Glints2/dict_0005_0164" 9689
"/Engine/EngineMaterials/Substrate/Glints2/dict_0005_0163" 9690
"../../../Engine/Content/EngineMaterials/Substrate/Glints2/dict_0005_0195.uasset" 9691
"../../../Engine/Content/EngineMaterials/Substrate/Glints2/dict_0005_0200.uasset" 9692
"../../../Engine/Content/EngineMaterials/Substrate/Glints2/dict_0005_0201.uasset" 9693
"/Engine/EngineMaterials/Substrate/Glints2/dict_0005_0194" 9694
"../../../Engine/Content/EngineMaterials/Substrate/Glints2/dict_0005_0199.uasset" 9695
"../../../Engine/Content/EngineMaterials/Substrate/Glints2/dict_0005_0196.uasset" 9696
"../../../Engine/Content/EngineMaterials/Substrate/Glints2/dict_0005_0198.uasset" 9697
"../../../Engine/Content/EngineMaterials/Substrate/Glints2/dict_0005_0197.uasset" 9698
"../../../Engine/Content/EngineMaterials/Substrate/Glints2/dict_0005_0203.uasset" 9699
"../../../Engine/Content/EngineMaterials/Substrate/Glints2/dict_0005_0204.uasset" 9700
"../../../Engine/Content/EngineMaterials/Substrate/Glints2/dict_0005_0202.uasset" 9701
"../../../Engine/Content/EngineMaterials/Substrate/Glints2/dict_0005_0205.uasset" 9702
"../../../Engine/Content/EngineMaterials/Substrate/Glints2/dict_0005_0206.uasset" 9703
"../../../Engine/Content/EngineMaterials/Substrate/Glints2/dict_0005_0207.uasset" 9704
"../../../Engine/Content/EngineMaterials/Substrate/Glints2/dict_0005_0208.uasset" 9705
"../../../Engine/Content/EngineMaterials/Substrate/Glints2/dict_0005_0209.uasset" 9706
"../../../Engine/Content/EngineMaterials/Substrate/Glints2/dict_0005_0210.uasset" 9707
"../../../Engine/Content/EngineMaterials/Substrate/Glints2/dict_0005_0214.uasset" 9708
"../../../Engine/Content/EngineMaterials/Substrate/Glints2/dict_0005_0211.uasset" 9709
"../../../Engine/Content/EngineMaterials/Substrate/Glints2/dict_0005_0213.uasset" 9710
"/Engine/EngineMaterials/Substrate/Glints2/dict_0005_0193" 9711
"../../../Engine/Content/EngineMaterials/Substrate/Glints2/dict_0005_0212.uasset" 9712
"/Engine/EngineMaterials/Substrate/Glints2/dict_0005_0192" 9713
"/Engine/EngineMaterials/Substrate/Glints2/dict_0005_0191" 9714
"/Engine/EngineMaterials/Substrate/Glints2/dict_0005_0190" 9715
"/Engine/EngineMaterials/Substrate/Glints2/dict_0005_0189" 9716
"/Engine/EngineMaterials/Substrate/Glints2/dict_0005_0188" 9717
"/Engine/EngineMaterials/Substrate/Glints2/dict_0005_0187" 9718
"/Engine/EngineMaterials/Substrate/Glints2/dict_0005_0186" 9719
"/Engine/EngineMaterials/Substrate/Glints2/dict_0005_0185" 9720
"/Engine/EngineMaterials/Substrate/Glints2/dict_0005_0184" 9721
"/Engine/EngineMaterials/Substrate/Glints2/dict_0005_0183" 9722
"../../../Engine/Content/EngineMaterials/Substrate/Glints2/dict_0005_0221.uasset" 9723
"../../../Engine/Content/EngineMaterials/Substrate/Glints2/dict_0005_0223.uasset" 9724
"../../../Engine/Content/EngineMaterials/Substrate/Glints2/dict_0005_0224.uasset" 9725
"../../../Engine/Content/EngineMaterials/Substrate/Glints2/dict_0005_0216.uasset" 9726
"../../../Engine/Content/EngineMaterials/Substrate/Glints2/dict_0005_0222.uasset" 9727
"../../../Engine/Content/EngineMaterials/Substrate/Glints2/dict_0005_0219.uasset" 9728
"../../../Engine/Content/EngineMaterials/Substrate/Glints2/dict_0005_0220.uasset" 9729
"../../../Engine/Content/EngineMaterials/Substrate/Glints2/dict_0005_0218.uasset" 9730
"../../../Engine/Content/EngineMaterials/Substrate/Glints2/dict_0005_0217.uasset" 9731
"/Engine/EngineMaterials/Substrate/Glints2/dict_0005_0214" 9732
"../../../Engine/Content/EngineMaterials/Substrate/Glints2/dict_0005_0215.uasset" 9733
"../../../Engine/Content/EngineMaterials/Substrate/Glints2/dict_0005_0226.uasset" 9734
"../../../Engine/Content/EngineMaterials/Substrate/Glints2/dict_0005_0225.uasset" 9735
"/Engine/EngineMaterials/Substrate/Glints2/dict_0005_0213" 9736
"/Engine/EngineMaterials/Substrate/Glints2/dict_0005_0212" 9737
"/Engine/EngineMaterials/Substrate/Glints2/dict_0005_0211" 9738
"/Engine/EngineMaterials/Substrate/Glints2/dict_0005_0210" 9739
"/Engine/EngineMaterials/Substrate/Glints2/dict_0005_0209" 9740
"/Engine/EngineMaterials/Substrate/Glints2/dict_0005_0208" 9741
"/Engine/EngineMaterials/Substrate/Glints2/dict_0005_0207" 9742
"/Engine/EngineMaterials/Substrate/Glints2/dict_0005_0206" 9743
"/Engine/EngineMaterials/Substrate/Glints2/dict_0005_0205" 9744
"/Engine/EngineMaterials/Substrate/Glints2/dict_0005_0204" 9745
"/Engine/EngineMaterials/Substrate/Glints2/dict_0005_0203" 9746
"/Engine/EngineMaterials/Substrate/Glints2/dict_0005_0202" 9747
"/Engine/EngineMaterials/Substrate/Glints2/dict_0005_0201" 9748
"/Engine/EngineMaterials/Substrate/Glints2/dict_0005_0200" 9749
"/Engine/EngineMaterials/Substrate/Glints2/dict_0005_0199" 9750
"/Engine/EngineMaterials/Substrate/Glints2/dict_0005_0198" 9751
"/Engine/EngineMaterials/Substrate/Glints2/dict_0005_0197" 9752
"/Engine/EngineMaterials/Substrate/Glints2/dict_0005_0196" 9753
"/Engine/EngineMaterials/Substrate/Glints2/dict_0005_0195" 9754
"../../../Engine/Content/EngineMaterials/Substrate/Glints2/dict_0005_0234.uasset" 9755
"../../../Engine/Content/EngineMaterials/Substrate/Glints2/dict_0005_0235.uasset" 9756
"../../../Engine/Content/EngineMaterials/Substrate/Glints2/dict_0005_0236.uasset" 9757
"../../../Engine/Content/EngineMaterials/Substrate/Glints2/dict_0005_0227.uasset" 9758
"/Engine/EngineMaterials/Substrate/Glints2/dict_0005_0226" 9759
"../../../Engine/Content/EngineMaterials/Substrate/Glints2/dict_0005_0228.uasset" 9760
"../../../Engine/Content/EngineMaterials/Substrate/Glints2/dict_0005_0229.uasset" 9761
"../../../Engine/Content/EngineMaterials/Substrate/Glints2/dict_0005_0232.uasset" 9762
"../../../Engine/Content/EngineMaterials/Substrate/Glints2/dict_0005_0233.uasset" 9763
"../../../Engine/Content/EngineMaterials/Substrate/Glints2/dict_0005_0231.uasset" 9764
"../../../Engine/Content/EngineMaterials/Substrate/Glints2/dict_0005_0230.uasset" 9765
"../../../Engine/Content/EngineMaterials/Substrate/Glints2/dict_0005_0237.uasset" 9766
"../../../Engine/Content/EngineMaterials/Substrate/Glints2/dict_0005_0238.uasset" 9767
"../../../Engine/Content/EngineMaterials/Substrate/Glints2/dict_0005_0239.uasset" 9768
"../../../Engine/Content/EngineMaterials/Substrate/Glints2/dict_0005_0241.uasset" 9769
"../../../Engine/Content/EngineMaterials/Substrate/Glints2/dict_0005_0242.uasset" 9770
"../../../Engine/Content/EngineMaterials/Substrate/Glints2/dict_0005_0243.uasset" 9771
"../../../Engine/Content/EngineMaterials/Substrate/Glints2/dict_0005_0245.uasset" 9772
"../../../Engine/Content/EngineMaterials/Substrate/Glints2/dict_0005_0244.uasset" 9773
"/Engine/EngineMaterials/Substrate/Glints2/dict_0005_0225" 9774
"../../../Engine/Content/EngineMaterials/Substrate/Glints2/dict_0005_0246.uasset" 9775
"../../../Engine/Content/EngineMaterials/Substrate/Glints2/dict_0005_0240.uasset" 9776
"/Engine/EngineMaterials/Substrate/Glints2/dict_0005_0224" 9777
"/Engine/EngineMaterials/Substrate/Glints2/dict_0005_0223" 9778
"/Engine/EngineMaterials/Substrate/Glints2/dict_0005_0222" 9779
"/Engine/EngineMaterials/Substrate/Glints2/dict_0005_0221" 9780
"/Engine/EngineMaterials/Substrate/Glints2/dict_0005_0220" 9781
"/Engine/EngineMaterials/Substrate/Glints2/dict_0005_0219" 9782
"/Engine/EngineMaterials/Substrate/Glints2/dict_0005_0218" 9783
"/Engine/EngineMaterials/Substrate/Glints2/dict_0005_0217" 9784
"/Engine/EngineMaterials/Substrate/Glints2/dict_0005_0216" 9785
"/Engine/EngineMaterials/Substrate/Glints2/dict_0005_0215" 9786
"../../../Engine/Content/EngineMaterials/Substrate/Glints2/dict_0005_0251.uasset" 9787
"../../../Engine/Content/EngineMaterials/Substrate/Glints2/dict_0005_0252.uasset" 9788
"../../../Engine/Content/EngineMaterials/Substrate/Glints2/dict_0005_0253.uasset" 9789
"../../../Engine/Content/EngineMaterials/Substrate/Glints2/dict_0005_0250.uasset" 9790
"../../../Engine/Content/EngineMaterials/Substrate/Glints2/dict_0005_0254.uasset" 9791
"../../../Engine/Content/EngineMaterials/Substrate/Glints2/dict_0005_0249.uasset" 9792
"../../../Engine/Content/EngineMaterials/Substrate/Glints2/dict_0005_0248.uasset" 9793
"/Engine/EngineMaterials/Substrate/Glints2/dict_0005_0246" 9794
"../../../Engine/Content/EngineMaterials/Substrate/Glints2/dict_0006_0000.uasset" 9795
"../../../Engine/Content/EngineMaterials/Substrate/Glints2/dict_0005_0247.uasset" 9796
"../../../Engine/Content/EngineMaterials/Substrate/Glints2/dict_0005_0255.uasset" 9797
"../../../Engine/Content/EngineMaterials/Substrate/Glints2/dict_0006_0002.uasset" 9798
"../../../Engine/Content/EngineMaterials/Substrate/Glints2/dict_0006_0001.uasset" 9799
"/Engine/EngineMaterials/Substrate/Glints2/dict_0005_0245" 9800
"/Engine/EngineMaterials/Substrate/Glints2/dict_0005_0244" 9801
"/Engine/EngineMaterials/Substrate/Glints2/dict_0005_0243" 9802
"/Engine/EngineMaterials/Substrate/Glints2/dict_0005_0242" 9803
"/Engine/EngineMaterials/Substrate/Glints2/dict_0005_0241" 9804
"/Engine/EngineMaterials/Substrate/Glints2/dict_0005_0240" 9805
"/Engine/EngineMaterials/Substrate/Glints2/dict_0005_0239" 9806
"/Engine/EngineMaterials/Substrate/Glints2/dict_0005_0238" 9807
"/Engine/EngineMaterials/Substrate/Glints2/dict_0005_0237" 9808
"/Engine/EngineMaterials/Substrate/Glints2/dict_0005_0236" 9809
"/Engine/EngineMaterials/Substrate/Glints2/dict_0005_0235" 9810
"/Engine/EngineMaterials/Substrate/Glints2/dict_0005_0234" 9811
"/Engine/EngineMaterials/Substrate/Glints2/dict_0005_0233" 9812
"/Engine/EngineMaterials/Substrate/Glints2/dict_0005_0232" 9813
"/Engine/EngineMaterials/Substrate/Glints2/dict_0005_0231" 9814
"/Engine/EngineMaterials/Substrate/Glints2/dict_0005_0230" 9815
"/Engine/EngineMaterials/Substrate/Glints2/dict_0005_0229" 9816
"/Engine/EngineMaterials/Substrate/Glints2/dict_0005_0228" 9817
"/Engine/EngineMaterials/Substrate/Glints2/dict_0005_0227" 9818
"../../../Engine/Content/EngineMaterials/Substrate/Glints2/dict_0006_0006.uasset" 9819
"/Engine/EngineMaterials/Substrate/Glints2/dict_0006_0002" 9820
"../../../Engine/Content/EngineMaterials/Substrate/Glints2/dict_0006_0004.uasset" 9821
"../../../Engine/Content/EngineMaterials/Substrate/Glints2/dict_0006_0005.uasset" 9822
"../../../Engine/Content/EngineMaterials/Substrate/Glints2/dict_0006_0007.uasset" 9823
"../../../Engine/Content/EngineMaterials/Substrate/Glints2/dict_0006_0008.uasset" 9824
"../../../Engine/Content/EngineMaterials/Substrate/Glints2/dict_0006_0009.uasset" 9825
"../../../Engine/Content/EngineMaterials/Substrate/Glints2/dict_0006_0010.uasset" 9826
"../../../Engine/Content/EngineMaterials/Substrate/Glints2/dict_0006_0012.uasset" 9827
"../../../Engine/Content/EngineMaterials/Substrate/Glints2/dict_0006_0011.uasset" 9828
"../../../Engine/Content/EngineMaterials/Substrate/Glints2/dict_0006_0003.uasset" 9829
"../../../Engine/Content/EngineMaterials/Substrate/Glints2/dict_0006_0013.uasset" 9830
"../../../Engine/Content/EngineMaterials/Substrate/Glints2/dict_0006_0014.uasset" 9831
"../../../Engine/Content/EngineMaterials/Substrate/Glints2/dict_0006_0016.uasset" 9832
"../../../Engine/Content/EngineMaterials/Substrate/Glints2/dict_0006_0015.uasset" 9833
"../../../Engine/Content/EngineMaterials/Substrate/Glints2/dict_0006_0017.uasset" 9834
"../../../Engine/Content/EngineMaterials/Substrate/Glints2/dict_0006_0019.uasset" 9835
"/Engine/EngineMaterials/Substrate/Glints2/dict_0006_0001" 9836
"../../../Engine/Content/EngineMaterials/Substrate/Glints2/dict_0006_0021.uasset" 9837
"../../../Engine/Content/EngineMaterials/Substrate/Glints2/dict_0006_0018.uasset" 9838
"../../../Engine/Content/EngineMaterials/Substrate/Glints2/dict_0006_0020.uasset" 9839
"../../../Engine/Content/EngineMaterials/Substrate/Glints2/dict_0006_0022.uasset" 9840
"/Engine/EngineMaterials/Substrate/Glints2/dict_0006_0000" 9841
"/Engine/EngineMaterials/Substrate/Glints2/dict_0005_0255" 9842
"/Engine/EngineMaterials/Substrate/Glints2/dict_0005_0254" 9843
"/Engine/EngineMaterials/Substrate/Glints2/dict_0005_0253" 9844
"/Engine/EngineMaterials/Substrate/Glints2/dict_0005_0252" 9845
"/Engine/EngineMaterials/Substrate/Glints2/dict_0005_0251" 9846
"/Engine/EngineMaterials/Substrate/Glints2/dict_0005_0250" 9847
"/Engine/EngineMaterials/Substrate/Glints2/dict_0005_0249" 9848
"/Engine/EngineMaterials/Substrate/Glints2/dict_0005_0248" 9849
"/Engine/EngineMaterials/Substrate/Glints2/dict_0005_0247" 9850
"../../../Engine/Content/EngineMaterials/Substrate/Glints2/dict_0006_0029.uasset" 9851
"/Engine/EngineMaterials/Substrate/Glints2/dict_0006_0022" 9852
"../../../Engine/Content/EngineMaterials/Substrate/Glints2/dict_0006_0030.uasset" 9853
"../../../Engine/Content/EngineMaterials/Substrate/Glints2/dict_0006_0023.uasset" 9854
"../../../Engine/Content/EngineMaterials/Substrate/Glints2/dict_0006_0025.uasset" 9855
"../../../Engine/Content/EngineMaterials/Substrate/Glints2/dict_0006_0028.uasset" 9856
"../../../Engine/Content/EngineMaterials/Substrate/Glints2/dict_0006_0031.uasset" 9857
"../../../Engine/Content/EngineMaterials/Substrate/Glints2/dict_0006_0027.uasset" 9858
"../../../Engine/Content/EngineMaterials/Substrate/Glints2/dict_0006_0033.uasset" 9859
"../../../Engine/Content/EngineMaterials/Substrate/Glints2/dict_0006_0032.uasset" 9860
"../../../Engine/Content/EngineMaterials/Substrate/Glints2/dict_0006_0026.uasset" 9861
"../../../Engine/Content/EngineMaterials/Substrate/Glints2/dict_0006_0024.uasset" 9862
"../../../Engine/Content/EngineMaterials/Substrate/Glints2/dict_0006_0034.uasset" 9863
"/Engine/EngineMaterials/Substrate/Glints2/dict_0006_0021" 9864
"/Engine/EngineMaterials/Substrate/Glints2/dict_0006_0020" 9865
"/Engine/EngineMaterials/Substrate/Glints2/dict_0006_0019" 9866
"/Engine/EngineMaterials/Substrate/Glints2/dict_0006_0018" 9867
"/Engine/EngineMaterials/Substrate/Glints2/dict_0006_0017" 9868
"/Engine/EngineMaterials/Substrate/Glints2/dict_0006_0016" 9869
"/Engine/EngineMaterials/Substrate/Glints2/dict_0006_0015" 9870
"/Engine/EngineMaterials/Substrate/Glints2/dict_0006_0014" 9871
"/Engine/EngineMaterials/Substrate/Glints2/dict_0006_0013" 9872
"/Engine/EngineMaterials/Substrate/Glints2/dict_0006_0012" 9873
"/Engine/EngineMaterials/Substrate/Glints2/dict_0006_0011" 9874
"/Engine/EngineMaterials/Substrate/Glints2/dict_0006_0010" 9875
"/Engine/EngineMaterials/Substrate/Glints2/dict_0006_0009" 9876
"/Engine/EngineMaterials/Substrate/Glints2/dict_0006_0008" 9877
"/Engine/EngineMaterials/Substrate/Glints2/dict_0006_0007" 9878
"/Engine/EngineMaterials/Substrate/Glints2/dict_0006_0006" 9879
"/Engine/EngineMaterials/Substrate/Glints2/dict_0006_0005" 9880
"/Engine/EngineMaterials/Substrate/Glints2/dict_0006_0004" 9881
"/Engine/EngineMaterials/Substrate/Glints2/dict_0006_0003" 9882
"../../../Engine/Content/EngineMaterials/Substrate/Glints2/dict_0006_0043.uasset" 9883
"../../../Engine/Content/EngineMaterials/Substrate/Glints2/dict_0006_0041.uasset" 9884
"../../../Engine/Content/EngineMaterials/Substrate/Glints2/dict_0006_0039.uasset" 9885
"../../../Engine/Content/EngineMaterials/Substrate/Glints2/dict_0006_0042.uasset" 9886
"../../../Engine/Content/EngineMaterials/Substrate/Glints2/dict_0006_0036.uasset" 9887
"../../../Engine/Content/EngineMaterials/Substrate/Glints2/dict_0006_0044.uasset" 9888
"../../../Engine/Content/EngineMaterials/Substrate/Glints2/dict_0006_0040.uasset" 9889
"../../../Engine/Content/EngineMaterials/Substrate/Glints2/dict_0006_0035.uasset" 9890
"/Engine/EngineMaterials/Substrate/Glints2/dict_0006_0034" 9891
"../../../Engine/Content/EngineMaterials/Substrate/Glints2/dict_0006_0038.uasset" 9892
"../../../Engine/Content/EngineMaterials/Substrate/Glints2/dict_0006_0037.uasset" 9893
"../../../Engine/Content/EngineMaterials/Substrate/Glints2/dict_0006_0045.uasset" 9894
"../../../Engine/Content/EngineMaterials/Substrate/Glints2/dict_0006_0046.uasset" 9895
"../../../Engine/Content/EngineMaterials/Substrate/Glints2/dict_0006_0048.uasset" 9896
"../../../Engine/Content/EngineMaterials/Substrate/Glints2/dict_0006_0049.uasset" 9897
"../../../Engine/Content/EngineMaterials/Substrate/Glints2/dict_0006_0047.uasset" 9898
"../../../Engine/Content/EngineMaterials/Substrate/Glints2/dict_0006_0050.uasset" 9899
"../../../Engine/Content/EngineMaterials/Substrate/Glints2/dict_0006_0051.uasset" 9900
"../../../Engine/Content/EngineMaterials/Substrate/Glints2/dict_0006_0052.uasset" 9901
"../../../Engine/Content/EngineMaterials/Substrate/Glints2/dict_0006_0053.uasset" 9902
"../../../Engine/Content/EngineMaterials/Substrate/Glints2/dict_0006_0054.uasset" 9903
"/Engine/EngineMaterials/Substrate/Glints2/dict_0006_0033" 9904
"/Engine/EngineMaterials/Substrate/Glints2/dict_0006_0032" 9905
"/Engine/EngineMaterials/Substrate/Glints2/dict_0006_0031" 9906
"/Engine/EngineMaterials/Substrate/Glints2/dict_0006_0030" 9907
"/Engine/EngineMaterials/Substrate/Glints2/dict_0006_0029" 9908
"/Engine/EngineMaterials/Substrate/Glints2/dict_0006_0028" 9909
"/Engine/EngineMaterials/Substrate/Glints2/dict_0006_0027" 9910
"/Engine/EngineMaterials/Substrate/Glints2/dict_0006_0026" 9911
"/Engine/EngineMaterials/Substrate/Glints2/dict_0006_0025" 9912
"/Engine/EngineMaterials/Substrate/Glints2/dict_0006_0024" 9913
"/Engine/EngineMaterials/Substrate/Glints2/dict_0006_0023" 9914
"../../../Engine/Content/EngineMaterials/Substrate/Glints2/dict_0006_0064.uasset" 9915
"../../../Engine/Content/EngineMaterials/Substrate/Glints2/dict_0006_0056.uasset" 9916
"../../../Engine/Content/EngineMaterials/Substrate/Glints2/dict_0006_0057.uasset" 9917
"/Engine/EngineMaterials/Substrate/Glints2/dict_0006_0054" 9918
"../../../Engine/Content/EngineMaterials/Substrate/Glints2/dict_0006_0061.uasset" 9919
"../../../Engine/Content/EngineMaterials/Substrate/Glints2/dict_0006_0063.uasset" 9920
"../../../Engine/Content/EngineMaterials/Substrate/Glints2/dict_0006_0060.uasset" 9921
"../../../Engine/Content/EngineMaterials/Substrate/Glints2/dict_0006_0059.uasset" 9922
"../../../Engine/Content/EngineMaterials/Substrate/Glints2/dict_0006_0058.uasset" 9923
"../../../Engine/Content/EngineMaterials/Substrate/Glints2/dict_0006_0062.uasset" 9924
"../../../Engine/Content/EngineMaterials/Substrate/Glints2/dict_0006_0055.uasset" 9925
"../../../Engine/Content/EngineMaterials/Substrate/Glints2/dict_0006_0065.uasset" 9926
"../../../Engine/Content/EngineMaterials/Substrate/Glints2/dict_0006_0066.uasset" 9927
"/Engine/EngineMaterials/Substrate/Glints2/dict_0006_0053" 9928
"/Engine/EngineMaterials/Substrate/Glints2/dict_0006_0052" 9929
"/Engine/EngineMaterials/Substrate/Glints2/dict_0006_0051" 9930
"/Engine/EngineMaterials/Substrate/Glints2/dict_0006_0050" 9931
"/Engine/EngineMaterials/Substrate/Glints2/dict_0006_0049" 9932
"/Engine/EngineMaterials/Substrate/Glints2/dict_0006_0048" 9933
"/Engine/EngineMaterials/Substrate/Glints2/dict_0006_0047" 9934
"/Engine/EngineMaterials/Substrate/Glints2/dict_0006_0046" 9935
"/Engine/EngineMaterials/Substrate/Glints2/dict_0006_0045" 9936
"/Engine/EngineMaterials/Substrate/Glints2/dict_0006_0044" 9937
"/Engine/EngineMaterials/Substrate/Glints2/dict_0006_0043" 9938
"/Engine/EngineMaterials/Substrate/Glints2/dict_0006_0042" 9939
"/Engine/EngineMaterials/Substrate/Glints2/dict_0006_0041" 9940
"/Engine/EngineMaterials/Substrate/Glints2/dict_0006_0040" 9941
"/Engine/EngineMaterials/Substrate/Glints2/dict_0006_0039" 9942
"/Engine/EngineMaterials/Substrate/Glints2/dict_0006_0038" 9943
"/Engine/EngineMaterials/Substrate/Glints2/dict_0006_0037" 9944
"/Engine/EngineMaterials/Substrate/Glints2/dict_0006_0036" 9945
"/Engine/EngineMaterials/Substrate/Glints2/dict_0006_0035" 9946
"../../../Engine/Content/EngineMaterials/Substrate/Glints2/dict_0006_0075.uasset" 9947
"../../../Engine/Content/EngineMaterials/Substrate/Glints2/dict_0006_0073.uasset" 9948
"../../../Engine/Content/EngineMaterials/Substrate/Glints2/dict_0006_0076.uasset" 9949
"../../../Engine/Content/EngineMaterials/Substrate/Glints2/dict_0006_0072.uasset" 9950
"/Engine/EngineMaterials/Substrate/Glints2/dict_0006_0066" 9951
"../../../Engine/Content/EngineMaterials/Substrate/Glints2/dict_0006_0067.uasset" 9952
"../../../Engine/Content/EngineMaterials/Substrate/Glints2/dict_0006_0071.uasset" 9953
"../../../Engine/Content/EngineMaterials/Substrate/Glints2/dict_0006_0074.uasset" 9954
"../../../Engine/Content/EngineMaterials/Substrate/Glints2/dict_0006_0068.uasset" 9955
"../../../Engine/Content/EngineMaterials/Substrate/Glints2/dict_0006_0070.uasset" 9956
"../../../Engine/Content/EngineMaterials/Substrate/Glints2/dict_0006_0069.uasset" 9957
"../../../Engine/Content/EngineMaterials/Substrate/Glints2/dict_0006_0077.uasset" 9958
"/Engine/EngineMaterials/Substrate/Glints2/dict_0006_0065" 9959
"../../../Engine/Content/EngineMaterials/Substrate/Glints2/dict_0006_0079.uasset" 9960
"../../../Engine/Content/EngineMaterials/Substrate/Glints2/dict_0006_0078.uasset" 9961
"../../../Engine/Content/EngineMaterials/Substrate/Glints2/dict_0006_0082.uasset" 9962
"../../../Engine/Content/EngineMaterials/Substrate/Glints2/dict_0006_0083.uasset" 9963
"../../../Engine/Content/EngineMaterials/Substrate/Glints2/dict_0006_0084.uasset" 9964
"../../../Engine/Content/EngineMaterials/Substrate/Glints2/dict_0006_0081.uasset" 9965
"../../../Engine/Content/EngineMaterials/Substrate/Glints2/dict_0006_0085.uasset" 9966
"../../../Engine/Content/EngineMaterials/Substrate/Glints2/dict_0006_0086.uasset" 9967
"/Engine/EngineMaterials/Substrate/Glints2/dict_0006_0064" 9968
"../../../Engine/Content/EngineMaterials/Substrate/Glints2/dict_0006_0080.uasset" 9969
"/Engine/EngineMaterials/Substrate/Glints2/dict_0006_0063" 9970
"/Engine/EngineMaterials/Substrate/Glints2/dict_0006_0062" 9971
"/Engine/EngineMaterials/Substrate/Glints2/dict_0006_0061" 9972
"/Engine/EngineMaterials/Substrate/Glints2/dict_0006_0060" 9973
"/Engine/EngineMaterials/Substrate/Glints2/dict_0006_0059" 9974
"/Engine/EngineMaterials/Substrate/Glints2/dict_0006_0058" 9975
"/Engine/EngineMaterials/Substrate/Glints2/dict_0006_0057" 9976
"/Engine/EngineMaterials/Substrate/Glints2/dict_0006_0056" 9977
"/Engine/EngineMaterials/Substrate/Glints2/dict_0006_0055" 9978
"../../../Engine/Content/EngineMaterials/Substrate/Glints2/dict_0006_0087.uasset" 9979
"../../../Engine/Content/EngineMaterials/Substrate/Glints2/dict_0006_0089.uasset" 9980
"../../../Engine/Content/EngineMaterials/Substrate/Glints2/dict_0006_0090.uasset" 9981
"../../../Engine/Content/EngineMaterials/Substrate/Glints2/dict_0006_0096.uasset" 9982
"../../../Engine/Content/EngineMaterials/Substrate/Glints2/dict_0006_0094.uasset" 9983
"../../../Engine/Content/EngineMaterials/Substrate/Glints2/dict_0006_0088.uasset" 9984
"../../../Engine/Content/EngineMaterials/Substrate/Glints2/dict_0006_0091.uasset" 9985
"../../../Engine/Content/EngineMaterials/Substrate/Glints2/dict_0006_0093.uasset" 9986
"../../../Engine/Content/EngineMaterials/Substrate/Glints2/dict_0006_0095.uasset" 9987
"../../../Engine/Content/EngineMaterials/Substrate/Glints2/dict_0006_0092.uasset" 9988
"/Engine/EngineMaterials/Substrate/Glints2/dict_0006_0086" 9989
"../../../Engine/Content/EngineMaterials/Substrate/Glints2/dict_0006_0097.uasset" 9990
"../../../Engine/Content/EngineMaterials/Substrate/Glints2/dict_0006_0098.uasset" 9991
"/Engine/EngineMaterials/Substrate/Glints2/dict_0006_0085" 9992
"/Engine/EngineMaterials/Substrate/Glints2/dict_0006_0084" 9993
"/Engine/EngineMaterials/Substrate/Glints2/dict_0006_0083" 9994
"/Engine/EngineMaterials/Substrate/Glints2/dict_0006_0082" 9995
"/Engine/EngineMaterials/Substrate/Glints2/dict_0006_0081" 9996
"/Engine/EngineMaterials/Substrate/Glints2/dict_0006_0080" 9997
"/Engine/EngineMaterials/Substrate/Glints2/dict_0006_0079" 9998
"/Engine/EngineMaterials/Substrate/Glints2/dict_0006_0078" 9999
"/Engine/EngineMaterials/Substrate/Glints2/dict_0006_0077" 10000
"/Engine/EngineMaterials/Substrate/Glints2/dict_0006_0076" 10001
"/Engine/EngineMaterials/Substrate/Glints2/dict_0006_0075" 10002
"/Engine/EngineMaterials/Substrate/Glints2/dict_0006_0074" 10003
"/Engine/EngineMaterials/Substrate/Glints2/dict_0006_0073" 10004
"/Engine/EngineMaterials/Substrate/Glints2/dict_0006_0072" 10005
"/Engine/EngineMaterials/Substrate/Glints2/dict_0006_0071" 10006
"/Engine/EngineMaterials/Substrate/Glints2/dict_0006_0070" 10007
"/Engine/EngineMaterials/Substrate/Glints2/dict_0006_0069" 10008
"/Engine/EngineMaterials/Substrate/Glints2/dict_0006_0068" 10009
"/Engine/EngineMaterials/Substrate/Glints2/dict_0006_0067" 10010
"../../../Engine/Content/EngineMaterials/Substrate/Glints2/dict_0006_0103.uasset" 10011
"../../../Engine/Content/EngineMaterials/Substrate/Glints2/dict_0006_0102.uasset" 10012
"../../../Engine/Content/EngineMaterials/Substrate/Glints2/dict_0006_0105.uasset" 10013
"../../../Engine/Content/EngineMaterials/Substrate/Glints2/dict_0006_0101.uasset" 10014
"../../../Engine/Content/EngineMaterials/Substrate/Glints2/dict_0006_0107.uasset" 10015
"/Engine/EngineMaterials/Substrate/Glints2/dict_0006_0098" 10016
"../../../Engine/Content/EngineMaterials/Substrate/Glints2/dict_0006_0100.uasset" 10017
"../../../Engine/Content/EngineMaterials/Substrate/Glints2/dict_0006_0106.uasset" 10018
"../../../Engine/Content/EngineMaterials/Substrate/Glints2/dict_0006_0108.uasset" 10019
"../../../Engine/Content/EngineMaterials/Substrate/Glints2/dict_0006_0104.uasset" 10020
"../../../Engine/Content/EngineMaterials/Substrate/Glints2/dict_0006_0099.uasset" 10021
"../../../Engine/Content/EngineMaterials/Substrate/Glints2/dict_0006_0109.uasset" 10022
"../../../Engine/Content/EngineMaterials/Substrate/Glints2/dict_0006_0110.uasset" 10023
"../../../Engine/Content/EngineMaterials/Substrate/Glints2/dict_0006_0113.uasset" 10024
"../../../Engine/Content/EngineMaterials/Substrate/Glints2/dict_0006_0114.uasset" 10025
"../../../Engine/Content/EngineMaterials/Substrate/Glints2/dict_0006_0111.uasset" 10026
"/Engine/EngineMaterials/Substrate/Glints2/dict_0006_0097" 10027
"../../../Engine/Content/EngineMaterials/Substrate/Glints2/dict_0006_0116.uasset" 10028
"../../../Engine/Content/EngineMaterials/Substrate/Glints2/dict_0006_0112.uasset" 10029
"../../../Engine/Content/EngineMaterials/Substrate/Glints2/dict_0006_0115.uasset" 10030
"../../../Engine/Content/EngineMaterials/Substrate/Glints2/dict_0006_0117.uasset" 10031
"../../../Engine/Content/EngineMaterials/Substrate/Glints2/dict_0006_0118.uasset" 10032
"/Engine/EngineMaterials/Substrate/Glints2/dict_0006_0096" 10033
"/Engine/EngineMaterials/Substrate/Glints2/dict_0006_0095" 10034
"/Engine/EngineMaterials/Substrate/Glints2/dict_0006_0094" 10035
"/Engine/EngineMaterials/Substrate/Glints2/dict_0006_0093" 10036
"/Engine/EngineMaterials/Substrate/Glints2/dict_0006_0092" 10037
"/Engine/EngineMaterials/Substrate/Glints2/dict_0006_0091" 10038
"/Engine/EngineMaterials/Substrate/Glints2/dict_0006_0090" 10039
"/Engine/EngineMaterials/Substrate/Glints2/dict_0006_0089" 10040
"/Engine/EngineMaterials/Substrate/Glints2/dict_0006_0088" 10041
"/Engine/EngineMaterials/Substrate/Glints2/dict_0006_0087" 10042
"../../../Engine/Content/EngineMaterials/Substrate/Glints2/dict_0006_0128.uasset" 10043
"../../../Engine/Content/EngineMaterials/Substrate/Glints2/dict_0006_0121.uasset" 10044
"../../../Engine/Content/EngineMaterials/Substrate/Glints2/dict_0006_0127.uasset" 10045
"../../../Engine/Content/EngineMaterials/Substrate/Glints2/dict_0006_0120.uasset" 10046
"../../../Engine/Content/EngineMaterials/Substrate/Glints2/dict_0006_0124.uasset" 10047
"../../../Engine/Content/EngineMaterials/Substrate/Glints2/dict_0006_0125.uasset" 10048
"../../../Engine/Content/EngineMaterials/Substrate/Glints2/dict_0006_0126.uasset" 10049
"../../../Engine/Content/EngineMaterials/Substrate/Glints2/dict_0006_0119.uasset" 10050
"../../../Engine/Content/EngineMaterials/Substrate/Glints2/dict_0006_0123.uasset" 10051
"/Engine/EngineMaterials/Substrate/Glints2/dict_0006_0118" 10052
"../../../Engine/Content/EngineMaterials/Substrate/Glints2/dict_0006_0122.uasset" 10053
"../../../Engine/Content/EngineMaterials/Substrate/Glints2/dict_0006_0130.uasset" 10054
"../../../Engine/Content/EngineMaterials/Substrate/Glints2/dict_0006_0129.uasset" 10055
"/Engine/EngineMaterials/Substrate/Glints2/dict_0006_0117" 10056
"/Engine/EngineMaterials/Substrate/Glints2/dict_0006_0116" 10057
"/Engine/EngineMaterials/Substrate/Glints2/dict_0006_0115" 10058
"/Engine/EngineMaterials/Substrate/Glints2/dict_0006_0114" 10059
"/Engine/EngineMaterials/Substrate/Glints2/dict_0006_0113" 10060
"/Engine/EngineMaterials/Substrate/Glints2/dict_0006_0112" 10061
"/Engine/EngineMaterials/Substrate/Glints2/dict_0006_0111" 10062
"/Engine/EngineMaterials/Substrate/Glints2/dict_0006_0110" 10063
"/Engine/EngineMaterials/Substrate/Glints2/dict_0006_0109" 10064
"/Engine/EngineMaterials/Substrate/Glints2/dict_0006_0108" 10065
"/Engine/EngineMaterials/Substrate/Glints2/dict_0006_0107" 10066
"/Engine/EngineMaterials/Substrate/Glints2/dict_0006_0106" 10067
"/Engine/EngineMaterials/Substrate/Glints2/dict_0006_0105" 10068
"/Engine/EngineMaterials/Substrate/Glints2/dict_0006_0104" 10069
"/Engine/EngineMaterials/Substrate/Glints2/dict_0006_0103" 10070
"/Engine/EngineMaterials/Substrate/Glints2/dict_0006_0102" 10071
"/Engine/EngineMaterials/Substrate/Glints2/dict_0006_0101" 10072
"/Engine/EngineMaterials/Substrate/Glints2/dict_0006_0100" 10073
"/Engine/EngineMaterials/Substrate/Glints2/dict_0006_0099" 10074
"../../../Engine/Content/EngineMaterials/Substrate/Glints2/dict_0006_0132.uasset" 10075
"../../../Engine/Content/EngineMaterials/Substrate/Glints2/dict_0006_0134.uasset" 10076
"../../../Engine/Content/EngineMaterials/Substrate/Glints2/dict_0006_0131.uasset" 10077
"../../../Engine/Content/EngineMaterials/Substrate/Glints2/dict_0006_0139.uasset" 10078
"/Engine/EngineMaterials/Substrate/Glints2/dict_0006_0130" 10079
"../../../Engine/Content/EngineMaterials/Substrate/Glints2/dict_0006_0138.uasset" 10080
"../../../Engine/Content/EngineMaterials/Substrate/Glints2/dict_0006_0133.uasset" 10081
"../../../Engine/Content/EngineMaterials/Substrate/Glints2/dict_0006_0137.uasset" 10082
"../../../Engine/Content/EngineMaterials/Substrate/Glints2/dict_0006_0136.uasset" 10083
"../../../Engine/Content/EngineMaterials/Substrate/Glints2/dict_0006_0135.uasset" 10084
"../../../Engine/Content/EngineMaterials/Substrate/Glints2/dict_0006_0140.uasset" 10085
"../../../Engine/Content/EngineMaterials/Substrate/Glints2/dict_0006_0141.uasset" 10086
"../../../Engine/Content/EngineMaterials/Substrate/Glints2/dict_0006_0143.uasset" 10087
"../../../Engine/Content/EngineMaterials/Substrate/Glints2/dict_0006_0146.uasset" 10088
"../../../Engine/Content/EngineMaterials/Substrate/Glints2/dict_0006_0145.uasset" 10089
"../../../Engine/Content/EngineMaterials/Substrate/Glints2/dict_0006_0142.uasset" 10090
"/Engine/EngineMaterials/Substrate/Glints2/dict_0006_0129" 10091
"../../../Engine/Content/EngineMaterials/Substrate/Glints2/dict_0006_0144.uasset" 10092
"../../../Engine/Content/EngineMaterials/Substrate/Glints2/dict_0006_0148.uasset" 10093
"../../../Engine/Content/EngineMaterials/Substrate/Glints2/dict_0006_0147.uasset" 10094
"../../../Engine/Content/EngineMaterials/Substrate/Glints2/dict_0006_0149.uasset" 10095
"../../../Engine/Content/EngineMaterials/Substrate/Glints2/dict_0006_0150.uasset" 10096
"/Engine/EngineMaterials/Substrate/Glints2/dict_0006_0128" 10097
"/Engine/EngineMaterials/Substrate/Glints2/dict_0006_0127" 10098
"/Engine/EngineMaterials/Substrate/Glints2/dict_0006_0126" 10099
"/Engine/EngineMaterials/Substrate/Glints2/dict_0006_0125" 10100
"/Engine/EngineMaterials/Substrate/Glints2/dict_0006_0124" 10101
"/Engine/EngineMaterials/Substrate/Glints2/dict_0006_0123" 10102
"/Engine/EngineMaterials/Substrate/Glints2/dict_0006_0122" 10103
"/Engine/EngineMaterials/Substrate/Glints2/dict_0006_0121" 10104
"/Engine/EngineMaterials/Substrate/Glints2/dict_0006_0120" 10105
"/Engine/EngineMaterials/Substrate/Glints2/dict_0006_0119" 10106
"../../../Engine/Content/EngineMaterials/Substrate/Glints2/dict_0006_0151.uasset" 10107
"../../../Engine/Content/EngineMaterials/Substrate/Glints2/dict_0006_0159.uasset" 10108
"../../../Engine/Content/EngineMaterials/Substrate/Glints2/dict_0006_0152.uasset" 10109
"../../../Engine/Content/EngineMaterials/Substrate/Glints2/dict_0006_0155.uasset" 10110
"/Engine/EngineMaterials/Substrate/Glints2/dict_0006_0150" 10111
"../../../Engine/Content/EngineMaterials/Substrate/Glints2/dict_0006_0156.uasset" 10112
"../../../Engine/Content/EngineMaterials/Substrate/Glints2/dict_0006_0153.uasset" 10113
"../../../Engine/Content/EngineMaterials/Substrate/Glints2/dict_0006_0154.uasset" 10114
"../../../Engine/Content/EngineMaterials/Substrate/Glints2/dict_0006_0157.uasset" 10115
"../../../Engine/Content/EngineMaterials/Substrate/Glints2/dict_0006_0160.uasset" 10116
"../../../Engine/Content/EngineMaterials/Substrate/Glints2/dict_0006_0158.uasset" 10117
"../../../Engine/Content/EngineMaterials/Substrate/Glints2/dict_0006_0162.uasset" 10118
"../../../Engine/Content/EngineMaterials/Substrate/Glints2/dict_0006_0161.uasset" 10119
"/Engine/EngineMaterials/Substrate/Glints2/dict_0006_0149" 10120
"/Engine/EngineMaterials/Substrate/Glints2/dict_0006_0148" 10121
"/Engine/EngineMaterials/Substrate/Glints2/dict_0006_0147" 10122
"/Engine/EngineMaterials/Substrate/Glints2/dict_0006_0146" 10123
"/Engine/EngineMaterials/Substrate/Glints2/dict_0006_0145" 10124
"/Engine/EngineMaterials/Substrate/Glints2/dict_0006_0144" 10125
"/Engine/EngineMaterials/Substrate/Glints2/dict_0006_0143" 10126
"/Engine/EngineMaterials/Substrate/Glints2/dict_0006_0142" 10127
"/Engine/EngineMaterials/Substrate/Glints2/dict_0006_0141" 10128
"/Engine/EngineMaterials/Substrate/Glints2/dict_0006_0140" 10129
"/Engine/EngineMaterials/Substrate/Glints2/dict_0006_0139" 10130
"/Engine/EngineMaterials/Substrate/Glints2/dict_0006_0138" 10131
"/Engine/EngineMaterials/Substrate/Glints2/dict_0006_0137" 10132
"/Engine/EngineMaterials/Substrate/Glints2/dict_0006_0136" 10133
"/Engine/EngineMaterials/Substrate/Glints2/dict_0006_0135" 10134
"/Engine/EngineMaterials/Substrate/Glints2/dict_0006_0134" 10135
"/Engine/EngineMaterials/Substrate/Glints2/dict_0006_0133" 10136
"/Engine/EngineMaterials/Substrate/Glints2/dict_0006_0132" 10137
"/Engine/EngineMaterials/Substrate/Glints2/dict_0006_0131" 10138
"../../../Engine/Content/EngineMaterials/Substrate/Glints2/dict_0006_0170.uasset" 10139
"../../../Engine/Content/EngineMaterials/Substrate/Glints2/dict_0006_0163.uasset" 10140
"../../../Engine/Content/EngineMaterials/Substrate/Glints2/dict_0006_0165.uasset" 10141
"/Engine/EngineMaterials/Substrate/Glints2/dict_0006_0162" 10142
"../../../Engine/Content/EngineMaterials/Substrate/Glints2/dict_0006_0168.uasset" 10143
"../../../Engine/Content/EngineMaterials/Substrate/Glints2/dict_0006_0167.uasset" 10144
"../../../Engine/Content/EngineMaterials/Substrate/Glints2/dict_0006_0171.uasset" 10145
"../../../Engine/Content/EngineMaterials/Substrate/Glints2/dict_0006_0172.uasset" 10146
"../../../Engine/Content/EngineMaterials/Substrate/Glints2/dict_0006_0164.uasset" 10147
"../../../Engine/Content/EngineMaterials/Substrate/Glints2/dict_0006_0166.uasset" 10148
"../../../Engine/Content/EngineMaterials/Substrate/Glints2/dict_0006_0169.uasset" 10149
"../../../Engine/Content/EngineMaterials/Substrate/Glints2/dict_0006_0173.uasset" 10150
"../../../Engine/Content/EngineMaterials/Substrate/Glints2/dict_0006_0174.uasset" 10151
"../../../Engine/Content/EngineMaterials/Substrate/Glints2/dict_0006_0175.uasset" 10152
"../../../Engine/Content/EngineMaterials/Substrate/Glints2/dict_0006_0177.uasset" 10153
"/Engine/EngineMaterials/Substrate/Glints2/dict_0006_0161" 10154
"../../../Engine/Content/EngineMaterials/Substrate/Glints2/dict_0006_0176.uasset" 10155
"../../../Engine/Content/EngineMaterials/Substrate/Glints2/dict_0006_0178.uasset" 10156
"../../../Engine/Content/EngineMaterials/Substrate/Glints2/dict_0006_0180.uasset" 10157
"../../../Engine/Content/EngineMaterials/Substrate/Glints2/dict_0006_0179.uasset" 10158
"../../../Engine/Content/EngineMaterials/Substrate/Glints2/dict_0006_0182.uasset" 10159
"../../../Engine/Content/EngineMaterials/Substrate/Glints2/dict_0006_0181.uasset" 10160
"/Engine/EngineMaterials/Substrate/Glints2/dict_0006_0160" 10161
"/Engine/EngineMaterials/Substrate/Glints2/dict_0006_0159" 10162
"/Engine/EngineMaterials/Substrate/Glints2/dict_0006_0158" 10163
"/Engine/EngineMaterials/Substrate/Glints2/dict_0006_0157" 10164
"/Engine/EngineMaterials/Substrate/Glints2/dict_0006_0156" 10165
"/Engine/EngineMaterials/Substrate/Glints2/dict_0006_0155" 10166
"/Engine/EngineMaterials/Substrate/Glints2/dict_0006_0154" 10167
"/Engine/EngineMaterials/Substrate/Glints2/dict_0006_0153" 10168
"/Engine/EngineMaterials/Substrate/Glints2/dict_0006_0152" 10169
"/Engine/EngineMaterials/Substrate/Glints2/dict_0006_0151" 10170
"../../../Engine/Content/EngineMaterials/Substrate/Glints2/dict_0006_0185.uasset" 10171
"../../../Engine/Content/EngineMaterials/Substrate/Glints2/dict_0006_0189.uasset" 10172
"../../../Engine/Content/EngineMaterials/Substrate/Glints2/dict_0006_0188.uasset" 10173
"../../../Engine/Content/EngineMaterials/Substrate/Glints2/dict_0006_0184.uasset" 10174
"../../../Engine/Content/EngineMaterials/Substrate/Glints2/dict_0006_0183.uasset" 10175
"../../../Engine/Content/EngineMaterials/Substrate/Glints2/dict_0006_0187.uasset" 10176
"../../../Engine/Content/EngineMaterials/Substrate/Glints2/dict_0006_0190.uasset" 10177
"/Engine/EngineMaterials/Substrate/Glints2/dict_0006_0182" 10178
"../../../Engine/Content/EngineMaterials/Substrate/Glints2/dict_0006_0191.uasset" 10179
"../../../Engine/Content/EngineMaterials/Substrate/Glints2/dict_0006_0186.uasset" 10180
"../../../Engine/Content/EngineMaterials/Substrate/Glints2/dict_0006_0192.uasset" 10181
"../../../Engine/Content/EngineMaterials/Substrate/Glints2/dict_0006_0193.uasset" 10182
"../../../Engine/Content/EngineMaterials/Substrate/Glints2/dict_0006_0194.uasset" 10183
"/Engine/EngineMaterials/Substrate/Glints2/dict_0006_0181" 10184
"/Engine/EngineMaterials/Substrate/Glints2/dict_0006_0180" 10185
"/Engine/EngineMaterials/Substrate/Glints2/dict_0006_0179" 10186
"/Engine/EngineMaterials/Substrate/Glints2/dict_0006_0178" 10187
"/Engine/EngineMaterials/Substrate/Glints2/dict_0006_0177" 10188
"/Engine/EngineMaterials/Substrate/Glints2/dict_0006_0176" 10189
"/Engine/EngineMaterials/Substrate/Glints2/dict_0006_0175" 10190
"/Engine/EngineMaterials/Substrate/Glints2/dict_0006_0174" 10191
"/Engine/EngineMaterials/Substrate/Glints2/dict_0006_0173" 10192
"/Engine/EngineMaterials/Substrate/Glints2/dict_0006_0172" 10193
"/Engine/EngineMaterials/Substrate/Glints2/dict_0006_0171" 10194
"/Engine/EngineMaterials/Substrate/Glints2/dict_0006_0170" 10195
"/Engine/EngineMaterials/Substrate/Glints2/dict_0006_0169" 10196
"/Engine/EngineMaterials/Substrate/Glints2/dict_0006_0168" 10197
"/Engine/EngineMaterials/Substrate/Glints2/dict_0006_0167" 10198
"/Engine/EngineMaterials/Substrate/Glints2/dict_0006_0166" 10199
"/Engine/EngineMaterials/Substrate/Glints2/dict_0006_0165" 10200
"/Engine/EngineMaterials/Substrate/Glints2/dict_0006_0164" 10201
"/Engine/EngineMaterials/Substrate/Glints2/dict_0006_0163" 10202
"../../../Engine/Content/EngineMaterials/Substrate/Glints2/dict_0006_0200.uasset" 10203
"../../../Engine/Content/EngineMaterials/Substrate/Glints2/dict_0006_0198.uasset" 10204
"../../../Engine/Content/EngineMaterials/Substrate/Glints2/dict_0006_0195.uasset" 10205
"../../../Engine/Content/EngineMaterials/Substrate/Glints2/dict_0006_0202.uasset" 10206
"../../../Engine/Content/EngineMaterials/Substrate/Glints2/dict_0006_0199.uasset" 10207
"../../../Engine/Content/EngineMaterials/Substrate/Glints2/dict_0006_0201.uasset" 10208
"../../../Engine/Content/EngineMaterials/Substrate/Glints2/dict_0006_0197.uasset" 10209
"../../../Engine/Content/EngineMaterials/Substrate/Glints2/dict_0006_0204.uasset" 10210
"../../../Engine/Content/EngineMaterials/Substrate/Glints2/dict_0006_0196.uasset" 10211
"../../../Engine/Content/EngineMaterials/Substrate/Glints2/dict_0006_0203.uasset" 10212
"/Engine/EngineMaterials/Substrate/Glints2/dict_0006_0194" 10213
"../../../Engine/Content/EngineMaterials/Substrate/Glints2/dict_0006_0206.uasset" 10214
"../../../Engine/Content/EngineMaterials/Substrate/Glints2/dict_0006_0205.uasset" 10215
"../../../Engine/Content/EngineMaterials/Substrate/Glints2/dict_0006_0209.uasset" 10216
"../../../Engine/Content/EngineMaterials/Substrate/Glints2/dict_0006_0208.uasset" 10217
"../../../Engine/Content/EngineMaterials/Substrate/Glints2/dict_0006_0207.uasset" 10218
"../../../Engine/Content/EngineMaterials/Substrate/Glints2/dict_0006_0210.uasset" 10219
"../../../Engine/Content/EngineMaterials/Substrate/Glints2/dict_0006_0211.uasset" 10220
"../../../Engine/Content/EngineMaterials/Substrate/Glints2/dict_0006_0212.uasset" 10221
"../../../Engine/Content/EngineMaterials/Substrate/Glints2/dict_0006_0214.uasset" 10222
"../../../Engine/Content/EngineMaterials/Substrate/Glints2/dict_0006_0213.uasset" 10223
"/Engine/EngineMaterials/Substrate/Glints2/dict_0006_0193" 10224
"/Engine/EngineMaterials/Substrate/Glints2/dict_0006_0192" 10225
"/Engine/EngineMaterials/Substrate/Glints2/dict_0006_0191" 10226
"/Engine/EngineMaterials/Substrate/Glints2/dict_0006_0190" 10227
"/Engine/EngineMaterials/Substrate/Glints2/dict_0006_0189" 10228
"/Engine/EngineMaterials/Substrate/Glints2/dict_0006_0188" 10229
"/Engine/EngineMaterials/Substrate/Glints2/dict_0006_0187" 10230
"/Engine/EngineMaterials/Substrate/Glints2/dict_0006_0186" 10231
"/Engine/EngineMaterials/Substrate/Glints2/dict_0006_0185" 10232
"/Engine/EngineMaterials/Substrate/Glints2/dict_0006_0184" 10233
"/Engine/EngineMaterials/Substrate/Glints2/dict_0006_0183" 10234
"../../../Engine/Content/EngineMaterials/Substrate/Glints2/dict_0006_0218.uasset" 10235
"../../../Engine/Content/EngineMaterials/Substrate/Glints2/dict_0006_0222.uasset" 10236
"../../../Engine/Content/EngineMaterials/Substrate/Glints2/dict_0006_0219.uasset" 10237
"../../../Engine/Content/EngineMaterials/Substrate/Glints2/dict_0006_0216.uasset" 10238
"../../../Engine/Content/EngineMaterials/Substrate/Glints2/dict_0006_0221.uasset" 10239
"../../../Engine/Content/EngineMaterials/Substrate/Glints2/dict_0006_0215.uasset" 10240
"../../../Engine/Content/EngineMaterials/Substrate/Glints2/dict_0006_0220.uasset" 10241
"/Engine/EngineMaterials/Substrate/Glints2/dict_0006_0214" 10242
"../../../Engine/Content/EngineMaterials/Substrate/Glints2/dict_0006_0223.uasset" 10243
"../../../Engine/Content/EngineMaterials/Substrate/Glints2/dict_0006_0224.uasset" 10244
"../../../Engine/Content/EngineMaterials/Substrate/Glints2/dict_0006_0217.uasset" 10245
"../../../Engine/Content/EngineMaterials/Substrate/Glints2/dict_0006_0225.uasset" 10246
"../../../Engine/Content/EngineMaterials/Substrate/Glints2/dict_0006_0226.uasset" 10247
"/Engine/EngineMaterials/Substrate/Glints2/dict_0006_0213" 10248
"/Engine/EngineMaterials/Substrate/Glints2/dict_0006_0212" 10249
"/Engine/EngineMaterials/Substrate/Glints2/dict_0006_0211" 10250
"/Engine/EngineMaterials/Substrate/Glints2/dict_0006_0210" 10251
"/Engine/EngineMaterials/Substrate/Glints2/dict_0006_0209" 10252
"/Engine/EngineMaterials/Substrate/Glints2/dict_0006_0208" 10253
"/Engine/EngineMaterials/Substrate/Glints2/dict_0006_0207" 10254
"/Engine/EngineMaterials/Substrate/Glints2/dict_0006_0206" 10255
"/Engine/EngineMaterials/Substrate/Glints2/dict_0006_0205" 10256
"/Engine/EngineMaterials/Substrate/Glints2/dict_0006_0204" 10257
"/Engine/EngineMaterials/Substrate/Glints2/dict_0006_0203" 10258
"/Engine/EngineMaterials/Substrate/Glints2/dict_0006_0202" 10259
"/Engine/EngineMaterials/Substrate/Glints2/dict_0006_0201" 10260
"/Engine/EngineMaterials/Substrate/Glints2/dict_0006_0200" 10261
"/Engine/EngineMaterials/Substrate/Glints2/dict_0006_0199" 10262
"/Engine/EngineMaterials/Substrate/Glints2/dict_0006_0198" 10263
"/Engine/EngineMaterials/Substrate/Glints2/dict_0006_0197" 10264
"/Engine/EngineMaterials/Substrate/Glints2/dict_0006_0196" 10265
"/Engine/EngineMaterials/Substrate/Glints2/dict_0006_0195" 10266
"../../../Engine/Content/EngineMaterials/Substrate/Glints2/dict_0006_0227.uasset" 10267
"/Engine/EngineMaterials/Substrate/Glints2/dict_0006_0226" 10268
"../../../Engine/Content/EngineMaterials/Substrate/Glints2/dict_0006_0231.uasset" 10269
"../../../Engine/Content/EngineMaterials/Substrate/Glints2/dict_0006_0228.uasset" 10270
"../../../Engine/Content/EngineMaterials/Substrate/Glints2/dict_0006_0230.uasset" 10271
"../../../Engine/Content/EngineMaterials/Substrate/Glints2/dict_0006_0229.uasset" 10272
"../../../Engine/Content/EngineMaterials/Substrate/Glints2/dict_0006_0234.uasset" 10273
"../../../Engine/Content/EngineMaterials/Substrate/Glints2/dict_0006_0232.uasset" 10274
"../../../Engine/Content/EngineMaterials/Substrate/Glints2/dict_0006_0236.uasset" 10275
"../../../Engine/Content/EngineMaterials/Substrate/Glints2/dict_0006_0235.uasset" 10276
"../../../Engine/Content/EngineMaterials/Substrate/Glints2/dict_0006_0237.uasset" 10277
"../../../Engine/Content/EngineMaterials/Substrate/Glints2/dict_0006_0233.uasset" 10278
"../../../Engine/Content/EngineMaterials/Substrate/Glints2/dict_0006_0238.uasset" 10279
"/Engine/EngineMaterials/Substrate/Glints2/dict_0006_0225" 10280
"../../../Engine/Content/EngineMaterials/Substrate/Glints2/dict_0006_0239.uasset" 10281
"../../../Engine/Content/EngineMaterials/Substrate/Glints2/dict_0006_0240.uasset" 10282
"../../../Engine/Content/EngineMaterials/Substrate/Glints2/dict_0006_0242.uasset" 10283
"../../../Engine/Content/EngineMaterials/Substrate/Glints2/dict_0006_0243.uasset" 10284
"../../../Engine/Content/EngineMaterials/Substrate/Glints2/dict_0006_0241.uasset" 10285
"../../../Engine/Content/EngineMaterials/Substrate/Glints2/dict_0006_0244.uasset" 10286
"../../../Engine/Content/EngineMaterials/Substrate/Glints2/dict_0006_0245.uasset" 10287
"../../../Engine/Content/EngineMaterials/Substrate/Glints2/dict_0006_0246.uasset" 10288
"/Engine/EngineMaterials/Substrate/Glints2/dict_0006_0224" 10289
"/Engine/EngineMaterials/Substrate/Glints2/dict_0006_0223" 10290
"/Engine/EngineMaterials/Substrate/Glints2/dict_0006_0222" 10291
"/Engine/EngineMaterials/Substrate/Glints2/dict_0006_0221" 10292
"/Engine/EngineMaterials/Substrate/Glints2/dict_0006_0220" 10293
"/Engine/EngineMaterials/Substrate/Glints2/dict_0006_0219" 10294
"/Engine/EngineMaterials/Substrate/Glints2/dict_0006_0218" 10295
"/Engine/EngineMaterials/Substrate/Glints2/dict_0006_0217" 10296
"/Engine/EngineMaterials/Substrate/Glints2/dict_0006_0216" 10297
"/Engine/EngineMaterials/Substrate/Glints2/dict_0006_0215" 10298
"../../../Engine/Content/EngineMaterials/Substrate/Glints2/dict_0006_0255.uasset" 10299
"../../../Engine/Content/EngineMaterials/Substrate/Glints2/dict_0006_0254.uasset" 10300
"../../../Engine/Content/EngineMaterials/Substrate/Glints2/dict_0006_0250.uasset" 10301
"/Engine/EngineMaterials/Substrate/Glints2/dict_0006_0246" 10302
"../../../Engine/Content/EngineMaterials/Substrate/Glints2/dict_0006_0248.uasset" 10303
"../../../Engine/Content/EngineMaterials/Substrate/Glints2/dict_0006_0253.uasset" 10304
"../../../Engine/Content/EngineMaterials/Substrate/Glints2/dict_0006_0251.uasset" 10305
"../../../Engine/Content/EngineMaterials/Substrate/Glints2/dict_0006_0247.uasset" 10306
"../../../Engine/Content/EngineMaterials/Substrate/Glints2/dict_0006_0249.uasset" 10307
"../../../Engine/Content/EngineMaterials/Substrate/Glints2/dict_0007_0000.uasset" 10308
"../../../Engine/Content/EngineMaterials/Substrate/Glints2/dict_0006_0252.uasset" 10309
"../../../Engine/Content/EngineMaterials/Substrate/Glints2/dict_0007_0001.uasset" 10310
"/Engine/EngineMaterials/Substrate/Glints2/dict_0006_0245" 10311
"../../../Engine/Content/EngineMaterials/Substrate/Glints2/dict_0007_0002.uasset" 10312
"/Engine/EngineMaterials/Substrate/Glints2/dict_0006_0244" 10313
"/Engine/EngineMaterials/Substrate/Glints2/dict_0006_0243" 10314
"/Engine/EngineMaterials/Substrate/Glints2/dict_0006_0242" 10315
"/Engine/EngineMaterials/Substrate/Glints2/dict_0006_0241" 10316
"/Engine/EngineMaterials/Substrate/Glints2/dict_0006_0240" 10317
"/Engine/EngineMaterials/Substrate/Glints2/dict_0006_0239" 10318
"/Engine/EngineMaterials/Substrate/Glints2/dict_0006_0238" 10319
"/Engine/EngineMaterials/Substrate/Glints2/dict_0006_0237" 10320
"/Engine/EngineMaterials/Substrate/Glints2/dict_0006_0236" 10321
"/Engine/EngineMaterials/Substrate/Glints2/dict_0006_0235" 10322
"/Engine/EngineMaterials/Substrate/Glints2/dict_0006_0234" 10323
"/Engine/EngineMaterials/Substrate/Glints2/dict_0006_0233" 10324
"/Engine/EngineMaterials/Substrate/Glints2/dict_0006_0232" 10325
"/Engine/EngineMaterials/Substrate/Glints2/dict_0006_0231" 10326
"/Engine/EngineMaterials/Substrate/Glints2/dict_0006_0230" 10327
"/Engine/EngineMaterials/Substrate/Glints2/dict_0006_0229" 10328
"/Engine/EngineMaterials/Substrate/Glints2/dict_0006_0228" 10329
"/Engine/EngineMaterials/Substrate/Glints2/dict_0006_0227" 10330
"../../../Engine/Content/EngineMaterials/Substrate/Glints2/dict_0007_0004.uasset" 10331
"/Engine/EngineMaterials/Substrate/Glints2/dict_0007_0002" 10332
"../../../Engine/Content/EngineMaterials/Substrate/Glints2/dict_0007_0006.uasset" 10333
"../../../Engine/Content/EngineMaterials/Substrate/Glints2/dict_0007_0007.uasset" 10334
"../../../Engine/Content/EngineMaterials/Substrate/Glints2/dict_0007_0008.uasset" 10335
"../../../Engine/Content/EngineMaterials/Substrate/Glints2/dict_0007_0005.uasset" 10336
"../../../Engine/Content/EngineMaterials/Substrate/Glints2/dict_0007_0010.uasset" 10337
"../../../Engine/Content/EngineMaterials/Substrate/Glints2/dict_0007_0012.uasset" 10338
"../../../Engine/Content/EngineMaterials/Substrate/Glints2/dict_0007_0011.uasset" 10339
"../../../Engine/Content/EngineMaterials/Substrate/Glints2/dict_0007_0009.uasset" 10340
"../../../Engine/Content/EngineMaterials/Substrate/Glints2/dict_0007_0003.uasset" 10341
"../../../Engine/Content/EngineMaterials/Substrate/Glints2/dict_0007_0013.uasset" 10342
"../../../Engine/Content/EngineMaterials/Substrate/Glints2/dict_0007_0015.uasset" 10343
"../../../Engine/Content/EngineMaterials/Substrate/Glints2/dict_0007_0017.uasset" 10344
"../../../Engine/Content/EngineMaterials/Substrate/Glints2/dict_0007_0016.uasset" 10345
"../../../Engine/Content/EngineMaterials/Substrate/Glints2/dict_0007_0014.uasset" 10346
"/Engine/EngineMaterials/Substrate/Glints2/dict_0007_0001" 10347
"../../../Engine/Content/EngineMaterials/Substrate/Glints2/dict_0007_0020.uasset" 10348
"../../../Engine/Content/EngineMaterials/Substrate/Glints2/dict_0007_0021.uasset" 10349
"../../../Engine/Content/EngineMaterials/Substrate/Glints2/dict_0007_0022.uasset" 10350
"../../../Engine/Content/EngineMaterials/Substrate/Glints2/dict_0007_0018.uasset" 10351
"../../../Engine/Content/EngineMaterials/Substrate/Glints2/dict_0007_0019.uasset" 10352
"/Engine/EngineMaterials/Substrate/Glints2/dict_0007_0000" 10353
"/Engine/EngineMaterials/Substrate/Glints2/dict_0006_0255" 10354
"/Engine/EngineMaterials/Substrate/Glints2/dict_0006_0254" 10355
"/Engine/EngineMaterials/Substrate/Glints2/dict_0006_0253" 10356
"/Engine/EngineMaterials/Substrate/Glints2/dict_0006_0252" 10357
"/Engine/EngineMaterials/Substrate/Glints2/dict_0006_0251" 10358
"/Engine/EngineMaterials/Substrate/Glints2/dict_0006_0250" 10359
"/Engine/EngineMaterials/Substrate/Glints2/dict_0006_0249" 10360
"/Engine/EngineMaterials/Substrate/Glints2/dict_0006_0248" 10361
"/Engine/EngineMaterials/Substrate/Glints2/dict_0006_0247" 10362
"../../../Engine/Content/EngineMaterials/Substrate/Glints2/dict_0007_0026.uasset" 10363
"../../../Engine/Content/EngineMaterials/Substrate/Glints2/dict_0007_0025.uasset" 10364
"../../../Engine/Content/EngineMaterials/Substrate/Glints2/dict_0007_0027.uasset" 10365
"../../../Engine/Content/EngineMaterials/Substrate/Glints2/dict_0007_0029.uasset" 10366
"../../../Engine/Content/EngineMaterials/Substrate/Glints2/dict_0007_0024.uasset" 10367
"../../../Engine/Content/EngineMaterials/Substrate/Glints2/dict_0007_0030.uasset" 10368
"../../../Engine/Content/EngineMaterials/Substrate/Glints2/dict_0007_0031.uasset" 10369
"../../../Engine/Content/EngineMaterials/Substrate/Glints2/dict_0007_0028.uasset" 10370
"../../../Engine/Content/EngineMaterials/Substrate/Glints2/dict_0007_0023.uasset" 10371
"/Engine/EngineMaterials/Substrate/Glints2/dict_0007_0022" 10372
"../../../Engine/Content/EngineMaterials/Substrate/Glints2/dict_0007_0032.uasset" 10373
"../../../Engine/Content/EngineMaterials/Substrate/Glints2/dict_0007_0034.uasset" 10374
"../../../Engine/Content/EngineMaterials/Substrate/Glints2/dict_0007_0033.uasset" 10375
"/Engine/EngineMaterials/Substrate/Glints2/dict_0007_0021" 10376
"/Engine/EngineMaterials/Substrate/Glints2/dict_0007_0020" 10377
"/Engine/EngineMaterials/Substrate/Glints2/dict_0007_0019" 10378
"/Engine/EngineMaterials/Substrate/Glints2/dict_0007_0018" 10379
"/Engine/EngineMaterials/Substrate/Glints2/dict_0007_0017" 10380
"/Engine/EngineMaterials/Substrate/Glints2/dict_0007_0016" 10381
"/Engine/EngineMaterials/Substrate/Glints2/dict_0007_0015" 10382
"/Engine/EngineMaterials/Substrate/Glints2/dict_0007_0014" 10383
"/Engine/EngineMaterials/Substrate/Glints2/dict_0007_0013" 10384
"/Engine/EngineMaterials/Substrate/Glints2/dict_0007_0012" 10385
"/Engine/EngineMaterials/Substrate/Glints2/dict_0007_0011" 10386
"/Engine/EngineMaterials/Substrate/Glints2/dict_0007_0010" 10387
"/Engine/EngineMaterials/Substrate/Glints2/dict_0007_0009" 10388
"/Engine/EngineMaterials/Substrate/Glints2/dict_0007_0008" 10389
"/Engine/EngineMaterials/Substrate/Glints2/dict_0007_0007" 10390
"/Engine/EngineMaterials/Substrate/Glints2/dict_0007_0006" 10391
"/Engine/EngineMaterials/Substrate/Glints2/dict_0007_0005" 10392
"/Engine/EngineMaterials/Substrate/Glints2/dict_0007_0004" 10393
"/Engine/EngineMaterials/Substrate/Glints2/dict_0007_0003" 10394
"/Engine/EngineMaterials/Substrate/Glints2/dict_0007_0034" 10395
"../../../Engine/Content/EngineMaterials/Substrate/Glints2/dict_0007_0041.uasset" 10396
"../../../Engine/Content/EngineMaterials/Substrate/Glints2/dict_0007_0042.uasset" 10397
"../../../Engine/Content/EngineMaterials/Substrate/Glints2/dict_0007_0040.uasset" 10398
"../../../Engine/Content/EngineMaterials/Substrate/Glints2/dict_0007_0043.uasset" 10399
"../../../Engine/Content/EngineMaterials/Substrate/Glints2/dict_0007_0035.uasset" 10400
"../../../Engine/Content/EngineMaterials/Substrate/Glints2/dict_0007_0036.uasset" 10401
"../../../Engine/Content/EngineMaterials/Substrate/Glints2/dict_0007_0037.uasset" 10402
"../../../Engine/Content/EngineMaterials/Substrate/Glints2/dict_0007_0039.uasset" 10403
"../../../Engine/Content/EngineMaterials/Substrate/Glints2/dict_0007_0044.uasset" 10404
"../../../Engine/Content/EngineMaterials/Substrate/Glints2/dict_0007_0038.uasset" 10405
"../../../Engine/Content/EngineMaterials/Substrate/Glints2/dict_0007_0045.uasset" 10406
"../../../Engine/Content/EngineMaterials/Substrate/Glints2/dict_0007_0046.uasset" 10407
"../../../Engine/Content/EngineMaterials/Substrate/Glints2/dict_0007_0047.uasset" 10408
"../../../Engine/Content/EngineMaterials/Substrate/Glints2/dict_0007_0049.uasset" 10409
"../../../Engine/Content/EngineMaterials/Substrate/Glints2/dict_0007_0048.uasset" 10410
"../../../Engine/Content/EngineMaterials/Substrate/Glints2/dict_0007_0050.uasset" 10411
"/Engine/EngineMaterials/Substrate/Glints2/dict_0007_0033" 10412
"../../../Engine/Content/EngineMaterials/Substrate/Glints2/dict_0007_0051.uasset" 10413
"../../../Engine/Content/EngineMaterials/Substrate/Glints2/dict_0007_0052.uasset" 10414
"../../../Engine/Content/EngineMaterials/Substrate/Glints2/dict_0007_0053.uasset" 10415
"../../../Engine/Content/EngineMaterials/Substrate/Glints2/dict_0007_0054.uasset" 10416
"/Engine/EngineMaterials/Substrate/Glints2/dict_0007_0032" 10417
"/Engine/EngineMaterials/Substrate/Glints2/dict_0007_0031" 10418
"/Engine/EngineMaterials/Substrate/Glints2/dict_0007_0030" 10419
"/Engine/EngineMaterials/Substrate/Glints2/dict_0007_0029" 10420
"/Engine/EngineMaterials/Substrate/Glints2/dict_0007_0028" 10421
"/Engine/EngineMaterials/Substrate/Glints2/dict_0007_0027" 10422
"/Engine/EngineMaterials/Substrate/Glints2/dict_0007_0026" 10423
"/Engine/EngineMaterials/Substrate/Glints2/dict_0007_0025" 10424
"/Engine/EngineMaterials/Substrate/Glints2/dict_0007_0024" 10425
"/Engine/EngineMaterials/Substrate/Glints2/dict_0007_0023" 10426
"../../../Engine/Content/EngineMaterials/Substrate/Glints2/dict_0007_0055.uasset" 10427
"../../../Engine/Content/EngineMaterials/Substrate/Glints2/dict_0007_0056.uasset" 10428
"../../../Engine/Content/EngineMaterials/Substrate/Glints2/dict_0007_0060.uasset" 10429
"../../../Engine/Content/EngineMaterials/Substrate/Glints2/dict_0007_0059.uasset" 10430
"../../../Engine/Content/EngineMaterials/Substrate/Glints2/dict_0007_0057.uasset" 10431
"../../../Engine/Content/EngineMaterials/Substrate/Glints2/dict_0007_0058.uasset" 10432
"../../../Engine/Content/EngineMaterials/Substrate/Glints2/dict_0007_0062.uasset" 10433
"/Engine/EngineMaterials/Substrate/Glints2/dict_0007_0054" 10434
"../../../Engine/Content/EngineMaterials/Substrate/Glints2/dict_0007_0065.uasset" 10435
"../../../Engine/Content/EngineMaterials/Substrate/Glints2/dict_0007_0063.uasset" 10436
"../../../Engine/Content/EngineMaterials/Substrate/Glints2/dict_0007_0064.uasset" 10437
"../../../Engine/Content/EngineMaterials/Substrate/Glints2/dict_0007_0066.uasset" 10438
"../../../Engine/Content/EngineMaterials/Substrate/Glints2/dict_0007_0061.uasset" 10439
"/Engine/EngineMaterials/Substrate/Glints2/dict_0007_0053" 10440
"/Engine/EngineMaterials/Substrate/Glints2/dict_0007_0052" 10441
"/Engine/EngineMaterials/Substrate/Glints2/dict_0007_0051" 10442
"/Engine/EngineMaterials/Substrate/Glints2/dict_0007_0050" 10443
"/Engine/EngineMaterials/Substrate/Glints2/dict_0007_0049" 10444
"/Engine/EngineMaterials/Substrate/Glints2/dict_0007_0048" 10445
"/Engine/EngineMaterials/Substrate/Glints2/dict_0007_0047" 10446
"/Engine/EngineMaterials/Substrate/Glints2/dict_0007_0046" 10447
"/Engine/EngineMaterials/Substrate/Glints2/dict_0007_0045" 10448
"/Engine/EngineMaterials/Substrate/Glints2/dict_0007_0044" 10449
"/Engine/EngineMaterials/Substrate/Glints2/dict_0007_0043" 10450
"/Engine/EngineMaterials/Substrate/Glints2/dict_0007_0042" 10451
"/Engine/EngineMaterials/Substrate/Glints2/dict_0007_0041" 10452
"/Engine/EngineMaterials/Substrate/Glints2/dict_0007_0040" 10453
"/Engine/EngineMaterials/Substrate/Glints2/dict_0007_0039" 10454
"/Engine/EngineMaterials/Substrate/Glints2/dict_0007_0038" 10455
"/Engine/EngineMaterials/Substrate/Glints2/dict_0007_0037" 10456
"/Engine/EngineMaterials/Substrate/Glints2/dict_0007_0036" 10457
"/Engine/EngineMaterials/Substrate/Glints2/dict_0007_0035" 10458
"../../../Engine/Content/EngineMaterials/Substrate/Glints2/dict_0007_0075.uasset" 10459
"../../../Engine/Content/EngineMaterials/Substrate/Glints2/dict_0007_0074.uasset" 10460
"../../../Engine/Content/EngineMaterials/Substrate/Glints2/dict_0007_0076.uasset" 10461
"../../../Engine/Content/EngineMaterials/Substrate/Glints2/dict_0007_0067.uasset" 10462
"/Engine/EngineMaterials/Substrate/Glints2/dict_0007_0066" 10463
"../../../Engine/Content/EngineMaterials/Substrate/Glints2/dict_0007_0069.uasset" 10464
"../../../Engine/Content/EngineMaterials/Substrate/Glints2/dict_0007_0071.uasset" 10465
"../../../Engine/Content/EngineMaterials/Substrate/Glints2/dict_0007_0072.uasset" 10466
"../../../Engine/Content/EngineMaterials/Substrate/Glints2/dict_0007_0073.uasset" 10467
"../../../Engine/Content/EngineMaterials/Substrate/Glints2/dict_0007_0070.uasset" 10468
"../../../Engine/Content/EngineMaterials/Substrate/Glints2/dict_0007_0077.uasset" 10469
"../../../Engine/Content/EngineMaterials/Substrate/Glints2/dict_0007_0078.uasset" 10470
"../../../Engine/Content/EngineMaterials/Substrate/Glints2/dict_0007_0079.uasset" 10471
"../../../Engine/Content/EngineMaterials/Substrate/Glints2/dict_0007_0080.uasset" 10472
"../../../Engine/Content/EngineMaterials/Substrate/Glints2/dict_0007_0081.uasset" 10473
"../../../Engine/Content/EngineMaterials/Substrate/Glints2/dict_0007_0083.uasset" 10474
"../../../Engine/Content/EngineMaterials/Substrate/Glints2/dict_0007_0068.uasset" 10475
"../../../Engine/Content/EngineMaterials/Substrate/Glints2/dict_0007_0082.uasset" 10476
"../../../Engine/Content/EngineMaterials/Substrate/Glints2/dict_0007_0084.uasset" 10477
"../../../Engine/Content/EngineMaterials/Substrate/Glints2/dict_0007_0085.uasset" 10478
"../../../Engine/Content/EngineMaterials/Substrate/Glints2/dict_0007_0086.uasset" 10479
"/Engine/EngineMaterials/Substrate/Glints2/dict_0007_0065" 10480
"/Engine/EngineMaterials/Substrate/Glints2/dict_0007_0064" 10481
"/Engine/EngineMaterials/Substrate/Glints2/dict_0007_0063" 10482
"/Engine/EngineMaterials/Substrate/Glints2/dict_0007_0062" 10483
"/Engine/EngineMaterials/Substrate/Glints2/dict_0007_0061" 10484
"/Engine/EngineMaterials/Substrate/Glints2/dict_0007_0060" 10485
"/Engine/EngineMaterials/Substrate/Glints2/dict_0007_0059" 10486
"/Engine/EngineMaterials/Substrate/Glints2/dict_0007_0058" 10487
"/Engine/EngineMaterials/Substrate/Glints2/dict_0007_0057" 10488
"/Engine/EngineMaterials/Substrate/Glints2/dict_0007_0056" 10489
"/Engine/EngineMaterials/Substrate/Glints2/dict_0007_0055" 10490
"../../../Engine/Content/EngineMaterials/Substrate/Glints2/dict_0007_0094.uasset" 10491
"../../../Engine/Content/EngineMaterials/Substrate/Glints2/dict_0007_0092.uasset" 10492
"../../../Engine/Content/EngineMaterials/Substrate/Glints2/dict_0007_0095.uasset" 10493
"../../../Engine/Content/EngineMaterials/Substrate/Glints2/dict_0007_0089.uasset" 10494
"../../../Engine/Content/EngineMaterials/Substrate/Glints2/dict_0007_0091.uasset" 10495
"../../../Engine/Content/EngineMaterials/Substrate/Glints2/dict_0007_0090.uasset" 10496
"../../../Engine/Content/EngineMaterials/Substrate/Glints2/dict_0007_0088.uasset" 10497
"../../../Engine/Content/EngineMaterials/Substrate/Glints2/dict_0007_0093.uasset" 10498
"/Engine/EngineMaterials/Substrate/Glints2/dict_0007_0086" 10499
"../../../Engine/Content/EngineMaterials/Substrate/Glints2/dict_0007_0087.uasset" 10500
"../../../Engine/Content/EngineMaterials/Substrate/Glints2/dict_0007_0096.uasset" 10501
"../../../Engine/Content/EngineMaterials/Substrate/Glints2/dict_0007_0098.uasset" 10502
"../../../Engine/Content/EngineMaterials/Substrate/Glints2/dict_0007_0097.uasset" 10503
"/Engine/EngineMaterials/Substrate/Glints2/dict_0007_0085" 10504
"/Engine/EngineMaterials/Substrate/Glints2/dict_0007_0084" 10505
"/Engine/EngineMaterials/Substrate/Glints2/dict_0007_0083" 10506
"/Engine/EngineMaterials/Substrate/Glints2/dict_0007_0082" 10507
"/Engine/EngineMaterials/Substrate/Glints2/dict_0007_0081" 10508
"/Engine/EngineMaterials/Substrate/Glints2/dict_0007_0080" 10509
"/Engine/EngineMaterials/Substrate/Glints2/dict_0007_0079" 10510
"/Engine/EngineMaterials/Substrate/Glints2/dict_0007_0078" 10511
"/Engine/EngineMaterials/Substrate/Glints2/dict_0007_0077" 10512
"/Engine/EngineMaterials/Substrate/Glints2/dict_0007_0076" 10513
"/Engine/EngineMaterials/Substrate/Glints2/dict_0007_0075" 10514
"/Engine/EngineMaterials/Substrate/Glints2/dict_0007_0074" 10515
"/Engine/EngineMaterials/Substrate/Glints2/dict_0007_0073" 10516
"/Engine/EngineMaterials/Substrate/Glints2/dict_0007_0072" 10517
"/Engine/EngineMaterials/Substrate/Glints2/dict_0007_0071" 10518
"/Engine/EngineMaterials/Substrate/Glints2/dict_0007_0070" 10519
"/Engine/EngineMaterials/Substrate/Glints2/dict_0007_0069" 10520
"/Engine/EngineMaterials/Substrate/Glints2/dict_0007_0068" 10521
"/Engine/EngineMaterials/Substrate/Glints2/dict_0007_0067" 10522
"../../../Engine/Content/EngineMaterials/Substrate/Glints2/dict_0007_0104.uasset" 10523
"../../../Engine/Content/EngineMaterials/Substrate/Glints2/dict_0007_0103.uasset" 10524
"../../../Engine/Content/EngineMaterials/Substrate/Glints2/dict_0007_0099.uasset" 10525
"../../../Engine/Content/EngineMaterials/Substrate/Glints2/dict_0007_0105.uasset" 10526
"../../../Engine/Content/EngineMaterials/Substrate/Glints2/dict_0007_0107.uasset" 10527
"../../../Engine/Content/EngineMaterials/Substrate/Glints2/dict_0007_0102.uasset" 10528
"../../../Engine/Content/EngineMaterials/Substrate/Glints2/dict_0007_0101.uasset" 10529
"../../../Engine/Content/EngineMaterials/Substrate/Glints2/dict_0007_0106.uasset" 10530
"../../../Engine/Content/EngineMaterials/Substrate/Glints2/dict_0007_0100.uasset" 10531
"../../../Engine/Content/EngineMaterials/Substrate/Glints2/dict_0007_0108.uasset" 10532
"/Engine/EngineMaterials/Substrate/Glints2/dict_0007_0098" 10533
"/Engine/EngineMaterials/Substrate/Glints2/dict_0007_0097" 10534
"../../../Engine/Content/EngineMaterials/Substrate/Glints2/dict_0007_0112.uasset" 10535
"../../../Engine/Content/EngineMaterials/Substrate/Glints2/dict_0007_0111.uasset" 10536
"../../../Engine/Content/EngineMaterials/Substrate/Glints2/dict_0007_0109.uasset" 10537
"../../../Engine/Content/EngineMaterials/Substrate/Glints2/dict_0007_0110.uasset" 10538
"../../../Engine/Content/EngineMaterials/Substrate/Glints2/dict_0007_0113.uasset" 10539
"../../../Engine/Content/EngineMaterials/Substrate/Glints2/dict_0007_0114.uasset" 10540
"/Engine/EngineMaterials/Substrate/Glints2/dict_0007_0096" 10541
"../../../Engine/Content/EngineMaterials/Substrate/Glints2/dict_0007_0115.uasset" 10542
"../../../Engine/Content/EngineMaterials/Substrate/Glints2/dict_0007_0117.uasset" 10543
"../../../Engine/Content/EngineMaterials/Substrate/Glints2/dict_0007_0116.uasset" 10544
"../../../Engine/Content/EngineMaterials/Substrate/Glints2/dict_0007_0118.uasset" 10545
"/Engine/EngineMaterials/Substrate/Glints2/dict_0007_0095" 10546
"/Engine/EngineMaterials/Substrate/Glints2/dict_0007_0094" 10547
"/Engine/EngineMaterials/Substrate/Glints2/dict_0007_0093" 10548
"/Engine/EngineMaterials/Substrate/Glints2/dict_0007_0092" 10549
"/Engine/EngineMaterials/Substrate/Glints2/dict_0007_0091" 10550
"/Engine/EngineMaterials/Substrate/Glints2/dict_0007_0090" 10551
"/Engine/EngineMaterials/Substrate/Glints2/dict_0007_0089" 10552
"/Engine/EngineMaterials/Substrate/Glints2/dict_0007_0088" 10553
"/Engine/EngineMaterials/Substrate/Glints2/dict_0007_0087" 10554
"../../../Engine/Content/EngineMaterials/Substrate/Glints2/dict_0007_0122.uasset" 10555
"../../../Engine/Content/EngineMaterials/Substrate/Glints2/dict_0007_0121.uasset" 10556
"../../../Engine/Content/EngineMaterials/Substrate/Glints2/dict_0007_0119.uasset" 10557
"/Engine/EngineMaterials/Substrate/Glints2/dict_0007_0118" 10558
"../../../Engine/Content/EngineMaterials/Substrate/Glints2/dict_0007_0123.uasset" 10559
"../../../Engine/Content/EngineMaterials/Substrate/Glints2/dict_0007_0128.uasset" 10560
"../../../Engine/Content/EngineMaterials/Substrate/Glints2/dict_0007_0126.uasset" 10561
"../../../Engine/Content/EngineMaterials/Substrate/Glints2/dict_0007_0124.uasset" 10562
"../../../Engine/Content/EngineMaterials/Substrate/Glints2/dict_0007_0127.uasset" 10563
"../../../Engine/Content/EngineMaterials/Substrate/Glints2/dict_0007_0125.uasset" 10564
"../../../Engine/Content/EngineMaterials/Substrate/Glints2/dict_0007_0120.uasset" 10565
"../../../Engine/Content/EngineMaterials/Substrate/Glints2/dict_0007_0129.uasset" 10566
"../../../Engine/Content/EngineMaterials/Substrate/Glints2/dict_0007_0130.uasset" 10567
"/Engine/EngineMaterials/Substrate/Glints2/dict_0007_0117" 10568
"/Engine/EngineMaterials/Substrate/Glints2/dict_0007_0116" 10569
"/Engine/EngineMaterials/Substrate/Glints2/dict_0007_0115" 10570
"/Engine/EngineMaterials/Substrate/Glints2/dict_0007_0114" 10571
"/Engine/EngineMaterials/Substrate/Glints2/dict_0007_0113" 10572
"/Engine/EngineMaterials/Substrate/Glints2/dict_0007_0112" 10573
"/Engine/EngineMaterials/Substrate/Glints2/dict_0007_0111" 10574
"/Engine/EngineMaterials/Substrate/Glints2/dict_0007_0110" 10575
"/Engine/EngineMaterials/Substrate/Glints2/dict_0007_0109" 10576
"/Engine/EngineMaterials/Substrate/Glints2/dict_0007_0108" 10577
"/Engine/EngineMaterials/Substrate/Glints2/dict_0007_0107" 10578
"/Engine/EngineMaterials/Substrate/Glints2/dict_0007_0106" 10579
"/Engine/EngineMaterials/Substrate/Glints2/dict_0007_0105" 10580
"/Engine/EngineMaterials/Substrate/Glints2/dict_0007_0104" 10581
"/Engine/EngineMaterials/Substrate/Glints2/dict_0007_0103" 10582
"/Engine/EngineMaterials/Substrate/Glints2/dict_0007_0102" 10583
"/Engine/EngineMaterials/Substrate/Glints2/dict_0007_0101" 10584
"/Engine/EngineMaterials/Substrate/Glints2/dict_0007_0100" 10585
"/Engine/EngineMaterials/Substrate/Glints2/dict_0007_0099" 10586
"../../../Engine/Content/EngineMaterials/Substrate/Glints2/dict_0007_0136.uasset" 10587
"../../../Engine/Content/EngineMaterials/Substrate/Glints2/dict_0007_0137.uasset" 10588
"../../../Engine/Content/EngineMaterials/Substrate/Glints2/dict_0007_0140.uasset" 10589
"/Engine/EngineMaterials/Substrate/Glints2/dict_0007_0130" 10590
"../../../Engine/Content/EngineMaterials/Substrate/Glints2/dict_0007_0138.uasset" 10591
"../../../Engine/Content/EngineMaterials/Substrate/Glints2/dict_0007_0139.uasset" 10592
"../../../Engine/Content/EngineMaterials/Substrate/Glints2/dict_0007_0134.uasset" 10593
"../../../Engine/Content/EngineMaterials/Substrate/Glints2/dict_0007_0131.uasset" 10594
"../../../Engine/Content/EngineMaterials/Substrate/Glints2/dict_0007_0135.uasset" 10595
"../../../Engine/Content/EngineMaterials/Substrate/Glints2/dict_0007_0132.uasset" 10596
"../../../Engine/Content/EngineMaterials/Substrate/Glints2/dict_0007_0133.uasset" 10597
"../../../Engine/Content/EngineMaterials/Substrate/Glints2/dict_0007_0142.uasset" 10598
"../../../Engine/Content/EngineMaterials/Substrate/Glints2/dict_0007_0141.uasset" 10599
"../../../Engine/Content/EngineMaterials/Substrate/Glints2/dict_0007_0143.uasset" 10600
"../../../Engine/Content/EngineMaterials/Substrate/Glints2/dict_0007_0144.uasset" 10601
"../../../Engine/Content/EngineMaterials/Substrate/Glints2/dict_0007_0145.uasset" 10602
"../../../Engine/Content/EngineMaterials/Substrate/Glints2/dict_0007_0146.uasset" 10603
"../../../Engine/Content/EngineMaterials/Substrate/Glints2/dict_0007_0147.uasset" 10604
"../../../Engine/Content/EngineMaterials/Substrate/Glints2/dict_0007_0148.uasset" 10605
"/Engine/EngineMaterials/Substrate/Glints2/dict_0007_0129" 10606
"../../../Engine/Content/EngineMaterials/Substrate/Glints2/dict_0007_0149.uasset" 10607
"../../../Engine/Content/EngineMaterials/Substrate/Glints2/dict_0007_0150.uasset" 10608
"/Engine/EngineMaterials/Substrate/Glints2/dict_0007_0128" 10609
"/Engine/EngineMaterials/Substrate/Glints2/dict_0007_0127" 10610
"/Engine/EngineMaterials/Substrate/Glints2/dict_0007_0126" 10611
"/Engine/EngineMaterials/Substrate/Glints2/dict_0007_0125" 10612
"/Engine/EngineMaterials/Substrate/Glints2/dict_0007_0124" 10613
"/Engine/EngineMaterials/Substrate/Glints2/dict_0007_0123" 10614
"/Engine/EngineMaterials/Substrate/Glints2/dict_0007_0122" 10615
"/Engine/EngineMaterials/Substrate/Glints2/dict_0007_0121" 10616
"/Engine/EngineMaterials/Substrate/Glints2/dict_0007_0120" 10617
"/Engine/EngineMaterials/Substrate/Glints2/dict_0007_0119" 10618
"../../../Engine/Content/EngineMaterials/Substrate/Glints2/dict_0007_0156.uasset" 10619
"/Engine/EngineMaterials/Substrate/Glints2/dict_0007_0150" 10620
"../../../Engine/Content/EngineMaterials/Substrate/Glints2/dict_0007_0157.uasset" 10621
"../../../Engine/Content/EngineMaterials/Substrate/Glints2/dict_0007_0158.uasset" 10622
"../../../Engine/Content/EngineMaterials/Substrate/Glints2/dict_0007_0154.uasset" 10623
"../../../Engine/Content/EngineMaterials/Substrate/Glints2/dict_0007_0151.uasset" 10624
"../../../Engine/Content/EngineMaterials/Substrate/Glints2/dict_0007_0153.uasset" 10625
"../../../Engine/Content/EngineMaterials/Substrate/Glints2/dict_0007_0159.uasset" 10626
"../../../Engine/Content/EngineMaterials/Substrate/Glints2/dict_0007_0152.uasset" 10627
"../../../Engine/Content/EngineMaterials/Substrate/Glints2/dict_0007_0160.uasset" 10628
"../../../Engine/Content/EngineMaterials/Substrate/Glints2/dict_0007_0155.uasset" 10629
"../../../Engine/Content/EngineMaterials/Substrate/Glints2/dict_0007_0161.uasset" 10630
"../../../Engine/Content/EngineMaterials/Substrate/Glints2/dict_0007_0162.uasset" 10631
"/Engine/EngineMaterials/Substrate/Glints2/dict_0007_0149" 10632
"/Engine/EngineMaterials/Substrate/Glints2/dict_0007_0148" 10633
"/Engine/EngineMaterials/Substrate/Glints2/dict_0007_0147" 10634
"/Engine/EngineMaterials/Substrate/Glints2/dict_0007_0146" 10635
"/Engine/EngineMaterials/Substrate/Glints2/dict_0007_0145" 10636
"/Engine/EngineMaterials/Substrate/Glints2/dict_0007_0144" 10637
"/Engine/EngineMaterials/Substrate/Glints2/dict_0007_0143" 10638
"/Engine/EngineMaterials/Substrate/Glints2/dict_0007_0142" 10639
"/Engine/EngineMaterials/Substrate/Glints2/dict_0007_0141" 10640
"/Engine/EngineMaterials/Substrate/Glints2/dict_0007_0140" 10641
"/Engine/EngineMaterials/Substrate/Glints2/dict_0007_0139" 10642
"/Engine/EngineMaterials/Substrate/Glints2/dict_0007_0138" 10643
"/Engine/EngineMaterials/Substrate/Glints2/dict_0007_0137" 10644
"/Engine/EngineMaterials/Substrate/Glints2/dict_0007_0136" 10645
"/Engine/EngineMaterials/Substrate/Glints2/dict_0007_0135" 10646
"/Engine/EngineMaterials/Substrate/Glints2/dict_0007_0134" 10647
"/Engine/EngineMaterials/Substrate/Glints2/dict_0007_0133" 10648
"/Engine/EngineMaterials/Substrate/Glints2/dict_0007_0132" 10649
"/Engine/EngineMaterials/Substrate/Glints2/dict_0007_0131" 10650
"../../../Engine/Content/EngineMaterials/Substrate/Glints2/dict_0007_0164.uasset" 10651
"../../../Engine/Content/EngineMaterials/Substrate/Glints2/dict_0007_0168.uasset" 10652
"../../../Engine/Content/EngineMaterials/Substrate/Glints2/dict_0007_0172.uasset" 10653
"../../../Engine/Content/EngineMaterials/Substrate/Glints2/dict_0007_0165.uasset" 10654
"../../../Engine/Content/EngineMaterials/Substrate/Glints2/dict_0007_0166.uasset" 10655
"../../../Engine/Content/EngineMaterials/Substrate/Glints2/dict_0007_0167.uasset" 10656
"../../../Engine/Content/EngineMaterials/Substrate/Glints2/dict_0007_0170.uasset" 10657
"../../../Engine/Content/EngineMaterials/Substrate/Glints2/dict_0007_0169.uasset" 10658
"../../../Engine/Content/EngineMaterials/Substrate/Glints2/dict_0007_0171.uasset" 10659
"../../../Engine/Content/EngineMaterials/Substrate/Glints2/dict_0007_0163.uasset" 10660
"/Engine/EngineMaterials/Substrate/Glints2/dict_0007_0162" 10661
"../../../Engine/Content/EngineMaterials/Substrate/Glints2/dict_0007_0173.uasset" 10662
"../../../Engine/Content/EngineMaterials/Substrate/Glints2/dict_0007_0174.uasset" 10663
"../../../Engine/Content/EngineMaterials/Substrate/Glints2/dict_0007_0175.uasset" 10664
"../../../Engine/Content/EngineMaterials/Substrate/Glints2/dict_0007_0176.uasset" 10665
"../../../Engine/Content/EngineMaterials/Substrate/Glints2/dict_0007_0177.uasset" 10666
"../../../Engine/Content/EngineMaterials/Substrate/Glints2/dict_0007_0178.uasset" 10667
"../../../Engine/Content/EngineMaterials/Substrate/Glints2/dict_0007_0179.uasset" 10668
"../../../Engine/Content/EngineMaterials/Substrate/Glints2/dict_0007_0180.uasset" 10669
"../../../Engine/Content/EngineMaterials/Substrate/Glints2/dict_0007_0181.uasset" 10670
"../../../Engine/Content/EngineMaterials/Substrate/Glints2/dict_0007_0182.uasset" 10671
"/Engine/EngineMaterials/Substrate/Glints2/dict_0007_0161" 10672
"/Engine/EngineMaterials/Substrate/Glints2/dict_0007_0160" 10673
"/Engine/EngineMaterials/Substrate/Glints2/dict_0007_0159" 10674
"/Engine/EngineMaterials/Substrate/Glints2/dict_0007_0158" 10675
"/Engine/EngineMaterials/Substrate/Glints2/dict_0007_0157" 10676
"/Engine/EngineMaterials/Substrate/Glints2/dict_0007_0156" 10677
"/Engine/EngineMaterials/Substrate/Glints2/dict_0007_0155" 10678
"/Engine/EngineMaterials/Substrate/Glints2/dict_0007_0154" 10679
"/Engine/EngineMaterials/Substrate/Glints2/dict_0007_0153" 10680
"/Engine/EngineMaterials/Substrate/Glints2/dict_0007_0152" 10681
"/Engine/EngineMaterials/Substrate/Glints2/dict_0007_0151" 10682
"../../../Engine/Content/EngineMaterials/Substrate/Glints2/dict_0007_0187.uasset" 10683
"../../../Engine/Content/EngineMaterials/Substrate/Glints2/dict_0007_0186.uasset" 10684
"../../../Engine/Content/EngineMaterials/Substrate/Glints2/dict_0007_0188.uasset" 10685
"../../../Engine/Content/EngineMaterials/Substrate/Glints2/dict_0007_0185.uasset" 10686
"../../../Engine/Content/EngineMaterials/Substrate/Glints2/dict_0007_0183.uasset" 10687
"/Engine/EngineMaterials/Substrate/Glints2/dict_0007_0182" 10688
"../../../Engine/Content/EngineMaterials/Substrate/Glints2/dict_0007_0189.uasset" 10689
"../../../Engine/Content/EngineMaterials/Substrate/Glints2/dict_0007_0190.uasset" 10690
"../../../Engine/Content/EngineMaterials/Substrate/Glints2/dict_0007_0184.uasset" 10691
"../../../Engine/Content/EngineMaterials/Substrate/Glints2/dict_0007_0192.uasset" 10692
"../../../Engine/Content/EngineMaterials/Substrate/Glints2/dict_0007_0191.uasset" 10693
"../../../Engine/Content/EngineMaterials/Substrate/Glints2/dict_0007_0193.uasset" 10694
"../../../Engine/Content/EngineMaterials/Substrate/Glints2/dict_0007_0194.uasset" 10695
"/Engine/EngineMaterials/Substrate/Glints2/dict_0007_0181" 10696
"/Engine/EngineMaterials/Substrate/Glints2/dict_0007_0180" 10697
"/Engine/EngineMaterials/Substrate/Glints2/dict_0007_0179" 10698
"/Engine/EngineMaterials/Substrate/Glints2/dict_0007_0178" 10699
"/Engine/EngineMaterials/Substrate/Glints2/dict_0007_0177" 10700
"/Engine/EngineMaterials/Substrate/Glints2/dict_0007_0176" 10701
"/Engine/EngineMaterials/Substrate/Glints2/dict_0007_0175" 10702
"/Engine/EngineMaterials/Substrate/Glints2/dict_0007_0174" 10703
"/Engine/EngineMaterials/Substrate/Glints2/dict_0007_0173" 10704
"/Engine/EngineMaterials/Substrate/Glints2/dict_0007_0172" 10705
"/Engine/EngineMaterials/Substrate/Glints2/dict_0007_0171" 10706
"/Engine/EngineMaterials/Substrate/Glints2/dict_0007_0170" 10707
"/Engine/EngineMaterials/Substrate/Glints2/dict_0007_0169" 10708
"/Engine/EngineMaterials/Substrate/Glints2/dict_0007_0168" 10709
"/Engine/EngineMaterials/Substrate/Glints2/dict_0007_0167" 10710
"/Engine/EngineMaterials/Substrate/Glints2/dict_0007_0166" 10711
"/Engine/EngineMaterials/Substrate/Glints2/dict_0007_0165" 10712
"/Engine/EngineMaterials/Substrate/Glints2/dict_0007_0164" 10713
"/Engine/EngineMaterials/Substrate/Glints2/dict_0007_0163" 10714
"../../../Engine/Content/EngineMaterials/Substrate/Glints2/dict_0007_0197.uasset" 10715
"../../../Engine/Content/EngineMaterials/Substrate/Glints2/dict_0007_0204.uasset" 10716
"../../../Engine/Content/EngineMaterials/Substrate/Glints2/dict_0007_0203.uasset" 10717
"/Engine/EngineMaterials/Substrate/Glints2/dict_0007_0194" 10718
"../../../Engine/Content/EngineMaterials/Substrate/Glints2/dict_0007_0195.uasset" 10719
"../../../Engine/Content/EngineMaterials/Substrate/Glints2/dict_0007_0198.uasset" 10720
"../../../Engine/Content/EngineMaterials/Substrate/Glints2/dict_0007_0200.uasset" 10721
"../../../Engine/Content/EngineMaterials/Substrate/Glints2/dict_0007_0202.uasset" 10722
"../../../Engine/Content/EngineMaterials/Substrate/Glints2/dict_0007_0199.uasset" 10723
"../../../Engine/Content/EngineMaterials/Substrate/Glints2/dict_0007_0201.uasset" 10724
"../../../Engine/Content/EngineMaterials/Substrate/Glints2/dict_0007_0196.uasset" 10725
"../../../Engine/Content/EngineMaterials/Substrate/Glints2/dict_0007_0205.uasset" 10726
"../../../Engine/Content/EngineMaterials/Substrate/Glints2/dict_0007_0206.uasset" 10727
"../../../Engine/Content/EngineMaterials/Substrate/Glints2/dict_0007_0207.uasset" 10728
"../../../Engine/Content/EngineMaterials/Substrate/Glints2/dict_0007_0208.uasset" 10729
"../../../Engine/Content/EngineMaterials/Substrate/Glints2/dict_0007_0209.uasset" 10730
"../../../Engine/Content/EngineMaterials/Substrate/Glints2/dict_0007_0210.uasset" 10731
"/Engine/EngineMaterials/Substrate/Glints2/dict_0007_0193" 10732
"../../../Engine/Content/EngineMaterials/Substrate/Glints2/dict_0007_0212.uasset" 10733
"../../../Engine/Content/EngineMaterials/Substrate/Glints2/dict_0007_0211.uasset" 10734
"../../../Engine/Content/EngineMaterials/Substrate/Glints2/dict_0007_0213.uasset" 10735
"../../../Engine/Content/EngineMaterials/Substrate/Glints2/dict_0007_0214.uasset" 10736
"/Engine/EngineMaterials/Substrate/Glints2/dict_0007_0192" 10737
"/Engine/EngineMaterials/Substrate/Glints2/dict_0007_0191" 10738
"/Engine/EngineMaterials/Substrate/Glints2/dict_0007_0190" 10739
"/Engine/EngineMaterials/Substrate/Glints2/dict_0007_0189" 10740
"/Engine/EngineMaterials/Substrate/Glints2/dict_0007_0188" 10741
"/Engine/EngineMaterials/Substrate/Glints2/dict_0007_0187" 10742
"/Engine/EngineMaterials/Substrate/Glints2/dict_0007_0186" 10743
"/Engine/EngineMaterials/Substrate/Glints2/dict_0007_0185" 10744
"/Engine/EngineMaterials/Substrate/Glints2/dict_0007_0184" 10745
"/Engine/EngineMaterials/Substrate/Glints2/dict_0007_0183" 10746
"../../../Engine/Content/EngineMaterials/Substrate/Glints2/dict_0007_0222.uasset" 10747
"../../../Engine/Content/EngineMaterials/Substrate/Glints2/dict_0007_0215.uasset" 10748
"../../../Engine/Content/EngineMaterials/Substrate/Glints2/dict_0007_0216.uasset" 10749
"../../../Engine/Content/EngineMaterials/Substrate/Glints2/dict_0007_0218.uasset" 10750
"../../../Engine/Content/EngineMaterials/Substrate/Glints2/dict_0007_0224.uasset" 10751
"../../../Engine/Content/EngineMaterials/Substrate/Glints2/dict_0007_0217.uasset" 10752
"../../../Engine/Content/EngineMaterials/Substrate/Glints2/dict_0007_0220.uasset" 10753
"/Engine/EngineMaterials/Substrate/Glints2/dict_0007_0214" 10754
"../../../Engine/Content/EngineMaterials/Substrate/Glints2/dict_0007_0219.uasset" 10755
"../../../Engine/Content/EngineMaterials/Substrate/Glints2/dict_0007_0223.uasset" 10756
"../../../Engine/Content/EngineMaterials/Substrate/Glints2/dict_0007_0221.uasset" 10757
"../../../Engine/Content/EngineMaterials/Substrate/Glints2/dict_0007_0225.uasset" 10758
"../../../Engine/Content/EngineMaterials/Substrate/Glints2/dict_0007_0226.uasset" 10759
"/Engine/EngineMaterials/Substrate/Glints2/dict_0007_0213" 10760
"/Engine/EngineMaterials/Substrate/Glints2/dict_0007_0212" 10761
"/Engine/EngineMaterials/Substrate/Glints2/dict_0007_0211" 10762
"/Engine/EngineMaterials/Substrate/Glints2/dict_0007_0210" 10763
"/Engine/EngineMaterials/Substrate/Glints2/dict_0007_0209" 10764
"/Engine/EngineMaterials/Substrate/Glints2/dict_0007_0208" 10765
"/Engine/EngineMaterials/Substrate/Glints2/dict_0007_0207" 10766
"/Engine/EngineMaterials/Substrate/Glints2/dict_0007_0206" 10767
"/Engine/EngineMaterials/Substrate/Glints2/dict_0007_0205" 10768
"/Engine/EngineMaterials/Substrate/Glints2/dict_0007_0204" 10769
"/Engine/EngineMaterials/Substrate/Glints2/dict_0007_0203" 10770
"/Engine/EngineMaterials/Substrate/Glints2/dict_0007_0202" 10771
"/Engine/EngineMaterials/Substrate/Glints2/dict_0007_0201" 10772
"/Engine/EngineMaterials/Substrate/Glints2/dict_0007_0200" 10773
"/Engine/EngineMaterials/Substrate/Glints2/dict_0007_0199" 10774
"/Engine/EngineMaterials/Substrate/Glints2/dict_0007_0198" 10775
"/Engine/EngineMaterials/Substrate/Glints2/dict_0007_0197" 10776
"/Engine/EngineMaterials/Substrate/Glints2/dict_0007_0196" 10777
"/Engine/EngineMaterials/Substrate/Glints2/dict_0007_0195" 10778
"../../../Engine/Content/EngineMaterials/Substrate/Glints2/dict_0007_0229.uasset" 10779
"../../../Engine/Content/EngineMaterials/Substrate/Glints2/dict_0007_0232.uasset" 10780
"../../../Engine/Content/EngineMaterials/Substrate/Glints2/dict_0007_0233.uasset" 10781
"/Engine/EngineMaterials/Substrate/Glints2/dict_0007_0226" 10782
"../../../Engine/Content/EngineMaterials/Substrate/Glints2/dict_0007_0235.uasset" 10783
"../../../Engine/Content/EngineMaterials/Substrate/Glints2/dict_0007_0234.uasset" 10784
"../../../Engine/Content/EngineMaterials/Substrate/Glints2/dict_0007_0231.uasset" 10785
"../../../Engine/Content/EngineMaterials/Substrate/Glints2/dict_0007_0227.uasset" 10786
"../../../Engine/Content/EngineMaterials/Substrate/Glints2/dict_0007_0230.uasset" 10787
"../../../Engine/Content/EngineMaterials/Substrate/Glints2/dict_0007_0236.uasset" 10788
"../../../Engine/Content/EngineMaterials/Substrate/Glints2/dict_0007_0228.uasset" 10789
"../../../Engine/Content/EngineMaterials/Substrate/Glints2/dict_0007_0237.uasset" 10790
"../../../Engine/Content/EngineMaterials/Substrate/Glints2/dict_0007_0238.uasset" 10791
"../../../Engine/Content/EngineMaterials/Substrate/Glints2/dict_0007_0239.uasset" 10792
"../../../Engine/Content/EngineMaterials/Substrate/Glints2/dict_0007_0245.uasset" 10793
"../../../Engine/Content/EngineMaterials/Substrate/Glints2/dict_0007_0244.uasset" 10794
"../../../Engine/Content/EngineMaterials/Substrate/Glints2/dict_0007_0246.uasset" 10795
"/Engine/EngineMaterials/Substrate/Glints2/dict_0007_0225" 10796
"../../../Engine/Content/EngineMaterials/Substrate/Glints2/dict_0007_0240.uasset" 10797
"../../../Engine/Content/EngineMaterials/Substrate/Glints2/dict_0007_0243.uasset" 10798
"../../../Engine/Content/EngineMaterials/Substrate/Glints2/dict_0007_0242.uasset" 10799
"../../../Engine/Content/EngineMaterials/Substrate/Glints2/dict_0007_0241.uasset" 10800
"/Engine/EngineMaterials/Substrate/Glints2/dict_0007_0224" 10801
"/Engine/EngineMaterials/Substrate/Glints2/dict_0007_0223" 10802
"/Engine/EngineMaterials/Substrate/Glints2/dict_0007_0222" 10803
"/Engine/EngineMaterials/Substrate/Glints2/dict_0007_0221" 10804
"/Engine/EngineMaterials/Substrate/Glints2/dict_0007_0220" 10805
"/Engine/EngineMaterials/Substrate/Glints2/dict_0007_0219" 10806
"/Engine/EngineMaterials/Substrate/Glints2/dict_0007_0218" 10807
"/Engine/EngineMaterials/Substrate/Glints2/dict_0007_0217" 10808
"/Engine/EngineMaterials/Substrate/Glints2/dict_0007_0216" 10809
"/Engine/EngineMaterials/Substrate/Glints2/dict_0007_0215" 10810
"../../../Engine/Content/EngineMaterials/Substrate/Glints2/dict_0007_0254.uasset" 10811
"../../../Engine/Content/EngineMaterials/Substrate/Glints2/dict_0007_0249.uasset" 10812
"../../../Engine/Content/EngineMaterials/Substrate/Glints2/dict_0007_0247.uasset" 10813
"../../../Engine/Content/EngineMaterials/Substrate/Glints2/dict_0007_0251.uasset" 10814
"../../../Engine/Content/EngineMaterials/Substrate/Glints2/dict_0007_0255.uasset" 10815
"../../../Engine/Content/EngineMaterials/Substrate/Glints2/dict_0007_0248.uasset" 10816
"../../../Engine/Content/EngineMaterials/Substrate/Glints2/dict_0007_0253.uasset" 10817
"../../../Engine/Content/EngineMaterials/Substrate/Glints2/dict_0007_0252.uasset" 10818
"../../../Engine/Content/EngineMaterials/Substrate/Glints2/dict_0007_0250.uasset" 10819
"../../../Engine/Content/EngineMaterials/Substrate/Glints2/AGlintTex2dArray2.uasset" 10820
"/Engine/EngineMaterials/Substrate/Glints2/dict_0007_0246" 10821
"../../../Engine/Content/EngineMaterials/Substrate/Volume/SubstrateSimpleVolumeLUT2D.uasset" 10822
"../../../Engine/Content/EngineMaterials/Substrate/Volume/SubstrateSimpleVolumeLUT3D.uasset" 10823
"/Engine/EngineMaterials/Substrate/Glints2/dict_0007_0245" 10824
"/Engine/EngineMaterials/Substrate/Glints2/dict_0007_0244" 10825
"/Engine/EngineMaterials/Substrate/Glints2/dict_0007_0243" 10826
"/Engine/EngineMaterials/Substrate/Glints2/dict_0007_0242" 10827
"/Engine/EngineMaterials/Substrate/Glints2/dict_0007_0241" 10828
"/Engine/EngineMaterials/Substrate/Glints2/dict_0007_0240" 10829
"/Engine/EngineMaterials/Substrate/Glints2/dict_0007_0239" 10830
"/Engine/EngineMaterials/Substrate/Glints2/dict_0007_0238" 10831
"/Engine/EngineMaterials/Substrate/Glints2/dict_0007_0237" 10832
"/Engine/EngineMaterials/Substrate/Glints2/dict_0007_0236" 10833
"/Engine/EngineMaterials/Substrate/Glints2/dict_0007_0235" 10834
"/Engine/EngineMaterials/Substrate/Glints2/dict_0007_0234" 10835
"/Engine/EngineMaterials/Substrate/Glints2/dict_0007_0233" 10836
"/Engine/EngineMaterials/Substrate/Glints2/dict_0007_0232" 10837
"/Engine/EngineMaterials/Substrate/Glints2/dict_0007_0231" 10838
"/Engine/EngineMaterials/Substrate/Glints2/dict_0007_0230" 10839
"/Engine/EngineMaterials/Substrate/Glints2/dict_0007_0229" 10840
"/Engine/EngineMaterials/Substrate/Glints2/dict_0007_0228" 10841
"/Engine/EngineMaterials/Substrate/Glints2/dict_0007_0227" 10842
"../../../Engine/Content/EngineMaterials/PPM_DefaultCalibrationColor.uasset" 10843
"../../../Engine/Content/EngineMaterials/DefaultCalibrationColor.uasset" 10844
"../../../Engine/Content/EngineMaterials/DefaultCalibrationGrayscale.uasset" 10845
"../../../Engine/Content/EngineMaterials/PPM_DefaultCalibrationGrayscale.uasset" 10846
"../../../Engine/Content/EngineMaterials/Substrate/Volume/SubstrateSimpleVolumeEnvLUT2D.uasset" 10847
"../../../Engine/Content/EngineMaterials/Substrate/Volume/SubstrateSimpleVolumeEnvLUT3D.uasset" 10848
"/Engine/EngineMaterials/Substrate/Volume/SubstrateSimpleVolumeLUT3D" 10849
"../../../Engine/Content/Functions/MaterialLayerFunctions/MatLayerBlend_OverrideOpacity.uasset" 10850
"../../../Engine/Plugins/Interchange/Assets/Content/Functions/MX_Surface.uasset" 10851
"../../../Engine/Content/Functions/Engine_MaterialFunctions03/Procedurals/HeightToNormalSmooth.uasset" 10852
"../../../Engine/Plugins/Interchange/Assets/Content/Functions/MX_Displacement.uasset" 10853
"../../../Engine/Content/Functions/Engine_MaterialFunctions02/Utility/BlendAngleCorrectedNormals.uasset" 10854
"../../../Engine/Plugins/NNE/NNEDenoiser/Content/NNEDIM_ColorAlbedoNormal_Alpha.uasset" 10855
"../../../Engine/Plugins/NNE/NNEDenoiser/Content/NNEDIM_ColorAlbedoNormal_Default.uasset" 10856
"../../../Engine/Plugins/NNE/NNEDenoiser/Content/NNEDIM_HighQuality_Alpha.uasset" 10857
"../../../Engine/Plugins/NNE/NNEDenoiser/Content/NNEDIM_HighQuality_Default.uasset" 10858
"../../../Engine/Plugins/NNE/NNEDenoiser/Content/NNEDOM_Output_Alpha.uasset" 10859
"../../../Engine/Plugins/NNE/NNEDenoiser/Content/NNEDOM_Output_Default.uasset" 10860
"../../../Engine/Plugins/NNE/NNEDenoiser/Content/NNEDTIM_ColorAlbedoNormal_Alpha.uasset" 10861
"/Engine/EngineMaterials/Substrate/Glints2/AGlintTex2dArray2" 10862
"../../../Engine/Plugins/NNE/NNEDenoiser/Content/NNEDT_Oidn2-3_Balanced.uasset" 10863
"../../../Engine/Plugins/NNE/NNEDenoiser/Content/NNED_Oidn2-3_Fast.uasset" 10864
"../../../Engine/Plugins/NNE/NNEDenoiser/Content/NNEDTOM_Output_Default.uasset" 10865
"../../../Engine/Plugins/NNE/NNEDenoiser/Content/NNEDT_Oidn2-3_Balanced_Alpha.uasset" 10866
"../../../Engine/Plugins/NNE/NNEDenoiser/Content/NNED_Oidn2-3_Fast_Alpha.uasset" 10867
"../../../Engine/Plugins/NNE/NNEDenoiser/Content/NNEDTOM_Output_Alpha.uasset" 10868
"../../../Engine/Plugins/NNE/NNEDenoiser/Content/NNED_Oidn2-3_Balanced.uasset" 10869
"../../../Engine/Plugins/NNE/NNEDenoiser/Content/NNEDTIM_ColorAlbedoNormal_Default.uasset" 10870
"../../../Engine/Plugins/NNE/NNEDenoiser/Content/NNED_Oidn2-3_HighQuality.uasset" 10871
"../../../Engine/Plugins/NNE/NNEDenoiser/Content/NNED_Oidn2-3_Balanced_Alpha.uasset" 10872
"/NNEDenoiser/NNEDTIM_ColorAlbedoNormal_Alpha" 10873
"../../../Engine/Plugins/NNE/NNEDenoiser/Content/NNED_Oidn2-3_HighQuality_Alpha.uasset" 10874
"../../../Engine/Plugins/NNE/NNEDenoiser/Content/NNE_oidn2-3-0_rt_hdr_alb_nrm_small__dyn__fp16_opset11_DenoiseAlpha.uasset" 10875
"/NNEDenoiser/NNEDOM_Output_Default" 10876
"/NNEDenoiser/NNEDOM_Output_Alpha" 10877
"/NNEDenoiser/NNEDIM_HighQuality_Default" 10878
"/NNEDenoiser/NNEDIM_HighQuality_Alpha" 10879
"/NNEDenoiser/NNEDIM_ColorAlbedoNormal_Default" 10880
"/NNEDenoiser/NNEDIM_ColorAlbedoNormal_Alpha" 10881
"/InterchangeAssets/Functions/MX_Displacement" 10882
"/InterchangeAssets/Functions/MX_Surface" 10883
"/Engine/EngineMaterials/PPM_DefaultCalibrationGrayscale" 10884
"/Engine/EngineMaterials/PPM_DefaultCalibrationColor" 10885
"/Engine/EngineMaterials/Substrate/Volume/SubstrateSimpleVolumeEnvLUT3D" 10886
"/NNEDenoiser/NNE_oidn2-3-0_rt_hdr_alb_nrm_small__dyn__fp16_opset11_DenoiseAlpha" 10887
"../../../Engine/Plugins/NNE/NNEDenoiser/Content/NNE_oidn2-3-0_rt_hdr_alb_nrm__dyn__fp16_opset11_DenoiseAlpha.uasset" 10888
"../../../Engine/Plugins/NNE/NNEDenoiser/Content/NNE_oidn2-3-0_rt_hdr_alb_nrm_small__dyn__fp16_opset11_ForwardAlpha.uasset" 10889
"../../../Engine/Plugins/NNE/NNEDenoiser/Content/NNE_oidn2-3-0_rt_hdr_alb_nrm__dyn__fp16_opset11_ForwardAlpha.uasset" 10890
"../../../Engine/Plugins/NNE/NNEDenoiser/Content/NNE_oidn2-3-0_rt_hdr_calb_cnrm_large__dyn__fp16_opset11_DenoiseAlpha.uasset" 10891
"../../../Engine/Plugins/NNE/NNEDenoiser/Content/NNE_oidn2-3-0_rt_hdr_calb_cnrm_large__dyn__fp16_opset11_ForwardAlpha.uasset" 10892
"/NNEDenoiser/NNED_Oidn2-3_HighQuality_Alpha" 10893
"/NNEDenoiser/NNED_Oidn2-3_HighQuality" 10894
"/NNEDenoiser/NNED_Oidn2-3_Fast_Alpha" 10895
"/NNEDenoiser/NNED_Oidn2-3_Fast" 10896
"/NNEDenoiser/NNED_Oidn2-3_Balanced_Alpha" 10897
"/NNEDenoiser/NNED_Oidn2-3_Balanced" 10898
"/NNEDenoiser/NNEDT_Oidn2-3_Balanced_Alpha" 10899
"/NNEDenoiser/NNEDT_Oidn2-3_Balanced" 10900
"C:/Documents/Unreal Projects/HackAndSlash/goyslop/Intermediate/ORTOptimizerPass_Optimized3835950D45A466793A32F58EC590A2B2.onnx" 10901
"C:/Documents/Unreal Projects/HackAndSlash/goyslop/Intermediate/ORTOptimizerPass_Optimized3B936C6E4C67B5DC198B7A925EBA8538.onnx" 10902
"/NNEDenoiser/NNEDTOM_Output_Default" 10903
"/NNEDenoiser/NNEDTOM_Output_Alpha" 10904
"/NNEDenoiser/NNEDTIM_ColorAlbedoNormal_Default" 10905
"/NNEDenoiser/NNE_oidn2-3-0_rt_hdr_calb_cnrm_large__dyn__fp16_opset11_ForwardAlpha" 10906
"/NNEDenoiser/NNE_oidn2-3-0_rt_hdr_calb_cnrm_large__dyn__fp16_opset11_DenoiseAlpha" 10907
"/NNEDenoiser/NNE_oidn2-3-0_rt_hdr_alb_nrm__dyn__fp16_opset11_ForwardAlpha" 10908
"/NNEDenoiser/NNE_oidn2-3-0_rt_hdr_alb_nrm__dyn__fp16_opset11_DenoiseAlpha" 10909
"/NNEDenoiser/NNE_oidn2-3-0_rt_hdr_alb_nrm_small__dyn__fp16_opset11_ForwardAlpha" 10910
"C:/Documents/Unreal Projects/HackAndSlash/goyslop/Intermediate/ORTOptimizerPass_Optimized38D30D9C417D2B4059F82E87213DA8AD.onnx" 10911
"C:/Documents/Unreal Projects/HackAndSlash/goyslop/Intermediate/ORTOptimizerPass_Optimized6C33E154435C1E1E005F588BDA826EFC.onnx" 10912
"C:/Documents/Unreal Projects/HackAndSlash/goyslop/Intermediate/ORTOptimizerPass_Optimized1BCAFC034F24CEC04B0476BD66B4822E.onnx" 10913
"C:/Documents/Unreal Projects/HackAndSlash/goyslop/Intermediate/ORTOptimizerPass_Optimized1528CDC040A8362B4D39578B65A603AC.onnx" 10914
"C:/Documents/Unreal Projects/HackAndSlash/goyslop/Intermediate/ORTOptimizerPass_OptimizedEF41AA604B416440C8A56C8D5D232ED7.onnx" 10915
"C:/Documents/Unreal Projects/HackAndSlash/goyslop/Intermediate/ORTOptimizerPass_Optimized18546B8648352265265C949B18106943.onnx" 10916
"C:/Documents/Unreal Projects/HackAndSlash/goyslop/Intermediate/ORTOptimizerPass_OptimizedC8B4A4C649D193C56AD362BFD640E753.onnx" 10917
"C:/Documents/Unreal Projects/HackAndSlash/goyslop/Intermediate/ORTOptimizerPass_OptimizedFDEE72924C04325EF3D44696F1D6F7D2.onnx" 10918
"C:/Documents/Unreal Projects/HackAndSlash/goyslop/Intermediate/ORTOptimizerPass_Optimized98617DD04C4ECEF8A9CF40AF2162A380.onnx" 10919
"C:/Documents/Unreal Projects/HackAndSlash/goyslop/Intermediate/ORTOptimizerPass_Optimized818A52DF48EB184E998A3DB64E26F321.onnx" 10920
"../../../Engine/Plugins/FX/Niagara/Content/ParameterDefinitions/LightRenderer.uasset" 10921
"../../../Engine/Plugins/FX/Niagara/Content/ParameterDefinitions/DecalRenderer.uasset" 10922
"../../../Engine/Content/EngineMaterials/DefaultBloomKernel.uasset" 10923
"../../../Engine/Content/EditorResources/BSPVertex.uasset" 10924
"../../../Engine/Content/EngineResources/FilmGrains/Marcie_Grain_v3_128_M2_000.uasset" 10925
"../../../Engine/Content/EngineResources/Development/ZenLogo_64.uasset" 10926
"../../../Engine/Content/EngineDebugMaterials/DebugEditorMaterial.uasset" 10927
"../../../Engine/Content/EngineMaterials/FastBlueNoise_scalar_128x128x64.uasset" 10928
"../../../Engine/Content/EngineMaterials/FastBlueNoise_scalar_128x128x8.uasset" 10929
"../../../Engine/Content/EngineMaterials/FastBlueNoise_vec2_128x128x64.uasset" 10930
"../../../Engine/Content/EngineMaterials/LTC/Sheen_LTC.uasset" 10931
"../../../Engine/Content/EngineMaterials/EnergyConservation/Sheen_Energy.uasset" 10932
"../../../Engine/Content/EngineMaterials/EnergyConservation/Diffuse_Energy.uasset" 10933
"/Engine/EngineMaterials/FastBlueNoise_vec2_128x128x64" 10934
"../../../Engine/Content/EngineSounds/Master.uasset" 10935
"../../../Engine/Plugins/Interchange/Runtime/Content/Pipelines/DefaultAssetsPipeline.uasset" 10936
"../../../Engine/Plugins/Interchange/Runtime/Content/Pipelines/DefaultMaterialXPipeline.uasset" 10937
"/Engine/EngineMaterials/FastBlueNoise_scalar_128x128x8" 10938
"../../../Engine/Plugins/Interchange/Runtime/Content/Pipelines/DefaultGLTFAssetsPipeline.uasset" 10939
"../../../Engine/Plugins/Interchange/Runtime/Content/Pipelines/DefaultGLTFPipeline.uasset" 10940
"/Engine/EngineMaterials/FastBlueNoise_scalar_128x128x64" 10941
"../../../Engine/Plugins/Interchange/Runtime/Content/Pipelines/DefaultMaterialPipeline.uasset" 10942
"../../../Engine/Plugins/Interchange/Runtime/Content/Pipelines/DefaultTexturePipeline.uasset" 10943
"../../../Engine/Plugins/Interchange/Runtime/Content/Pipelines/DefaultSceneAssetsPipeline.uasset" 10944
"../../../Engine/Plugins/Interchange/Runtime/Content/Pipelines/DefaultSceneLevelPipeline.uasset" 10945
"../../../Engine/Plugins/Interchange/Runtime/Content/Pipelines/DefaultGLTFSceneAssetsPipeline.uasset" 10946
"/Engine/EngineDebugMaterials/DebugEditorMaterial" 10947
"../../../Engine/Plugins/Interchange/Assets/Content/Functions/MX_UsdPreviewSurface.uasset" 10948
"../../../Engine/Plugins/Interchange/Assets/Content/Functions/MX_SurfaceUnlit.uasset" 10949
"../../../Engine/Plugins/Interchange/Assets/Content/Functions/MX_OrenNayarBSDF.uasset" 10950
"../../../Engine/Plugins/Interchange/Assets/Content/Functions/MX_BurleyDiffuseBSDF.uasset" 10951
"../../../Engine/Plugins/Interchange/Assets/Content/Functions/MX_TranslucentBSDF.uasset" 10952
"../../../Engine/Plugins/Interchange/Assets/Content/Functions/MX_DielectricBSDF.uasset" 10953
"../../../Engine/Plugins/Interchange/Assets/Content/Functions/MX_ConductorBSDF.uasset" 10954
"/Engine/EngineResources/FilmGrains/Marcie_Grain_v3_128_M2_000" 10955
"/Engine/EngineResources/Development/ZenLogo_64" 10956
"/Engine/EngineMaterials/DefaultBloomKernel" 10957
"/Engine/EditorResources/BSPVertex" 10958
"/Interchange/Pipelines/DefaultGLTFAssetsPipeline" 10959
"/Interchange/Pipelines/DefaultMaterialXPipeline" 10960
"/Interchange/Pipelines/DefaultAssetsPipeline" 10961
"/Engine/EngineSounds/Master" 10962
"/Engine/EngineMaterials/EnergyConservation/Diffuse_Energy" 10963
"/Engine/EngineMaterials/EnergyConservation/Sheen_Energy" 10964
"/Engine/EngineMaterials/LTC/Sheen_LTC" 10965
"/InterchangeAssets/Functions/MX_ConductorBSDF" 10966
"/InterchangeAssets/Functions/MX_DielectricBSDF" 10967
"/InterchangeAssets/Functions/MX_TranslucentBSDF" 10968
"/InterchangeAssets/Functions/MX_BurleyDiffuseBSDF" 10969
"/InterchangeAssets/Functions/MX_OrenNayarBSDF" 10970
"/InterchangeAssets/Functions/MX_UsdPreviewSurface" 10971
"/InterchangeAssets/Functions/MX_SurfaceUnlit" 10972
"/Interchange/Pipelines/DefaultGLTFSceneAssetsPipeline" 10973
"/Interchange/Pipelines/DefaultSceneLevelPipeline" 10974
"/Interchange/Pipelines/DefaultSceneAssetsPipeline" 10975
"/Interchange/Pipelines/DefaultTexturePipeline" 10976
"/Interchange/Pipelines/DefaultMaterialPipeline" 10977
"/Interchange/Pipelines/DefaultGLTFPipeline" 10978
"../../../Engine/Plugins/Interchange/Assets/Content/Functions/MX_GeneralizedSchlickBSDF.uasset" 10979
"../../../Engine/Plugins/Interchange/Assets/Content/Functions/MX_SubsurfaceBSDF.uasset" 10980
"../../../Engine/Plugins/Interchange/Assets/Content/Functions/MX_SheenBSDF.uasset" 10981
"../../../Engine/Plugins/Interchange/Assets/Content/Functions/MX_ThinFilmBSDF.uasset" 10982
"../../../Engine/Plugins/Interchange/Assets/Content/Functions/MX_UniformEDF.uasset" 10983
"../../../Engine/Plugins/Interchange/Assets/Content/Functions/MX_ConicalEDF.uasset" 10984
"../../../Engine/Plugins/Interchange/Assets/Content/Functions/MX_AbsorptionVDF.uasset" 10985
"../../../Engine/Plugins/Interchange/Assets/Content/Functions/MX_MeasuredEDF.uasset" 10986
"../../../Engine/Plugins/Interchange/Assets/Content/Functions/MX_AnisotropicVDF.uasset" 10987
"../../../Engine/Plugins/Animation/ControlRig/Content/Controls/ControlRigGizmoMaterial.uasset" 10988
"/ControlRig/Controls/ControlRigGizmoMaterial" 10989
"/InterchangeAssets/Functions/MX_AnisotropicVDF" 10990
"/InterchangeAssets/Functions/MX_AbsorptionVDF" 10991
"/InterchangeAssets/Functions/MX_MeasuredEDF" 10992
"/InterchangeAssets/Functions/MX_ConicalEDF" 10993
"/InterchangeAssets/Functions/MX_UniformEDF" 10994
"/InterchangeAssets/Functions/MX_ThinFilmBSDF" 10995
"/InterchangeAssets/Functions/MX_SheenBSDF" 10996
"/InterchangeAssets/Functions/MX_SubsurfaceBSDF" 10997
"/InterchangeAssets/Functions/MX_GeneralizedSchlickBSDF" 10998
"C:/Documents/Unreal Projects/HackAndSlash/goyslop/DerivedDataCache/VT/TEXTURE_7C16439390E24F1F9468894FB4D4BC55_VTCHUNK44B429B40BB45A070EB17C1259C28734996A2F49" 10999
"C:/Documents/Unreal Projects/HackAndSlash/goyslop/DerivedDataCache/VT/TEXTURE_7C16439390E24F1F9468894FB4D4BC55_VTCHUNK2A5F9F60441DA258D18B46D59C64D5BAD50E8EE3" 11000
"C:/Documents/Unreal Projects/HackAndSlash/goyslop/DerivedDataCache/VT/TEXTURE_7C16439390E24F1F9468894FB4D4BC55_VTCHUNK02D4C3BCAD7DFA48AB32B8281FB06B8B83DB6275" 11001
"C:/Documents/Unreal Projects/HackAndSlash/goyslop/DerivedDataCache/VT/TEXTURE_7C16439390E24F1F9468894FB4D4BC55_VTCHUNKC0393DE8C5B4673D99D1BECB92AA8C1F72FEB491" 11002
"C:/Documents/Unreal Projects/HackAndSlash/goyslop/DerivedDataCache/VT/TEXTURE_7C16439390E24F1F9468894FB4D4BC55_VTCHUNK967C747FFC357A828288FA05D93CD5DCECDA891B" 11003
"C:/Documents/Unreal Projects/HackAndSlash/goyslop/Saved/Cooked/Windows/HackAndSlash/Metadata/CookedSettings.txt" 11004
